Compound_CID,smiles,Activity_Value,_source_file,Label,InChIKey,MW,LogP,TPSA,HBD,HBA,RotBonds,Rings,ArRings
CHEMBL4203538,COc1ccc(CC(=O)Nc2ccc(CN(C)Cc3ccccc3)cc2)cc1OC,1.05,chembal.csv,0,SIOOQAQHGMCZBA-UHFFFAOYSA-N,404.51,4.517,50.8,1,4,9,3,3
CHEMBL4203653,CCN(Cc1ccccc1)Cc1ccc(NC(=O)Cc2ccc(OC)c(OC)c2)cc1,1.21,chembal.csv,0,HVTXLPYMZKCXHD-UHFFFAOYSA-N,418.537,4.907,50.8,1,4,10,3,3
CHEMBL4217212,COc1ccc(CC(=O)Nc2ccc(CN(C)Cc3ccccc3)cc2)cc1O,1.29,chembal.csv,0,HKPNHUAZURUPMZ-UHFFFAOYSA-N,390.483,4.214,61.8,2,4,8,3,3
CHEMBL4214755,CCN(Cc1ccccc1)Cc1ccc(NC(=O)Cc2ccc(OC)c(O)c2)cc1,1.46,chembal.csv,0,FBMQROMIUKCEIV-UHFFFAOYSA-N,404.51,4.604,61.8,2,4,9,3,3
CHEMBL4207876,CCN(Cc1ccccc1)Cc1ccc(NC(=O)Cc2ccc(O)cc2)cc1,2.03,chembal.csv,0,CMCUYOUITXXJIA-UHFFFAOYSA-N,374.484,4.596,52.57,2,3,8,3,3
CHEMBL4212229,CCN(Cc1ccccc1)Cc1ccc(NC(=O)Cc2ccc(O)c(O)c2)cc1,2.4,chembal.csv,0,NXGXSRJQERFLRS-UHFFFAOYSA-N,390.483,4.301,72.8,3,4,8,3,3
CHEMBL599057,CCN(CC)CCCCCOc1ccc2c(c1)C(=O)/C(=C/c1ccc(CN(C)Cc3ccccc3)cc1)C2,2.7,chembal.csv,0,BHEFQVICVNMJDR-DFKUXCBWSA-N,510.722,7.032,32.78,0,4,14,4,3
CHEMBL598645,CCN(CC)CCCCOc1ccc2c(c1)C(=O)/C(=C/c1ccc(CN(C)Cc3ccccc3)cc1)C2,3.52,chembal.csv,0,RZMDKGRCDDUXCM-MWAVMZGNSA-N,496.695,6.642,32.78,0,4,13,4,3
CHEMBL4075667,C#CCN(CCCN1C(=O)c2ccccc2C1=O)Cc1ccccc1,3.8,chembal.csv,0,SCUZHSPGCIXUKX-UHFFFAOYSA-N,332.403,2.808,40.62,0,3,7,3,2
CHEMBL4280935,CCN(CC)CCCCCCOc1ccc(/C=C2\COc3ccccc3C2=O)cc1,4.25,chembal.csv,0,GGWONWDLXWAMAR-ZBJSNUHESA-N,407.554,5.626,38.77,0,4,11,3,2
CHEMBL4208392,CN(Cc1ccccc1)Cc1ccc(NC(=O)Cc2ccc(O)cc2)cc1,4.32,chembal.csv,0,XWYLEVNGSMGPPA-UHFFFAOYSA-N,360.457,4.205,52.57,2,3,7,3,3
CHEMBL4281894,CN(C)CCOc1cccc(/C=C2\COc3ccccc3C2=O)c1,4.44,chembal.csv,0,NZTDLGONIXHANG-FOWTUZBSSA-N,323.392,3.286,38.77,0,4,5,3,2
CHEMBL4218997,CN(Cc1ccccc1)Cc1ccc(NC(=O)Cc2ccccc2)cc1,4.95,chembal.csv,0,JSRJKSWBGDRGCG-UHFFFAOYSA-N,344.458,4.5,32.34,1,2,7,3,3
CHEMBL599644,CN(Cc1ccccc1)Cc1ccc(/C=C2\CCc3cc(OCCCCCN4CCCCC4)ccc3C2=O)cc1,5.01,chembal.csv,0,YEUHJVFRRWHHMS-INKHBPHZSA-N,536.76,7.566,32.78,0,4,12,5,3
CHEMBL3978533,COc1ccc(/C=C/C(=O)Nc2ccc(CN(C)Cc3ccccc3)cc2)cc1,6.4,chembal.csv,0,DBXKIEJEFALTHY-SFQUDFHCSA-N,386.495,4.979,41.57,1,3,8,3,3
CHEMBL5195029,CN(Cc1ccccc1)Cc1ccc(CCCCCCCCO)cc1O,6.74,chembal.csv,0,ICRCEAHDEAHTSC-UHFFFAOYSA-N,355.522,4.9,43.7,2,3,12,2,2
CHEMBL603256,CN(Cc1ccccc1)Cc1ccc(/C=C2\Cc3ccc(OCCCCCN4CCCCC4)cc3C2=O)cc1,7.7,chembal.csv,0,MUBGEWUJBWWEGW-AWSUPERCSA-N,522.733,7.176,32.78,0,4,12,5,3
CHEMBL610779,COc1ccc2c(c1)C(=O)/C(=C/c1ccc(CN(C)Cc3ccccc3)cc1)C2,7.93,chembal.csv,0,HKUGGLLNRGRLLR-OEAKJJBVSA-N,383.491,5.15,29.54,0,3,6,4,3
CHEMBL597188,CCN(CC)CCCCCOc1ccc2c(c1)CC/C(=C\c1ccc(CN(C)Cc3ccccc3)cc1)C2=O,8.05,chembal.csv,0,AQOBTKMEQOANSS-FEZSWGLMSA-N,524.749,7.422,32.78,0,4,14,4,3
CHEMBL3586608,CN(Cc1ccccc1)Cc1ccc(COc2ccc3c(CO)cc(=O)oc3c2)cc1,9.3,chembal.csv,0,RTJRBYKZQSYWCM-UHFFFAOYSA-N,415.489,4.496,62.91,1,5,8,4,4
CHEMBL4283770,CN(C)CCOc1ccc(/C=C2\COc3ccccc3C2=O)cc1,9.31,chembal.csv,0,PEOGEDONFNSDPX-DTQAZKPQSA-N,323.392,3.286,38.77,0,4,5,3,2
CHEMBL1773489,CN(Cc1ccccc1)Cc1ccc(C(=O)c2ccc(OCCCCCCN3CCCCC3)cc2)cc1,9.7,chembal.csv,0,NYVBQRTTYHHRCD-UHFFFAOYSA-N,498.711,6.975,32.78,0,4,14,4,3
CHEMBL597822,CN(Cc1ccccc1)Cc1ccc(/C=C2\Cc3ccc(OCCCCN4CCCCC4)cc3C2=O)cc1,10,chembal.csv,0,ZZRZJQCUHYDGJB-DFKUXCBWSA-N,508.706,6.786,32.78,0,4,11,5,3
CHEMBL3936989,COc1ccc(/C=C/C(=O)Nc2ccc(CN(C)Cc3ccccc3)cc2)c(OC)c1,10,chembal.csv,0,BVGVBFYFLUSQMK-FOWTUZBSSA-N,416.521,4.988,50.8,1,4,9,3,3
CHEMBL514966,COc1ccc(C(=O)c2ccc(CN(C)Cc3ccccc3)cc2)cc1,10,chembal.csv,0,WQQMJTPJWKIZIZ-UHFFFAOYSA-N,345.442,4.558,29.54,0,3,7,3,3
CHEMBL4278434,CCN(CC)CCOc1cccc(/C=C2\COc3ccccc3C2=O)c1,10.3,chembal.csv,0,BTMWXBQNIMYMKU-NBVRZTHBSA-N,351.446,4.066,38.77,0,4,7,3,2
CHEMBL1773487,CN(Cc1ccccc1)Cc1ccc(C(=O)c2ccc(OCCCCCN3CCCCC3)cc2)cc1,10.4,chembal.csv,0,GKGGPNXFKDZMQC-UHFFFAOYSA-N,484.684,6.585,32.78,0,4,13,4,3
CHEMBL1773483,CN(Cc1ccccc1)Cc1ccc(C(=O)c2ccc(OCCCN3CCCCC3)cc2)cc1,11,chembal.csv,0,WFNOXQQPVZJHPW-UHFFFAOYSA-N,456.63,5.804,32.78,0,4,11,4,3
CHEMBL4285471,CCN(CC)CCCCOc1ccc(/C=C2\COc3ccccc3C2=O)cc1,11.3,chembal.csv,0,VUNANXQCSFPKSZ-LVZFUZTISA-N,379.5,4.846,38.77,0,4,9,3,2
CHEMBL597001,CCN(CC)CCCOc1ccc2c(c1)C/C(=C\c1ccc(CN(C)Cc3ccccc3)cc1)C2=O,11.4,chembal.csv,0,XWFKKILSJAOZHO-ZTKZIYFRSA-N,482.668,6.252,32.78,0,4,12,4,3
CHEMBL599254,CCN(CC)CCCOc1ccc2c(c1)C(=O)/C(=C/c1ccc(CN(C)Cc3ccccc3)cc1)C2,11.9,chembal.csv,0,GQLKHPYCDIKTKU-ZTKZIYFRSA-N,482.668,6.252,32.78,0,4,12,4,3
CHEMBL599253,CCN(CC)CCOc1ccc2c(c1)C(=O)/C(=C/c1ccc(CN(C)Cc3ccccc3)cc1)C2,11.9,chembal.csv,0,WXNORWJOEPIWAI-TURZUDJPSA-N,468.641,5.862,32.78,0,4,11,4,3
CHEMBL513236,COc1ccccc1CN(C)Cc1ccc(C(=O)c2ccc(OC)c(OC)c2)cc1,16.2,chembal.csv,0,RDCJYQBTRRZJDX-UHFFFAOYSA-N,405.494,4.575,48,0,5,9,3,3
CHEMBL3127002,CCN(CCCCOc1ccc(-c2coc3cc(OCCCCN(CC)Cc4ccccc4)cc(O)c3c2=O)cc1)Cc1ccccc1,18.2,chembal.csv,0,GKGSKVGZCUKOSW-UHFFFAOYSA-N,648.844,8.528,75.38,1,7,19,5,5
CHEMBL4291591,CN(CCCCCCOc1ccc(/C=C2\COc3ccccc3C2=O)cc1)Cc1ccccc1,20,chembal.csv,0,LQLBUDLVYIIOCZ-YYADALCUSA-N,455.598,6.417,38.77,0,4,11,4,3
CHEMBL599058,CCN(CC)CCCCCCOc1ccc2c(c1)C(=O)/C(=C/c1ccc(CN(C)Cc3ccccc3)cc1)C2,20.5,chembal.csv,0,XZXLYGGNQBZOND-AWSUPERCSA-N,524.749,7.422,32.78,0,4,15,4,3
CHEMBL1773484,CN(Cc1ccccc1)Cc1ccc(C(=O)c2ccc(OCCCN3CCOCC3)cc2)cc1,21,chembal.csv,0,MWWZUDCUVPZYEH-UHFFFAOYSA-N,458.602,4.651,42.01,0,5,11,4,3
CHEMBL610219,COc1ccc2c(c1)C/C(=C\c1ccc(CN(C)Cc3ccccc3)cc1)C2=O,21.1,chembal.csv,0,OITQYDGXLMDJCV-OEAKJJBVSA-N,383.491,5.15,29.54,0,3,6,4,3
CHEMBL1773488,CCN(CC)CCCCCCOc1ccc(C(=O)c2ccc(CN(C)Cc3ccccc3)cc2)cc1,21.9,chembal.csv,0,CBEKIFXSBAHZGW-UHFFFAOYSA-N,486.7,6.831,32.78,0,4,16,3,3
CHEMBL604715,CCN(CC)CCOc1ccc2c(c1)C/C(=C\c1ccc(CN(C)Cc3ccccc3)cc1)C2=O,22.5,chembal.csv,0,KOYSVHXYWHCRDJ-TURZUDJPSA-N,468.641,5.862,32.78,0,4,11,4,3
CHEMBL599252,CCN(CC)CCCCOc1ccc2c(c1)C/C(=C\c1ccc(CN(C)Cc3ccccc3)cc1)C2=O,22.9,chembal.csv,0,ONIWMBSARCTFME-MWAVMZGNSA-N,496.695,6.642,32.78,0,4,13,4,3
CHEMBL1773490,CCN(CC)CCCCCCCOc1ccc(C(=O)c2ccc(CN(C)Cc3ccccc3)cc2)cc1,23,chembal.csv,0,SDRNTFZOPOEUSB-UHFFFAOYSA-N,500.727,7.221,32.78,0,4,17,3,3
CHEMBL4277095,CCN(CC)CCOc1ccc(/C=C2\COc3ccccc3C2=O)cc1,23.6,chembal.csv,0,CZGKNDHIUAGCOG-OBGWFSINSA-N,351.446,4.066,38.77,0,4,7,3,2
CHEMBL1773491,CN(Cc1ccccc1)Cc1ccc(C(=O)c2ccc(OCCCCCCCN3CCCCC3)cc2)cc1,24.2,chembal.csv,0,WSCLZQFXVHSGBN-UHFFFAOYSA-N,512.738,7.365,32.78,0,4,15,4,3
CHEMBL597406,CN(Cc1ccccc1)Cc1ccc(/C=C2\Cc3ccccc3C2=O)cc1,29.9,chembal.csv,0,FQNITJPHVSUPLX-HZHRSRAPSA-N,353.465,5.141,20.31,0,2,5,4,3
CHEMBL598824,CCN(CC)CCCCCCCOc1ccc2c(c1)C(=O)/C(=C/c1ccc(CN(C)Cc3ccccc3)cc1)C2,33,chembal.csv,0,JVWBHMCLFOYJGN-IWBSIUBASA-N,538.776,7.812,32.78,0,4,16,4,3
CHEMBL492098,COc1ccc(C(=O)c2ccc(CN(CCN(C)C)Cc3ccccc3)cc2)cc1OC,33.2,chembal.csv,0,ZJYMHWZZRSPNMH-UHFFFAOYSA-N,432.564,4.499,42.01,0,5,11,3,3
CHEMBL1773486,CCN(CC)CCCCCOc1ccc(C(=O)c2ccc(CN(C)Cc3ccccc3)cc2)cc1,34,chembal.csv,0,GGNRKWVBPHCWIF-UHFFFAOYSA-N,472.673,6.441,32.78,0,4,15,3,3
CHEMBL1773482,CCN(CC)CCCOc1ccc(C(=O)c2ccc(CN(C)Cc3ccccc3)cc2)cc1,35,chembal.csv,0,DJHKGGQDSKLOIG-UHFFFAOYSA-N,444.619,5.66,32.78,0,4,13,3,3
CHEMBL396247,COc1cc2cc(-c3ccc(CN(CCO)Cc4ccccc4)cc3)c(=O)oc2cc1OC,35.1,chembal.csv,0,VFAABMDLNHZKGL-UHFFFAOYSA-N,445.515,4.472,72.14,1,6,9,4,4
CHEMBL1773485,CN(Cc1ccccc1)Cc1ccc(C(=O)c2ccc(OCCCN3CCC(n4c(=O)[nH]c5ccccc54)CC3)cc2)cc1,39,chembal.csv,0,KHXUDLHKQASZJR-UHFFFAOYSA-N,588.752,6.299,70.57,1,6,12,6,5
CHEMBL4289104,CN(C)CCCOc1cccc(/C=C2\COc3ccccc3C2=O)c1,39.3,chembal.csv,0,DKAZPBKVFIJMAG-GHRIWEEISA-N,337.419,3.676,38.77,0,4,6,3,2
CHEMBL396199,COc1cc2cc(-c3ccc(C[N+](C)(C)Cc4ccccc4)cc3)c(=O)oc2cc1OC,43.8,chembal.csv,0,OZPRPMGGGNQZCR-UHFFFAOYSA-N,430.524,5.254,48.67,0,4,7,4,4
CHEMBL474836,COc1ccc(C(=O)c2ccc(/C=C/CN(C)Cc3ccccc3)cc2)cc1OC,44,chembal.csv,0,YLNYALYMIPJJMT-JXMROGBWSA-N,401.506,5.08,38.77,0,4,9,3,3
CHEMBL75121,COc1cc2cc(-c3ccc(CN(C)Cc4ccccc4)cc3)c(=O)oc2cc1OC,48.9,chembal.csv,0,KXMCSAUVAHKCOR-UHFFFAOYSA-N,415.489,5.109,51.91,0,5,7,4,4
CHEMBL389825,COc1ccccc1CN(C)Cc1ccc(-c2cc3cc(OC)c(OC)cc3oc2=O)cc1,52.9,chembal.csv,0,WGNYJSHONXWUNW-UHFFFAOYSA-N,445.515,5.118,61.14,0,6,8,4,4
CHEMBL490507,COc1ccc(C(=O)c2ccc(CN(C)Cc3ccccc3)cc2)cc1OC,60.7,chembal.csv,0,QTEXQXLUTOICEV-UHFFFAOYSA-N,375.468,4.567,38.77,0,4,8,3,3
CHEMBL1773481,CN(Cc1ccccc1)Cc1ccc(C(=O)c2ccc(NC(=O)CCCCN3CCCCC3)cc2)cc1,68,chembal.csv,0,NBHYLXBADHTHTJ-UHFFFAOYSA-N,497.683,6.144,52.65,1,4,12,4,3
CHEMBL470907,CCN(Cc1ccccc1)Cc1ccc(C(=O)c2ccc(OC)c(OC)c2)cc1,71.5,chembal.csv,0,DPOLQHGQIDYDMV-UHFFFAOYSA-N,389.495,4.957,38.77,0,4,9,3,3
CHEMBL604096,COc1cc2c(cc1OC)C(=O)/C(=C/c1ccc(CN(C)Cc3ccccc3)cc1)CC2,72.8,chembal.csv,0,FAQJAADRJNDSJQ-BUVRLJJBSA-N,427.544,5.548,38.77,0,4,7,4,3
CHEMBL4283733,CCN(CCOc1ccc(/C=C2\COc3ccccc3C2=O)cc1)Cc1ccccc1,74.24,chembal.csv,0,ZDBZMDPOTIZOER-PTGBLXJZSA-N,413.517,5.246,38.77,0,4,8,4,3
CHEMBL491526,COc1ccc(C(=O)c2ccc(CN(C)CCN(C)C)cc2)cc1OC,88.8,chembal.csv,0,VNQCVFGDGAJHND-UHFFFAOYSA-N,356.466,2.928,42.01,0,5,9,2,2
CHEMBL241828,COc1ccc2oc(-c3ccc(CN(C)Cc4ccccc4)cc3)cc(=O)c2c1,88.9,chembal.csv,0,GBRIZQGRQAMSPE-UHFFFAOYSA-N,385.463,5.101,42.68,0,4,6,4,4
CHEMBL597794,COc1ccc2c(c1)CC/C(=C\c1ccc(CN(C)Cc3ccccc3)cc1)C2=O,90.3,chembal.csv,0,LBTQKBBDVONGGY-LFVJCYFKSA-N,397.518,5.54,29.54,0,3,6,4,3
CHEMBL597405,CCN(Cc1ccccc1)Cc1ccc(/C=C2\Cc3ccc(OC)cc3C2=O)cc1,98.1,chembal.csv,0,BQLCRHJSCGEICV-BUVRLJJBSA-N,397.518,5.54,29.54,0,3,7,4,3
CHEMBL597821,CN(Cc1ccccc1)Cc1ccc(/C=C2\Cc3ccc(OCCCCN4CCOCC4)cc3C2=O)cc1,99.8,chembal.csv,0,KXGKXFKSSKOSEP-MWAVMZGNSA-N,510.678,5.632,42.01,0,5,11,5,3
CHEMBL490360,COc1ccc(C(=O)c2ccc(CN(C)Cc3cccc([N+](=O)[O-])c3)cc2)cc1OC,100,chembal.csv,0,QWQUTXMNDAXDHI-UHFFFAOYSA-N,420.465,4.475,81.91,0,6,9,3,3
CHEMBL474837,COc1ccc(C(=O)c2ccc(CN(C)Cc3ccccc3)cc2)cc1F,100,chembal.csv,0,SZSKZDFELQPJIB-UHFFFAOYSA-N,363.432,4.697,29.54,0,3,7,3,3
CHEMBL244416,CCN(Cc1ccccc1)Cc1ccc(-c2cc3cc(OC)c(OC)cc3oc2=O)cc1,118,chembal.csv,0,PNZIOQNBQOTGPK-UHFFFAOYSA-N,429.516,5.499,51.91,0,5,8,4,4
CHEMBL471581,COc1ccc(C(=O)c2ccc(CN(C)Cc3cccc(C)c3)cc2)cc1OC,125,chembal.csv,0,IVCCFUHRUFOLOP-UHFFFAOYSA-N,389.495,4.875,38.77,0,4,8,3,3
CHEMBL597795,COc1ccc2c(c1)C(=O)/C(=C/c1ccc(CN(C)Cc3ccccc3)cc1)CC2,135,chembal.csv,0,QBFDDDOIPJMHCU-LFVJCYFKSA-N,397.518,5.54,29.54,0,3,6,4,3
CHEMBL413794,COc1ccc2oc(=O)c(-c3cccc(CN(C)Cc4ccccc4)c3)cc2c1,136,chembal.csv,0,FIEUWEAPAWAGIC-UHFFFAOYSA-N,385.463,5.101,42.68,0,4,6,4,4
CHEMBL598632,COc1cc2c(cc1OC)C(=O)/C(=C/c1ccc(CN(C)Cc3ccccc3)cc1)C2,144,chembal.csv,0,MXNMLTUEKPHQAW-YDZHTSKRSA-N,413.517,5.158,38.77,0,4,7,4,3
CHEMBL1773478,CCN(CC)CC(=O)Nc1ccc(C(=O)c2ccc(CN(C)Cc3ccccc3)cc2)cc1,144,chembal.csv,0,LJAFQNCTOAFIMB-UHFFFAOYSA-N,443.591,4.83,52.65,1,4,11,3,3
CHEMBL1773479,CN(Cc1ccccc1)Cc1ccc(C(=O)c2ccc(NC(=O)CN3CCCCC3)cc2)cc1,145,chembal.csv,0,BXPGUJXYGPCRGA-UHFFFAOYSA-N,455.602,4.974,52.65,1,4,9,4,3
CHEMBL511468,COc1ccc(C(=O)c2ccc(CN(CCO)Cc3ccccc3)cc2)cc1OC,172,chembal.csv,0,RZOHJSQDLPUILR-UHFFFAOYSA-N,405.494,3.929,59,1,5,10,3,3
CHEMBL1773480,CN(Cc1ccccc1)Cc1ccc(C(=O)c2ccc(NC(=O)CN3CCOCC3)cc2)cc1,179,chembal.csv,0,JDOLORVWCDRHKG-UHFFFAOYSA-N,457.574,3.82,61.88,1,5,9,4,3
CHEMBL1773492,CCN(CC)CCc1ccc(Oc2ccc(C(=O)c3ccc(CN(C)Cc4ccccc4)cc3)cc2)cc1,209,chembal.csv,0,PKMOPDBOZLQVPB-UHFFFAOYSA-N,506.69,7.226,32.78,0,4,13,4,4
CHEMBL243310,COc1cc2cc(-c3cccc(CN(C)Cc4ccccc4)c3)c(=O)oc2cc1OC,279,chembal.csv,0,LEKNRHNLBQAACF-UHFFFAOYSA-N,415.489,5.109,51.91,0,5,7,4,4
CHEMBL413793,COc1ccc2cc(-c3ccc(CN(C)Cc4ccccc4)cc3)c(=O)oc2c1,570,chembal.csv,0,IQFPRNPELAMHHT-UHFFFAOYSA-N,385.463,5.101,42.68,0,4,6,4,4
CHEMBL243532,COc1ccc2oc(=O)c(-c3ccc(CN(C)Cc4ccccc4)cc3)cc2c1,1300,chembal.csv,0,LCBAVKSTBQRTAA-UHFFFAOYSA-N,385.463,5.101,42.68,0,4,6,4,4
CHEMBL4176610,COc1ccc(C2NC(=S)Nc3nc4c(c(N)c32)CCCC4)cc1,1.75,chembal.csv,0,RIXYCWGCLUQKNA-UHFFFAOYSA-N,340.452,2.941,72.2,3,4,2,4,2
CHEMBL4854713,Nc1c2c(nc3ccc(F)cc13)CCC2,1.91,chembal.csv,0,LNIRMTRXIJOOND-UHFFFAOYSA-N,202.232,2.445,38.91,1,2,0,3,2
CHEMBL4164310,Nc1c2c(nc3c1C(c1cccc([N+](=O)[O-])c1)NC(=S)N3)CCCC2,2.68,chembal.csv,0,AJVJINJDKFGAQT-UHFFFAOYSA-N,355.423,2.84,106.11,3,5,2,4,2
CHEMBL60167,Nc1c2c(nc3ccccc13)-c1ccccc1C2,3.1,chembal.csv,0,CMZUAEAPKGOQSL-UHFFFAOYSA-N,232.286,3.388,38.91,1,2,0,4,3
CHEMBL4171520,COc1cccc(C2NC(=S)Nc3nc4c(c(N)c32)CCCC4)c1,3.19,chembal.csv,0,GLVAOWPNTIXLJA-UHFFFAOYSA-N,340.452,2.941,72.2,3,4,2,4,2
CHEMBL89012,Nc1c2c(nc3ccccc13)-c1ccccc1CC2,3.3,chembal.csv,0,FRXXZKCFLLWYIW-UHFFFAOYSA-N,246.313,3.583,38.91,1,2,0,4,3
CHEMBL4163376,Cc1ccc(C2NC(=S)Nc3nc4c(c(N)c32)CCCC4)cc1,3.47,chembal.csv,0,BXWNQTZFDOYIOK-UHFFFAOYSA-N,324.453,3.24,62.97,3,3,1,4,2
CHEMBL4103021,CCOC(=O)C1=C(c2ccccc2)Oc2nc3c(c(N)c2C1c1ccccc1F)CCCC3,3.63,chembal.csv,0,DDBUZYRDDGJLIK-UHFFFAOYSA-N,444.506,5.18,74.44,1,5,4,5,3
CHEMBL1916766,Nc1c2c(nc3oc(-c4ccccc4)cc13)CCCC2,3.78,chembal.csv,0,KEPWYKBQWJYLMT-UHFFFAOYSA-N,264.328,3.956,52.05,1,3,1,4,3
CHEMBL4874599,COc1ccc2nc3c(c(N)c2c1)CCCCC3,4.41,chembal.csv,0,RDDMAFNPIDJMBQ-UHFFFAOYSA-N,242.322,3.095,48.14,1,3,1,3,2
CHEMBL219400,CCOC(=O)C1=C(C)Nc2nc3c(c(N)c2C1c1ccccc1[N+](=O)[O-])CCCC3,4.8,chembal.csv,0,OWDDOOZVDQHYQH-UHFFFAOYSA-N,408.458,3.845,120.38,2,7,4,4,2
CHEMBL253386,CCOC(=O)c1c(C)nc2nc3c(c(N)c2c1-c1ccccc1)CCCC3,5,chembal.csv,0,UNCWLZOGXZCOJG-UHFFFAOYSA-N,361.445,4.243,78.1,1,5,3,4,3
CHEMBL4171284,Nc1c2c(nc3c1C(c1ccccc1)NC(=S)N3)CCCC2,5.68,chembal.csv,0,PLNLVEUSTUDWFQ-UHFFFAOYSA-N,310.426,2.932,62.97,3,3,1,4,2
CHEMBL4096891,CCOC(=O)C1=C(c2ccccc2)Oc2nc3c(c(N)c2C1c1ccc(OC)cc1)CCCC3,5.76,chembal.csv,0,DMBUSYNZOVFVJV-UHFFFAOYSA-N,456.542,5.05,83.67,1,6,5,5,3
CHEMBL4080395,CCOC(=O)C1=C(c2ccccc2)Oc2nc3c(c(N)c2C1c1ccc(F)cc1)CCCC3,6.1,chembal.csv,0,REKKHSUZYPHHKA-UHFFFAOYSA-N,444.506,5.18,74.44,1,5,4,5,3
CHEMBL398628,CCOC(=O)C1=C(C)Oc2nc3c(c(N)c2C1c1ccc(OC)cc1)CCCC3,6.2,chembal.csv,0,NJPVUJVNAWTZJX-UHFFFAOYSA-N,394.471,3.913,83.67,1,6,4,4,2
CHEMBL4876686,Nc1c2c(nc3ccc(Cl)cc13)CCCC2,6.72,chembal.csv,0,PUKKYURTEBJMKJ-UHFFFAOYSA-N,232.714,3.349,38.91,1,2,0,3,2
CHEMBL4857554,Nc1c2c(nc3ccc(Cl)cc13)CCC2,6.88,chembal.csv,0,DKIHAPRATQJNSK-UHFFFAOYSA-N,218.687,2.959,38.91,1,2,0,3,2
CHEMBL1256415,COc1ccc2nc3c(c(N)c2c1)CCCC3,8.86,chembal.csv,0,APQPVVOYBLOJDY-UHFFFAOYSA-N,228.295,2.704,48.14,1,3,1,3,2
CHEMBL4066967,CCOC(=O)C1=C(c2ccccc2)Oc2nc3c(c(N)c2C1c1ccc([N+](=O)[O-])cc1)CCCC3,9.91,chembal.csv,0,FFTZJCPQMCPFSQ-UHFFFAOYSA-N,471.513,4.95,117.58,1,7,5,5,3
CHEMBL4159832,Nc1c2c(nc3c1C(c1ccc(F)cc1)NC(=S)N3)CCCC2,10,chembal.csv,0,QIFFNLGFMAGFRM-UHFFFAOYSA-N,328.416,3.071,62.97,3,3,1,4,2
CHEMBL550989,CCOC(=O)c1ccc2nc(-c3ccc(Cl)cc3)c3c(c2c1)OCCC3,10,chembal.csv,0,ARWPWQWERJBZLQ-UHFFFAOYSA-N,367.832,5.057,48.42,0,4,3,4,3
CHEMBL2206896,COc1ccc(C2c3ccc4ccccc4c3Oc3nc4c(c(N)c32)CCCC4)c(OC)c1,10,chembal.csv,0,WVOGNNUVYUMTIT-UHFFFAOYSA-N,438.527,5.999,66.6,1,5,3,6,4
CHEMBL2206898,Nc1c2c(nc3c1C(c1ccc([N+](=O)[O-])cc1)c1ccc4ccccc4c1O3)CCCC2,10,chembal.csv,0,SDDWKMVNUHSMAD-UHFFFAOYSA-N,423.472,5.89,91.28,1,5,2,6,4
CHEMBL4861608,Nc1c2c(nc3ccc(Cl)cc13)CCCCC2,10.3,chembal.csv,0,ODQKBBQRKVQZDH-UHFFFAOYSA-N,246.741,3.739,38.91,1,2,0,3,2
CHEMBL4855357,COc1ccc2nc3c(c(N)c2c1)CCC3,10.6,chembal.csv,0,JBZLIWVDIDZFCY-UHFFFAOYSA-N,214.268,2.314,48.14,1,3,1,3,2
CHEMBL470715,CCOC(=O)C1=C(C)Nc2nc3c(c(N)c2[C@@H]1c1ccc(OC)cc1)CCCC3,11,chembal.csv,0,ZNRGREFWBCWZAU-LJQANCHMSA-N,393.487,3.946,86.47,2,6,4,4,2
CHEMBL4087572,CCOC(=O)C1=C(c2ccccc2)Oc2nc3c(c(N)c2C1c1cccc(F)c1)CCCC3,11.67,chembal.csv,0,INLWKOULGWFMAO-UHFFFAOYSA-N,444.506,5.18,74.44,1,5,4,5,3
CHEMBL4160908,COc1ccccc1C1NC(=S)Nc2nc3c(c(N)c21)CCCC3,11.7,chembal.csv,0,QBDIJKJLYFGFCQ-UHFFFAOYSA-N,340.452,2.941,72.2,3,4,2,4,2
CHEMBL252380,CCOC(=O)c1c(C)nc2nc3c(c(N)c2c1-c1ccc(F)cc1)CCCC3,12,chembal.csv,0,DFIMEOJDEVLTMM-UHFFFAOYSA-N,379.435,4.382,78.1,1,5,3,4,3
CHEMBL115580,CC1Cc2c(nc3ccccc3c2N)C1(C)O,12.2,chembal.csv,0,LEKKTQIRJGFRFP-UHFFFAOYSA-N,228.295,2.217,59.14,2,3,0,3,2
CHEMBL4854565,Nc1c2c(nc3c(Cl)cc(Cl)cc13)CCCC2,14.8,chembal.csv,0,UBZYAQWKNPQKNN-UHFFFAOYSA-N,267.159,4.003,38.91,1,2,0,3,2
CHEMBL4864954,Nc1c2c(nc3c(Cl)cc(Cl)cc13)CCC2,17.9,chembal.csv,0,DBVYKRKFXJOWLR-UHFFFAOYSA-N,253.132,3.613,38.91,1,2,0,3,2
CHEMBL400675,CCOC(=O)c1c(C)nc2nc3c(c(N)c2c1-c1cccc([N+](=O)[O-])c1)CCCC3,21,chembal.csv,0,YCHHFZRJBHOKQX-UHFFFAOYSA-N,406.442,4.151,121.24,1,7,4,4,3
CHEMBL4872815,Nc1c2c(nc3c(Cl)cc(Cl)cc13)CCCCC2,23.8,chembal.csv,0,IWMVIMXKIPYNDO-UHFFFAOYSA-N,281.186,4.393,38.91,1,2,0,3,2
CHEMBL1916927,Nc1c2c(nc3oc(-c4ccc(Cl)cc4)cc13)CCCC2,26.1,chembal.csv,0,RWPNPBZHXLMADD-UHFFFAOYSA-N,298.773,4.609,52.05,1,3,1,4,3
CHEMBL4857870,Nc1c2c(nc3c(Br)cc(Br)cc13)CCCC2,32,chembal.csv,0,JPAWCKLWCYDEPB-UHFFFAOYSA-N,356.061,4.221,38.91,1,2,0,3,2
CHEMBL219405,CCOC(=O)C1=C(C)Nc2nc3c(c(N)c2C1c1ccc([N+](=O)[O-])cc1)CCCC3,34.4,chembal.csv,0,QTWUJCCPMWZOOB-UHFFFAOYSA-N,408.458,3.845,120.38,2,7,4,4,2
CHEMBL332454,Nc1c2c(nc3ccccc13)-c1ccccc1CCC2,36,chembal.csv,0,OGJOZPSURDGIJG-UHFFFAOYSA-N,260.34,3.973,38.91,1,2,0,4,3
CHEMBL4168179,Nc1c2c(nc3c1C(c1ccc4c(c1)OCO4)NC(=S)N3)CCCC2,37.5,chembal.csv,0,HCMONNLOJLHXAS-UHFFFAOYSA-N,354.435,2.661,81.43,3,5,1,5,2
CHEMBL119389,CCCCC1=C(C)Cc2c1nc1ccccc1c2N,42,chembal.csv,0,GIQPLFPYJMGTFV-UHFFFAOYSA-N,252.361,4.337,38.91,1,2,3,3,2
CHEMBL4061007,CCOC(=O)C1=C(c2ccccc2)Oc2nc3c(c(N)c2C1c1ccc(C)cc1)CCCC3,54.1,chembal.csv,0,SKZCBHALLCALGS-UHFFFAOYSA-N,440.543,5.35,74.44,1,5,4,5,3
CHEMBL252378,CCOC(=O)c1c(C)nc2nc3c(c(N)c2c1-c1ccc(OC)cc1)CCCCC3,80.6,chembal.csv,0,ZPMPGNOYMGNLNI-UHFFFAOYSA-N,405.498,4.642,87.33,1,6,4,4,3
CHEMBL119528,CCCCC1(O)c2nc3ccccc3c(N)c2CC1C,81,chembal.csv,0,KAJOBKYNCXLYHH-UHFFFAOYSA-N,270.376,3.387,59.14,2,3,3,3,2
CHEMBL2022933,C#CCN1CCc2nc3nc(N4CCCC4)c(C#N)cc3c(N)c2C1,82,chembal.csv,0,MMPJDGQUUIZMGJ-UHFFFAOYSA-N,332.411,1.675,82.07,1,6,2,4,2
CHEMBL468001,COc1ccc(C2C3=C(CC(C)(C)CC3=O)Nc3nc4c(c(N)c32)CCCC4)cc1,100,chembal.csv,0,QTKZLZALZMVCJL-UHFFFAOYSA-N,403.526,4.752,77.24,2,5,2,5,2
CHEMBL374184,CCOC(=O)C1=C(C)Nc2nc3c(c(N)c2C1c1ccc(OC)cc1)CCCC3,100,chembal.csv,0,ZNRGREFWBCWZAU-UHFFFAOYSA-N,393.487,3.946,86.47,2,6,4,4,2
CHEMBL468002,CC1(C)CC(=O)C2=C(C1)Nc1nc3c(c(N)c1C2c1ccncc1)CCCC3,100,chembal.csv,0,IJHGVZXPADVHCM-UHFFFAOYSA-N,374.488,4.138,80.9,2,5,1,5,2
CHEMBL513161,Cc1ccc(C2C3=C(CC(C)(C)CC3=O)Nc3nc4c(c(N)c32)CCCC4)cc1,100,chembal.csv,0,YHCILCVEQLWROP-UHFFFAOYSA-N,387.527,5.052,68.01,2,4,1,5,2
CHEMBL490359,CCOC(=O)C1=C(C)Nc2nc3c(c(N)c2[C@H]1c1ccc(OC)cc1)CCCC3,100,chembal.csv,0,ZNRGREFWBCWZAU-IBGZPJMESA-N,393.487,3.946,86.47,2,6,4,4,2
CHEMBL512096,CC1(C)CC(=O)C2=C(C1)Nc1nc3c(c(N)c1C2c1ccccc1)CCCC3,100,chembal.csv,0,FAMHVKGFXMORCI-UHFFFAOYSA-N,373.5,4.743,68.01,2,4,1,5,2
CHEMBL468000,CC1(C)CC(=O)C2=C(C1)Nc1nc3c(c(N)c1C2c1ccc(F)cc1)CCCC3,100,chembal.csv,0,PSKJUZDQNUFRGS-UHFFFAOYSA-N,391.49,4.882,68.01,2,4,1,5,2
CHEMBL119634,COc1ccc2c(c1)CCCc1c-2nc2ccccc2c1N,100,chembal.csv,0,CNACZOSGTBZLLB-UHFFFAOYSA-N,290.366,3.981,48.14,1,3,1,4,3
CHEMBL4176034,CN(C)c1ccc(C2NC(=S)Nc3nc4c(c(N)c32)CCCC4)cc1,154,chembal.csv,0,JJRQLEQTWXNCLT-UHFFFAOYSA-N,353.495,2.998,66.21,3,4,2,4,2
CHEMBL1917826,COc1ccc2nc3c(c(N4CCCCCN(c5c6c(nc7ccc(OC)cc57)CCCC6)CCCCC4)c2c1)CCCC3,656,chembal.csv,0,OHVOPLCDAMQVTG-UHFFFAOYSA-N,592.828,8.225,50.72,0,6,4,7,4
CHEMBL3950130,CC(C)Cc1ccc(/C=C2\Oc3ccccc3C2=O)cc1,1.02,chembal.csv,0,CSAKAVFIHSWIKC-PDGQHHTCSA-N,278.351,4.501,26.3,0,2,3,3,2
CHEMBL3277222,CCCCCCCCCCN1CCCC(C(=O)N(CCC)CCC)C1,1.04713,chembal.csv,0,SKWZMIRZELNHEN-UHFFFAOYSA-N,352.607,5.488,23.55,0,2,14,1,0
CHEMBL5277140,CN1CCc2c(c3ccccc3n2CC(O)Cn2c3c(c4ccccc42)CCCC3)C1,1.06,chembal.csv,0,NNADXLWPJXJMST-UHFFFAOYSA-N,413.565,4.524,33.33,1,4,4,6,4
CHEMBL3338962,O=[N+]([O-])c1ccc(C2=Nn3c(nnc3-c3cccnc3)SC2)cc1,1.09,chembal.csv,0,JIXIAQAMBULAKN-UHFFFAOYSA-N,338.352,2.606,99.1,0,8,3,4,3
CHEMBL374729,COc1ccc2[nH]c3c(C)[n+](C)ccc3c2c1,1.09901,chembal.csv,0,GKOBEAWUMYEQIP-UHFFFAOYSA-O,227.287,2.463,28.9,1,1,1,3,3
CHEMBL4167195,COc1ccc2cc(-c3cc(O)c4c(c3CC=C(C)C)OC(C)(CCC=C(C)C)C=C4)oc2c1,1.11,chembal.csv,0,GZRIQWJVUCAFLQ-UHFFFAOYSA-N,458.598,8.233,51.83,1,4,7,4,3
CHEMBL5401178,O=C(Nc1cccc(-c2cc(-c3ccc(Cl)cc3)n[nH]2)c1)c1ccccc1,1.166,chembal.csv,0,BYSNJAOABDTNBL-UHFFFAOYSA-N,373.843,5.649,57.78,2,2,4,4,4
CHEMBL3393676,O[C@@H]1[C@@H](O)[C@@H](Cc2cn(Cc3cc(OCc4ccccc4)cc(OCc4ccccc4)c3)nn2)NC[C@H]1O,1.2,chembal.csv,0,MGMUKXIKROCOQT-GKQHHHCTSA-N,516.598,2.081,121.89,4,9,10,5,4
CHEMBL4761911,Fc1ccc(-c2nnc(N3CCN(c4ccccn4)CC3)o2)cc1,1.22,chembal.csv,0,ZXRSUUCBQJQXFN-UHFFFAOYSA-N,325.347,2.597,58.29,0,6,3,4,3
CHEMBL1294,C=C[C@H]1CN2CC[C@H]1C[C@@H]2[C@@H](O)c1ccnc2ccc(OC)cc12,1.23,chembal.csv,0,LOUPRKONTZGTKE-LHHVKLHASA-N,324.424,3.173,45.59,1,4,4,5,2
CHEMBL5182486,CCn1c2ccccc2c2cc(/C=C/c3ccc(NC(=S)NCCN4CCCC4)cc3)ccc21,1.29,chembal.csv,0,QWKCJRVELMKAKZ-MDZDMXLPSA-N,468.67,6.367,32.23,2,3,7,5,4
CHEMBL3742387,O=C(c1ccc(C(F)(F)F)cc1)c1nccc2c1[nH]c1ccccc12,1.29,chembal.csv,0,FHKLTXMZKQMWDB-UHFFFAOYSA-N,340.304,4.966,45.75,1,2,2,4,4
CHEMBL3338392,CC(c1nc2ccccc2s1)N(C)C(=O)CN1CCCC1c1ccc2c(c1)OCCCO2,1.36,chembal.csv,0,ALZPDJDXIYQUHV-UHFFFAOYSA-N,451.592,4.814,54.9,0,6,5,5,3
CHEMBL4564473,c1ccc2[nH]c(CN(CCN(Cc3nc4ccccc4[nH]3)Cc3nc4ccccc4[nH]3)Cc3nc4ccccc4[nH]3)nc2c1,1.365,chembal.csv,0,WFVZBDCRUPTVOM-UHFFFAOYSA-N,580.7,5.896,121.2,4,6,11,8,8
CHEMBL3586201,CC1(C)[C@H](O)CC[C@@]2(C)[C@H]1CC[C@@]1(C)CC3=CC[C@H]4C(C)(C)[C@@H](O)CC[C@]4(C)[C@H]3CC[C@@H]12,1.37,chembal.csv,0,FMUNNDDBCLRMSL-AFFCZCIESA-N,442.728,7.14,40.46,2,2,0,5,0
CHEMBL383307,CC(C)=CCN1c2ccccc2[C@]2(CC=C(C)C)CCN(C)[C@H]12,1.37,chembal.csv,0,NUWYFFDZPIGJJO-RTWAWAEBSA-N,310.485,4.729,6.48,0,2,4,3,1
CHEMBL176366,COc1ccc2c(c1)C(=O)[C@]1(C#N)C(OC)C=CC[C@@H]1O2,1.41,chembal.csv,0,DQNGVFAURLRVGM-JGKCFBKVSA-N,285.299,2.124,68.55,0,5,2,3,1
CHEMBL5285181,CCOC(=O)[n+]1ccc2c([nH]c3cc(OC)ccc32)c1C,1.5,chembal.csv,0,TZAAYQWHBGCWJN-UHFFFAOYSA-O,285.323,2.93,55.2,1,3,2,3,3
CHEMBL4165259,CC(C)=CCc1c(-c2cc3ccc(O)cc3o2)cc2c3c1O[C@@]1(C)CCC([C@@H]3C1)C(C)(C)O2,1.56,chembal.csv,0,MGQFZUKDGZUBJQ-KHNHWYIKSA-N,444.571,7.52,51.83,1,4,3,6,3
CHEMBL2396912,c1ccc2[nH]c(N3CCCCC3)nc2c1,1.57,chembal.csv,0,JUYQSMXGDBGGSX-UHFFFAOYSA-N,201.273,2.553,31.92,1,2,1,3,2
CHEMBL496255,C[C@@H]([C@H]1CC[C@H]2[C@@H]3CC[C@H]4C[C@@H](N(C)C)CC[C@]4(C)[C@H]3CC[C@]12C)N(C)C,1.6,chembal.csv,0,IHGKQRLXUYWOQB-SYILLIHQSA-N,374.657,5.526,6.48,0,2,3,4,0
CHEMBL375862,Cc1c2[nH]c3ccc(O)cc3c2cc[n+]1C,1.6,chembal.csv,0,ICPRLZDLIOARIN-UHFFFAOYSA-O,213.26,2.16,39.9,2,1,0,3,3
CHEMBL5415150,Cc1cc([N+](=O)[O-])c2oc(-c3ccc(OCCOCCNC(=O)OC(C)(C)C)cc3)cc(=O)c2c1,1.6,chembal.csv,0,IUSZWODXWRXGLV-UHFFFAOYSA-N,484.505,4.597,130.14,1,8,9,3,3
CHEMBL3220808,C[C@H]1C[C@@]23CC[C@H]4[C@@](C)(CCC[C@@]4(C)C(=O)OCC[N+](C)(C)Cc4ccccc4)[C@@H]2CC[C@]1(Cl)C3,1.6,chembal.csv,0,NDXCWKMYPWRPDY-NUCQJGHSSA-N,501.175,7.217,26.3,0,2,6,5,1
CHEMBL518543,CC(C)=CCc1c(-c2ccc(O)cc2O)oc2c(CC=C(C)C)c(O)cc(O)c2c1=O,1.7,chembal.csv,0,UWQYBLOHTQWSQD-UHFFFAOYSA-N,422.477,5.3,111.13,4,6,5,3,3
CHEMBL1770313,CC(C)=CC1Oc2cc(O)ccc2-c2oc3c4c(cc(O)c3c(=O)c21)OC(C)(C)C=C4,1.7,chembal.csv,0,GDQXJMLXEYSICD-UHFFFAOYSA-N,418.445,5.455,89.13,2,6,1,5,3
CHEMBL2297276,COc1cc(O)c(C2CC(=O)c3c(O)cc(O)cc3O2)cc1C/C=C(\C)CCC=C(C)C,1.7,chembal.csv,0,CZVSHXUUSIQWSO-LZYBPNLTSA-N,438.52,5.754,96.22,3,6,7,3,2
CHEMBL1096939,CC(C)=CCC/C(C)=C/Cc1cc(C2CC(=O)c3c(O)cc(O)cc3O2)c(O)cc1O,1.7,chembal.csv,0,GJFHZVPRFLHEBR-VIZOYTHASA-N,424.493,5.451,107.22,4,6,6,3,2
CHEMBL1770314,CC1(C)C=Cc2c(cc(O)c3c(=O)c4c(oc23)-c2ccc(O)cc2OC(C(C)(C)O)C4)O1,1.7,chembal.csv,0,BKIVBOLDWRIFMA-UHFFFAOYSA-N,436.46,4.13,109.36,3,7,1,5,3
CHEMBL1719948,CC(C)(O)CCc1c(-c2ccc(O)cc2O)oc2c3c(cc(O)c2c1=O)OC(C)(C)C=C3,1.7,chembal.csv,0,AFOKZNPZDXHDHD-UHFFFAOYSA-N,438.476,4.465,120.36,4,7,4,4,3
CHEMBL464006,CC(C)=CCc1c(-c2ccc(O)cc2O)oc2c3c(cc(O)c2c1=O)OC(C)(C)C=C3,1.7,chembal.csv,0,XFFOMNJIDRDDLQ-UHFFFAOYSA-N,420.461,5.27,100.13,3,6,3,4,3
CHEMBL452583,CC(C)=CCN1CCC2(CC=C(C)C)c3ccccc3N(CC=C(C)C)C12,1.72,chembal.csv,0,QXNSFPSGHIXUGR-UHFFFAOYSA-N,364.577,6.065,6.48,0,2,6,3,1
CHEMBL4756730,Clc1ccc(-c2nnc(N3CCN(c4ccccn4)CC3)o2)cc1,1.82,chembal.csv,0,KBIVDYZJPVDUPZ-UHFFFAOYSA-N,341.802,3.112,58.29,0,6,3,4,3
CHEMBL4281409,C[N+](C)(CC#CCOC1=NOCC1)CCCCCCCCCC[N+](C)(C)CCCN1C(=O)c2ccccc2C1=O,1.94984,chembal.csv,0,UQSOOAKXHWUTAS-UHFFFAOYSA-N,554.776,4.7,68.2,0,5,17,3,1
CHEMBL4793365,FC(F)(F)Oc1ccc(-c2nnc(N3CCN(c4ccccn4)CC3)o2)cc1,1.96,chembal.csv,0,MQCXVHYEWNJWKF-UHFFFAOYSA-N,391.353,3.357,67.52,0,7,4,4,3
CHEMBL130704,CSc1nc(-c2ccc(C)cc2)nn1C(=O)N1CCOCC1,2,chembal.csv,0,QGITUXRHOBMGQP-UHFFFAOYSA-N,318.402,2.276,60.25,0,6,2,3,2
CHEMBL3393673,c1ccc(COC[C@H]2NC[C@H](OCc3ccccc3)[C@@H](OCc3ccccc3)[C@@H]2OCc2ccccc2)cc1,2,chembal.csv,0,HHIIDKLQTCPFQA-KMKAFXEASA-N,523.673,5.931,48.95,1,5,13,5,4
CHEMBL174746,COC1CC(=O)C[C@@H]2Oc3ccccc3C(=O)[C@]12C#N,2,chembal.csv,0,WDFQLDOBLBWHRD-RGPPAHDHSA-N,271.272,1.518,76.39,0,5,1,3,1
CHEMBL177817,N#C[C@]12C(=O)c3ccccc3OC1C1C=CC2CC1,2,chembal.csv,0,ZJNITMVLUJRTCN-SPZUHZBISA-N,251.285,2.736,50.09,0,3,0,5,1
CHEMBL174650,CO[C@@H]1C=CC[C@@H]2Oc3ccc(F)cc3C(=O)[C@@]21C#N,2,chembal.csv,0,UOCCMGUGMXIMIO-VNHYZAJKSA-N,273.263,2.254,59.32,0,4,1,3,1
CHEMBL174705,CO[C@@H]1C=CC[C@@H]2Oc3ccccc3C(=O)[C@@]21C#N,2,chembal.csv,0,PDIZBTLRMJMBKU-VNHYZAJKSA-N,255.273,2.115,59.32,0,4,1,3,1
CHEMBL176756,COC1=CC2CCC1C1Oc3ccccc3C(=O)[C@]21C#N,2,chembal.csv,0,UNBSASXLTQUUMJ-XAKQPEKYSA-N,281.311,2.71,59.32,0,4,1,5,1
CHEMBL426766,COC1C=CC[C@@H]2Oc3ccc(C)cc3C(=O)[C@]12C#N,2,chembal.csv,0,GTSSBPBDKVSDPZ-JGKCFBKVSA-N,269.3,2.424,59.32,0,4,1,3,1
CHEMBL2396913,CC1CCCCN1c1nc2ccccc2[nH]1,2.03,chembal.csv,0,LMKDWQFQVLRLOF-UHFFFAOYSA-N,215.3,2.942,31.92,1,2,1,3,2
CHEMBL343780,C/C=C(\C)C(=O)N[C@H]1CC[C@@]2(C)C(=CC[C@H]3[C@@H]4CC[C@H]([C@H](C)N(C)C)[C@@]4(C)CC[C@@H]32)C1=O,2.1,chembal.csv,0,HZOTXNIDOKRKQY-KQFGCDFKSA-N,440.672,5.146,49.41,1,3,4,4,0
CHEMBL4764740,FC(F)(F)c1ccc(-c2nnc(N3CCN(c4ccccn4)CC3)o2)cc1,2.12,chembal.csv,0,SSUCJZRGMBQGJK-UHFFFAOYSA-N,375.354,3.477,58.29,0,6,3,4,3
CHEMBL5174709,CCC(c1ccc(O)c(OC)c1)c1ccc(OC)cc1O,2.25,chembal.csv,0,LGYPFYLGAJMCPY-UHFFFAOYSA-N,288.343,3.657,58.92,2,4,5,2,2
CHEMBL2396910,CN(C)CCCN(c1nc2ccccc2[nH]1)c1nc2ccccc2[nH]1,2.26,chembal.csv,0,IGMOQQOTBWDFBW-UHFFFAOYSA-N,334.427,3.529,63.84,2,4,6,4,4
CHEMBL146254,CC(=O)O[C@H]1[C@@H](NC(=O)C=C(C)C)CC[C@]2(C)[C@H]3CC[C@]4(C)[C@@H]([C@H](C)N(C)C)CC[C@H]4[C@@H]3CC[C@@H]12,2.3,chembal.csv,0,MTGALPCIDMQJOU-HHUFISPXSA-N,486.741,5.588,58.64,1,4,5,4,0
CHEMBL3311040,COc1ccc(-c2coc3c4c(ccc3c2=O)OC(C)(C)C=C4)cc1OC,2.34,chembal.csv,0,BRFOUIGDZGRCOL-UHFFFAOYSA-N,364.397,4.661,57.9,0,5,3,4,3
CHEMBL5412854,O=C(Oc1cccc2cc[nH]c12)N1CCOCC1,2.39,chembal.csv,0,MUIQWCOSDTUPKY-UHFFFAOYSA-N,246.266,1.999,54.56,1,3,1,3,2
CHEMBL335133,C[C@@H]([C@H]1CC[C@H]2[C@@H]3CC[C@H]4C(=O)C(NC(=O)c5ccccc5)=CC[C@]4(C)[C@H]3CC[C@]12C)N(C)C,2.49,chembal.csv,0,ZMAOKPMWBVUQPK-IWDJEAQTSA-N,462.678,5.698,49.41,1,3,4,5,1
CHEMBL5409058,O=C(/C=C/c1cccs1)N1CCc2ccccc2C1,2.5,chembal.csv,0,WBFDFHKJSMLLEN-BQYQJAHWSA-N,269.369,3.346,20.31,0,2,2,3,2
CHEMBL452582,CC(C)=CCN1c2ccccc2C2(CC=C(C)C)CCN(C)C12,2.59,chembal.csv,0,NUWYFFDZPIGJJO-UHFFFAOYSA-N,310.485,4.729,6.48,0,2,4,3,1
CHEMBL1186527,OC1CCN2Cc3ccccc3N=C12,2.6,chembal.csv,0,YIICVSCAKJMMDJ-UHFFFAOYSA-N,188.23,1.297,35.83,1,3,0,3,1
CHEMBL441868,Cc1c2c(cc[n+]1C)c1cc(O)ccc1n2C,2.68534,chembal.csv,0,CHMZSXAIQRLCLX-UHFFFAOYSA-O,227.287,2.17,29.04,1,2,0,3,3
CHEMBL5289632,CCN1CCc2c(c3ccccc3n2CC(O)Cn2c3c(c4ccccc42)CCCC3)C1,2.77,chembal.csv,0,QAGQUOAULUDQNN-UHFFFAOYSA-N,427.592,4.914,33.33,1,4,5,6,4
CHEMBL1831286,CCC(c1ccc(O)c(OC)c1)c1cccc(O)c1O,2.82,chembal.csv,0,SHJXYTKJNPPAHC-UHFFFAOYSA-N,274.316,3.354,69.92,3,4,4,2,2
CHEMBL4293626,C[C@H]1COc2c1c(=O)oc(=O)c1c3c(ccc21)C(C)(C)CCC3,2.844,chembal.csv,0,ROYYPPPACDMYJY-JTQLQIEISA-N,312.365,3.263,56.51,0,4,0,4,2
CHEMBL4754304,O=[N+]([O-])c1ccc(-c2nnc(N3CCN(c4ccccn4)CC3)o2)cc1,2.86,chembal.csv,0,CFFQCZLSZQGOOU-UHFFFAOYSA-N,352.354,2.366,101.43,0,8,4,4,3
CHEMBL43065,Oc1cc(O)cc(/C=C/c2ccc(O)cc2O)c1,2.95,chembal.csv,0,PDHAOJSHSJQANO-OWOJBTEDSA-N,244.246,2.679,80.92,4,4,2,2,2
CHEMBL3393674,C=CC[C@@H]1[C@H](O)[C@@H](OCc2ccccc2)[C@H](O)CN1CCCCCCCC,3,chembal.csv,0,JNFXERRAGVUJCV-LUKWVAJMSA-N,375.553,3.914,52.93,2,4,12,2,1
CHEMBL3769834,c1ccc2c(c1)Nc1ccccc1[Se]2,3,chembal.csv,0,ILFYOWGJBKEMSK-UHFFFAOYSA-N,246.171,1.399,12.03,1,1,0,3,2
CHEMBL1819170,c1ccc2c(NCCCCCCCN3CCOCC3)c3c(nc2c1)CCCC3,0.0905,chembal.csv,1,GMQZFOMNKDBEQB-UHFFFAOYSA-N,381.564,4.808,37.39,1,4,9,4,2
CHEMBL2336431,c1ccc(-c2nc(-c3ccccc3)n(CCCCCCCNc3c4c(nc5ccccc35)CCCC4)c2-c2ccccc2)cc1,0.09242,chembal.csv,1,VRPRFMSKPPZJFK-UHFFFAOYSA-N,590.815,10.374,42.74,1,4,12,7,6
CHEMBL75305,c1cnc2nc3c(c(NCCCCCCNc4c5c(nc6ncccc46)CCCC5)c2c1)CCCC3,0.093,chembal.csv,1,OYFQRIHSVKLETO-UHFFFAOYSA-N,480.66,6.415,75.62,2,6,9,6,4
CHEMBL3356953,O=C1C(Cl)=C(NCCNc2c3c(nc4ccccc24)CCCC3)C(=O)c2ccccc21,0.0960999999999999,chembal.csv,1,FXNPZCDRGIBCKM-UHFFFAOYSA-N,431.923,4.645,71.09,2,5,5,5,3
CHEMBL3309944,Cc1cc(=O)oc2cc(OCCCCCCCN3CCN(CC(=O)Nc4c5c(nc6ccccc46)CCCC5)CC3)ccc12,0.099,chembal.csv,1,XSLAHXIYJSPNKR-UHFFFAOYSA-N,596.772,6.114,87.91,1,7,12,6,4
CHEMBL1819174,O=c1c2ccc(OCCCCCCCNc3c4c(nc5ccccc35)CCCC4)cc2oc2ncccc12,0.101,chembal.csv,1,BFOOQYHXKGWIBI-UHFFFAOYSA-N,507.634,7.21,77.25,1,6,10,6,5
CHEMBL1819169,c1ccc2c(NCCCCCCN3CCOCC3)c3c(nc2c1)CCCC3,0.101,chembal.csv,1,CMHPNWZOHZNFLB-UHFFFAOYSA-N,367.537,4.418,37.39,1,4,8,4,2
CHEMBL2336426,Clc1ccc(-c2nc(-c3ccccc3)c(-c3ccccc3)n2CCCCCCCCNc2c3c(nc4ccccc24)CCCC3)cc1,0.10897,chembal.csv,1,OYZXLODRFPWHAB-UHFFFAOYSA-N,639.287,11.417,42.74,1,4,13,7,6
CHEMBL3410957,Cc1c(C)c2c(c(C)c1O)CCC(C)(C(=O)NCCCCCCCCCCNc1c3c(nc4ccccc14)CCCC3)O2,0.1101,chembal.csv,1,HEGWZHATVPIKRD-UHFFFAOYSA-N,585.833,8.177,83.48,3,5,13,5,3
CHEMBL3417300,Cc1c(C)c2ccc(OCCN3CCN(CCCNc4c5c(nc6ccccc46)CCCC5)CC3)cc2oc1=O,0.11272,chembal.csv,1,QXXGDBDNPIPTRF-UHFFFAOYSA-N,540.708,5.335,70.84,1,7,9,6,4
CHEMBL1257766,CCCCCCCCNc1c2c(nc3ccc(OC)cc13)CCCC2,0.12,chembal.csv,1,IFHMPKOJBNGXHV-UHFFFAOYSA-N,340.511,5.895,34.15,1,3,9,3,2
CHEMBL2331606,O=[N+]([O-])c1ccc(-c2nc(-c3ccccc3)c(-c3ccccc3)n2CCCCCCCCNc2c3c(nc4ccccc24)CCCC3)cc1,0.12013,chembal.csv,1,LPNIWAZQMCVPCX-UHFFFAOYSA-N,649.839,10.672,85.88,1,6,14,7,6
CHEMBL3417299,Cc1c(Cl)c(=O)oc2cc(OCCN3CCN(CCCNc4c5c(nc6ccccc46)CCCC5)CC3)ccc12,0.12432,chembal.csv,1,GDFJHAWHVPWSSH-UHFFFAOYSA-N,561.126,5.68,70.84,1,7,9,6,4
CHEMBL2064469,CCN(CCCN1CCN(CCNc2c3c(nc4ccccc24)CCCC3)CC1)C1CCCCC1,0.126,chembal.csv,1,RQNZWLFUMKUSEY-UHFFFAOYSA-N,477.741,5.188,34.64,1,5,10,5,2
CHEMBL2064468,CN(CCCN1CCN(CCNc2c3c(nc4ccccc24)CCCC3)CC1)C1CCCCC1,0.137,chembal.csv,1,LXUNVISZTGHADK-UHFFFAOYSA-N,463.714,4.798,34.64,1,5,9,5,2
CHEMBL4072478,COc1ccc2nc3c(c(NCCCCCCCNC(=S)NC45CC6CC(CC(C6)C4)C5)c2c1)CCCC3,0.15,chembal.csv,1,CFFDQXIMLVONET-UHFFFAOYSA-N,534.814,6.918,58.21,3,4,11,7,2
CHEMBL312761,Fc1ccc2c(NCCCCCCCCNc3c4c(nc5cc(F)ccc35)CCCC4)c3c(nc2c1)CCCC3,0.164,chembal.csv,1,LGPLUMZTSHOAFT-UHFFFAOYSA-N,542.718,8.683,49.84,2,4,11,6,4
CHEMBL74827,c1ccc2c(NCCCCCCCCNc3c4c(nc5ccccc35)CCC4)c3c(nc2c1)CCC3,0.165,chembal.csv,1,KBQNIGWBLLTLRQ-UHFFFAOYSA-N,478.684,7.625,49.84,2,4,11,6,4
CHEMBL2064470,CN(CCCN1CCN(CCNc2c3c(nc4ccccc24)CCCC3)CC1)c1ccccc1,0.211,chembal.csv,1,NXBQKWBRFRKKMP-UHFFFAOYSA-N,457.666,4.67,34.64,1,5,9,5,3
CHEMBL3322142,CCN(CCC(=O)NCCCCNc1c2c(nc3ccccc13)CCCC2)C1CCCCC1,0.228,chembal.csv,1,MNXZMODOWBSHCE-UHFFFAOYSA-N,450.671,5.467,57.26,2,4,11,4,2
CHEMBL74927,Fc1ccc2c(NCCCCCCCNc3c4c(nc5cc(F)ccc35)CCCC4)c3c(nc2c1)CCCC3,0.257,chembal.csv,1,MWRCDYACTUEODY-UHFFFAOYSA-N,528.691,8.293,49.84,2,4,10,6,4
CHEMBL3322141,CCN(CCC(=O)NCCCNc1c2c(nc3ccccc13)CCCC2)C1CCCCC1,0.267,chembal.csv,1,GDXNXPQGVOTDDZ-UHFFFAOYSA-N,436.644,5.077,57.26,2,4,10,4,2
CHEMBL421501,c1ccc2c(NCCCCCCNc3c4c(nc5ccccc35)CCC4)c3c(nc2c1)CCC3,0.273,chembal.csv,1,OTTDOZLQGARJRG-UHFFFAOYSA-N,450.63,6.845,49.84,2,4,9,6,4
CHEMBL4206484,COc1ccc(Cn2cc(C(=O)NCCCCCCNc3c4c(nc5ccccc35)CCCC4)c(=O)c3ccccc32)cc1,0.28,chembal.csv,1,JXQZTEXAQLHFFG-UHFFFAOYSA-N,588.752,6.888,85.25,2,6,12,6,5
CHEMBL3632626,COc1ccc2nc3c(c(NCCCCNC(=O)C4(C)CCc5c(C)c(O)c(C)c(C)c5O4)c2c1)CCCC3,0.29,chembal.csv,1,MGRHULYUJRQSQW-UHFFFAOYSA-N,531.697,5.845,92.71,3,6,8,5,3
CHEMBL4566976,COc1ccc2nc3c(c(NCCCCCCCCNC(=S)NC45CC6CC(CC(C6)C4)C5)c2c1)CCCC3,0.3,chembal.csv,1,XKQZQFKGCCBLCH-UHFFFAOYSA-N,548.841,7.308,58.21,3,4,12,7,2
CHEMBL4459154,NS(=O)(=O)c1ccc(NC(=S)NNc2c3c(nc4ccccc24)CCCC3)cc1,0.307,chembal.csv,1,WJZURRJVYGWLGY-UHFFFAOYSA-N,427.555,3.075,109.14,4,5,4,4,3
CHEMBL76014,c1ccc2c(NCCCCCCCNc3c4c(nc5ccccc35)CCC4)c3c(nc2c1)CCC3,0.328,chembal.csv,1,CJYZVXNYXSEUCW-UHFFFAOYSA-N,464.657,7.235,49.84,2,4,10,6,4
CHEMBL4435058,S=C(NNc1c2c(nc3ccccc13)CCCC2)Nc1ccc(Cl)cc1,0.328,chembal.csv,1,HSUWPQYTIZQCMM-UHFFFAOYSA-N,382.92,5.081,48.98,3,3,3,4,3
CHEMBL3322160,O=C(Cc1cc(=O)oc2cc(O)ccc12)NCCCCNc1c2c(nc3ccccc13)CCCC2,0.328,chembal.csv,1,NZAHEPIMJGOXMA-UHFFFAOYSA-N,471.557,4.477,104.46,3,6,8,5,4
CHEMBL3356539,COc1ccc2nc3c(c(NCCCNC4=CC(=O)c5c(O)cccc5C4=O)c2c1)CCCC3,0.329,chembal.csv,1,JNVJRXXMPRWOIZ-UHFFFAOYSA-N,457.53,4.183,100.55,3,7,7,5,3
CHEMBL1257644,CCCCCCCCCNc1c2c(nc3ccc(OC)cc13)CCCC2,0.36,chembal.csv,1,CMKNYPAMAODIKM-UHFFFAOYSA-N,354.538,6.285,34.15,1,3,10,3,2
CHEMBL3632848,COc1ccc2nc3c(c(NCCCCCNC(=O)C4(C)CCc5c(C)c(O)c(C)c(C)c5O4)c2c1)CCCC3,0.4,chembal.csv,1,UHRMTCOEBUUBLY-UHFFFAOYSA-N,545.724,6.235,92.71,3,6,9,5,3
CHEMBL4212151,COc1ccc(Cn2cc(C(=O)NCCNc3c4c(nc5ccc(OC)cc35)CCCC4)c(=O)c3ccccc32)cc1,0.408,chembal.csv,1,DUIQBBIIFBGGSF-UHFFFAOYSA-N,562.67,5.336,94.48,2,7,9,6,5
CHEMBL4435178,S=C(NNc1c2c(nc3ccccc13)CCCC2)Nc1ccc(Br)cc1,0.426,chembal.csv,1,RERMGBWFFCPWCM-UHFFFAOYSA-N,427.371,5.19,48.98,3,3,3,4,3
CHEMBL5174252,O=[N+]([O-])c1ccc2nc3c(c(Nc4[nH]nc5ncccc45)c2c1)CCCC3,0.429,chembal.csv,1,CEOCITIVLDEXBN-UHFFFAOYSA-N,360.377,4.037,109.63,2,6,3,5,4
CHEMBL3356528,COc1ccc2nc3c(c(NCCNC4=CC(=O)c5ccccc5C4=O)c2c1)CCCC3,0.501,chembal.csv,1,RKAZYMSLCDWTKC-UHFFFAOYSA-N,427.504,4.087,80.32,2,6,6,5,3
CHEMBL4525409,COc1ccc(NC(=S)NNc2c3c(nc4ccccc24)CCCC3)cc1,0.568,chembal.csv,1,RBXHQVFVPFTMCX-UHFFFAOYSA-N,378.501,4.436,58.21,3,4,4,4,3
CHEMBL4209795,COc1cc(/C=C/C(=O)NCCCCCCNc2c3c(nc4ccccc24)CCCC3)cc(OC)c1OCc1nc(C)c(C)nc1C,0.577,chembal.csv,1,DHEIFLNTYDIUHL-VHEBQXMUSA-N,637.825,7.227,107.49,2,8,15,5,4
CHEMBL3632847,COc1ccc2nc3c(c(NCCCNC(=O)C4(C)CCc5c(C)c(O)c(C)c(C)c5O4)c2c1)CCCC3,0.62,chembal.csv,1,JMDGGQINMCLMOO-UHFFFAOYSA-N,517.67,5.455,92.71,3,6,7,5,3
CHEMBL3356529,COc1ccc2nc3c(c(NCCCNC4=CC(=O)c5ccccc5C4=O)c2c1)CCCC3,0.635,chembal.csv,1,JWBMWBOHEJZYOV-UHFFFAOYSA-N,441.531,4.477,80.32,2,6,7,5,3
CHEMBL4214668,COc1ccc(Cn2cc(C(=O)NCCCNc3c4c(nc5ccccc35)CCCC4)c(=O)c3ccccc32)cc1,0.674,chembal.csv,1,KVDGLEHCVWVBQY-UHFFFAOYSA-N,546.671,5.717,85.25,2,6,9,6,5
CHEMBL3632849,COc1ccc2nc3c(c(NCCCCCCNC(=O)C4(C)CCc5c(C)c(O)c(C)c(C)c5O4)c2c1)CCCC3,0.69,chembal.csv,1,VVKDAPKAJJSSNM-UHFFFAOYSA-N,559.751,6.625,92.71,3,6,10,5,3
CHEMBL3632850,COc1ccc2nc3c(c(NCCCCCCCNC(=O)C4(C)CCc5c(C)c(O)c(C)c(C)c5O4)c2c1)CCCC3,0.7,chembal.csv,1,LVNDSHVRALPGHL-UHFFFAOYSA-N,573.778,7.016,92.71,3,6,11,5,3
CHEMBL4556651,C=CCNC(=S)NNc1c2c(nc3ccccc13)CCCC2,0.722,chembal.csv,1,ZNKBYJMHBTUJRQ-UHFFFAOYSA-N,312.442,3.091,48.98,3,3,4,3,2
CHEMBL3356950,COc1ccc2nc3c(c(NCCCNC4=C(Cl)C(=O)c5ccccc5C4=O)c2c1)CCCC3,0.742,chembal.csv,1,IWUDCTOFAHCCJE-UHFFFAOYSA-N,475.976,5.043,80.32,2,6,7,5,3
CHEMBL4580216,S=C(NNc1c2c(nc3ccccc13)CCCC2)Nc1ccccc1,0.748,chembal.csv,1,ACCSWVGAMRADDI-UHFFFAOYSA-N,348.475,4.427,48.98,3,3,3,4,3
CHEMBL3322140,CCN(CCC(=O)NCCNc1c2c(nc3ccccc13)CCCC2)C1CCCCC1,0.765,chembal.csv,1,MMAVCEZWOWSHTC-UHFFFAOYSA-N,422.617,4.686,57.26,2,4,9,4,2
CHEMBL4202784,COc1ccc(Cn2cc(C(=O)NCCCCCNc3c4c(nc5ccccc35)CCCC4)c(=O)c3ccccc32)cc1,0.823,chembal.csv,1,HBWDGMCCLIOMLX-UHFFFAOYSA-N,574.725,6.498,85.25,2,6,11,6,5
CHEMBL3322159,O=C(Cc1cc(=O)oc2cc(O)ccc12)NCCCNc1c2c(nc3ccccc13)CCCC2,0.827,chembal.csv,1,LNXFVCTVJXMJED-UHFFFAOYSA-N,457.53,4.087,104.46,3,6,7,5,4
CHEMBL5190530,Cc1ccc2nc3c(c(NCCO)c2c1)CCCC3,0.84,chembal.csv,1,QAKQWGSCAYEALR-UHFFFAOYSA-N,256.349,2.826,45.15,2,3,3,3,2
CHEMBL3356540,COc1ccc2nc3c(c(NCCNC4=C(Cl)C(=O)c5ccccc5C4=O)c2c1)CCCC3,0.97,chembal.csv,1,LQSVZGFIJMJIJV-UHFFFAOYSA-N,461.949,4.653,80.32,2,6,6,5,3
CHEMBL1618217,CCCCCCNc1c2c(nc3ccc(OC)cc13)CCCC2,1,chembal.csv,1,FHJNAXWWTVBTEP-UHFFFAOYSA-N,312.457,5.114,34.15,1,3,7,3,2
10026325,O=C1c2ccccc2C(=O)N1CCCCCCCNc1c2c(nc3ccccc13)CCCC2,0.01,pubchem.csv,1,DGQLSDQJMPNFLT-UHFFFAOYSA-N,441.575,5.772,62.3,1,4,9,5,3
10323763,COc1cc2c(cc1OC)C(=O)C(CNCCCCCCNc1c3c(nc4ccccc14)CCCC3)C2,0.05,pubchem.csv,1,UPIDGCOPWCTVFP-UHFFFAOYSA-N,501.671,5.748,72.48,2,6,12,5,3
10344005,O=C1c2ccccc2C(=O)N1CCCCCCCCNc1c2c(nc3ccccc13)CCCC2,0.029,pubchem.csv,1,BSXISTSZDDNZCX-UHFFFAOYSA-N,455.602,6.162,62.3,1,4,10,5,3
16094874,COc1cc(C(=O)NCCCCCCCCC(=O)NNc2c3c(nc4ccccc24)CCCC3)cc(OC)c1OC,0.00138,pubchem.csv,1,NHKLRYYDKGDLDA-UHFFFAOYSA-N,562.711,5.743,110.81,3,7,15,4,3
23644783,O=C1c2ccccc2C(=O)C1CNCCCCCCNc1c2c(nc3ccccc13)CCCC2,0.098,pubchem.csv,1,GWPUVGPUFGNKQZ-UHFFFAOYSA-N,455.602,5.371,71.09,2,5,10,5,3
145981760,Cn1c2ccccc2c(=NCCCCNc2c3c(nc4ccccc24)CCCC3)c2c3ccccc3[nH]c21,0.0218,pubchem.csv,1,NSEVSJOSHZWCHH-UHFFFAOYSA-N,499.662,7.033,58,2,4,6,7,6
145992788,Cn1c2ccccc2c(=NCCCCCCNc2c3c(nc4ccccc24)CCCC3)c2c3ccccc3[nH]c21,0.009,pubchem.csv,1,ZRHYDZBHINAWIR-UHFFFAOYSA-N,527.716,7.813,58,2,4,8,7,6
145993722,Cn1c2ccccc2c(=NCCCCCCCCNc2c3c(nc4ccccc24)CCCC3)c2c3ccccc3[nH]c21,0.00229,pubchem.csv,1,WFXOULMCUNDVTB-UHFFFAOYSA-N,555.77,8.593,58,2,4,10,7,6
CHEMBL224336,CN(CCCNC(=O)CCc1c[nH]c2ccccc12)CCCNc1c2c(nc3ccccc13)CCCC2,3e-05,chembal.csv,1,YIFIESCJSCAHBP-UHFFFAOYSA-N,497.687,5.468,73.05,3,4,12,5,4
CHEMBL225198,O=C(CCc1c[nH]c2ccccc12)NCCCCCCCNc1c2c(nc3cc(Cl)ccc13)CCCC2,0.0001,chembal.csv,1,FHBDDQZHQPRYJX-UHFFFAOYSA-N,517.117,7.36,69.81,3,3,12,5,4
CHEMBL3642053,CC(=O)NCCc1c[nH]c2ccc(OC(=O)NCCCCCCCCCCCCNc3c4c(nc5ccccc35)CCCC4)cc12,0.00024,chembal.csv,1,CPSSIDMPFSBMRO-UHFFFAOYSA-N,625.858,8.375,108.14,4,5,18,5,4
CHEMBL3642040,CC(=O)NCCc1c[nH]c2ccc(OC(=O)NCCCCCCCNc3c4c(nc5ccccc35)CCCC4)cc12,0.00025,chembal.csv,1,AKQSCHLJARNVMJ-UHFFFAOYSA-N,555.723,6.425,108.14,4,5,13,5,4
CHEMBL3642049,CC(=O)NCCc1c[nH]c2ccc(OC(=O)NCCCCCCCCNc3c4c(nc5ccccc35)CCCC4)cc12,0.00025,chembal.csv,1,HYWHYYQDFBRNJV-UHFFFAOYSA-N,569.75,6.815,108.14,4,5,14,5,4
CHEMBL3642052,CC(=O)NCCc1c[nH]c2ccc(OC(=O)NCCCCCCCCCCNc3c4c(nc5ccccc35)CCCC4)cc12,0.00028,chembal.csv,1,KMMFIXOTKGBTSZ-UHFFFAOYSA-N,597.804,7.595,108.14,4,5,16,5,4
CHEMBL3642043,CC(=O)NCCc1c[nH]c2ccc(OC(=O)NCCCCCCCNc3c4c(nc5cc(Cl)ccc35)CCCC4)cc12,0.00038,chembal.csv,1,HMTBXSCYSXEFRI-UHFFFAOYSA-N,590.168,7.078,108.14,4,5,13,5,4
CHEMBL3642057,CC(=O)NCCc1c[nH]c2ccc(OC(=O)NCCCCCCCCCCCCNc3c4c(nc5ccc(Cl)cc35)CCCC4)cc12,0.00078,chembal.csv,1,JUBDOIQNUNJQNE-UHFFFAOYSA-N,660.303,9.028,108.14,4,5,18,5,4
CHEMBL3642050,CC(=O)NCCc1c[nH]c2ccc(OC(=O)NCCCCCCCNc3c4c(nc5ccc(Cl)cc35)CCCC4)cc12,0.00088,chembal.csv,1,UTQFNPJLIOYJFL-UHFFFAOYSA-N,590.168,7.078,108.14,4,5,13,5,4
CHEMBL224158,O=C(CCc1c[nH]c2ccccc12)NCCCCCNc1c2c(nc3ccccc13)CCCC2,0.001,chembal.csv,1,YYNNNHICPRTURU-UHFFFAOYSA-N,454.618,5.926,69.81,3,3,10,5,4
CHEMBL370807,O=C(CCCCCNc1c2c(nc3ccccc13)CCCC2)NCCc1c[nH]c2ccc(O)cc12,0.001,chembal.csv,1,DIHZVMMPFILOAT-UHFFFAOYSA-N,470.617,5.632,90.04,4,4,10,5,4
CHEMBL3642055,CC(=O)NCCc1c[nH]c2ccc(OC(=O)NCCCCCCCCCCNc3c4c(nc5cc(Cl)ccc35)CCCC4)cc12,0.0012,chembal.csv,1,SPEKQSDIHIDYJX-UHFFFAOYSA-N,632.249,8.248,108.14,4,5,16,5,4
CHEMBL3642056,CC(=O)NCCc1c[nH]c2ccc(OC(=O)NCCCCCCCCCCCCNc3c4c(nc5cc(Cl)ccc35)CCCC4)cc12,0.00131,chembal.csv,1,FDPFEWCMKUTRHJ-UHFFFAOYSA-N,660.303,9.028,108.14,4,5,18,5,4
CHEMBL3642054,CC(=O)NCCc1c[nH]c2ccc(OC(=O)NCCCCCCCCCCNc3c4c(nc5ccc(Cl)cc35)CCCC4)cc12,0.00164,chembal.csv,1,XVXDTYXMYWAMAF-UHFFFAOYSA-N,632.249,8.248,108.14,4,5,16,5,4
CHEMBL225326,O=C(Cc1c[nH]c2ccc(Br)cc12)NCCCCCCCNc1c2c(nc3cc(Cl)ccc13)CCCC2,0.0017,chembal.csv,1,FEAVRTOEDVZKCJ-UHFFFAOYSA-N,581.986,7.732,69.81,3,3,11,5,4
CHEMBL3642042,CC(=O)NCCc1c[nH]c2ccc(OC(=O)NCCCCCCNc3c4c(nc5ccccc35)CCCC4)cc12,0.00204,chembal.csv,1,JTODDVDFMYBPGG-UHFFFAOYSA-N,541.696,6.034,108.14,4,5,12,5,4
CHEMBL3642048,CC(=O)NCCc1c[nH]c2ccc(OC(=O)NCCCCCNc3c4c(nc5ccccc35)CCCC4)cc12,0.00207,chembal.csv,1,DZVVTCMRQZXZRQ-UHFFFAOYSA-N,527.669,5.644,108.14,4,5,11,5,4
CHEMBL225567,O=C(CCc1c[nH]c2ccccc12)NCCCCCCNc1c2c(nc3cc(Cl)ccc13)CCCC2,0.0029,chembal.csv,1,CPLGYLJHIKGTTM-UHFFFAOYSA-N,503.09,6.97,69.81,3,3,11,5,4
CHEMBL382260,COc1ccc2[nH]cc(CCNC(=O)CCCCCCNc3c4c(nc5ccccc35)CCCC4)c2c1,0.003,chembal.csv,1,NNXPYYPDXHQYMI-UHFFFAOYSA-N,498.671,6.325,79.04,3,4,12,5,4
CHEMBL225021,O=C(CCCc1c[nH]c2ccccc12)NCCCCCNc1c2c(nc3cc(Cl)ccc13)CCCC2,0.0032,chembal.csv,1,WIIKLWSNLFQLLL-UHFFFAOYSA-N,503.09,6.97,69.81,3,3,11,5,4
CHEMBL4540429,N[C@@H](Cc1c[nH]c2ccccc12)C(=O)NCCCCCCNc1c2c(nc3ccccc13)CCCC2,0.0039,chembal.csv,1,KADKUQSSIRPDHT-VWLOTQADSA-N,483.66,5.253,95.83,4,4,11,5,4
CHEMBL3642041,CC(=O)NCCc1c[nH]c2ccc(OC(=O)NCCNc3c4c(nc5ccccc35)CCCC4)cc12,0.00428,chembal.csv,1,WSXAJVAWKDKQHT-UHFFFAOYSA-N,485.588,4.474,108.14,4,5,8,5,4
CHEMBL427082,O=C(CCCc1c[nH]c2ccccc12)NCCCCCCNc1c2c(nc3cc(Cl)ccc13)CCCC2,0.0056,chembal.csv,1,XXQFKMLSSFZKTL-UHFFFAOYSA-N,517.117,7.36,69.81,3,3,12,5,4
CHEMBL389192,O=C(CCc1c[nH]c2ccccc12)NCCCCCCCCNc1c2c(nc3cc(Cl)ccc13)CCCC2,0.0057,chembal.csv,1,CANCFHBYJYSQSR-UHFFFAOYSA-N,531.144,7.75,69.81,3,3,13,5,4
CHEMBL199670,O=C(CCCCCCNc1c2c(nc3ccccc13)CCCC2)NCCc1c[nH]c2ccccc12,0.0068,chembal.csv,1,XHISNFCRWZVULB-UHFFFAOYSA-N,468.645,6.316,69.81,3,3,11,5,4
CHEMBL4589980,O=C(CCCCCCNc1c2c(nc3cccc(Cl)c13)CCCC2)NCCc1c[nH]c2ccccc12,0.0078,chembal.csv,1,VMVZYFGKZMDWAT-UHFFFAOYSA-N,503.09,6.97,69.81,3,3,11,5,4
CHEMBL199585,O=C(CCCCCCNc1c2c(nc3cc(Cl)cc(Cl)c13)CCCC2)NCCc1c[nH]c2ccccc12,0.0078,chembal.csv,1,ULGJWNIHLSLQPZ-UHFFFAOYSA-N,537.535,7.623,69.81,3,3,11,5,4
CHEMBL3642051,CC(=O)NCCc1c[nH]c2ccc(OC(=O)NCCNc3c4c(nc5ccc(Cl)cc35)CCCC4)cc12,0.0081999999999999,chembal.csv,1,MBBVMMONYFBGOE-UHFFFAOYSA-N,520.033,5.127,108.14,4,5,8,5,4
CHEMBL4556281,N[C@@H](Cc1c[nH]c2ccccc12)C(=O)NCCCCCCNc1c2c(nc3cc(Cl)ccc13)CCCC2,0.00907,chembal.csv,1,MSZVAOQNSCIOAB-VWLOTQADSA-N,518.105,5.907,95.83,4,4,11,5,4
CHEMBL223549,O=C(CCc1c[nH]c2ccccc12)NCCCCCCCCCc1c2c(nc3cc(Cl)ccc13)CCCC2,0.0096,chembal.csv,1,TUUYZMNXDBPOHR-UHFFFAOYSA-N,530.156,8.271,57.78,2,2,13,5,4
CHEMBL223443,O=C(Cc1c[nH]c2ccccc12)NCCCCCCCNc1c2c(nc3cc(Cl)ccc13)CCCC2,0.0117,chembal.csv,1,NFWZCWJFWPWUFN-UHFFFAOYSA-N,503.09,6.97,69.81,3,3,11,5,4
CHEMBL223170,N#Cc1ccc2[nH]cc(CCC(=O)NCCCCCCNc3c4c(nc5cc(Cl)ccc35)CCCC4)c2c1,0.0117,chembal.csv,1,PBSOJOMZHQNAPL-UHFFFAOYSA-N,528.1,6.841,93.6,3,4,11,5,4
CHEMBL4559593,NC(Cc1c[nH]c2ccccc12)C(=O)NCCCCCCNc1c2c(nc3cc(Cl)ccc13)CCCC2,0.013,chembal.csv,1,MSZVAOQNSCIOAB-UHFFFAOYSA-N,518.105,5.907,95.83,4,4,11,5,4
CHEMBL3642047,CC(=O)NCCc1c[nH]c2ccc(OC(=O)NCCCCNc3c4c(nc5ccccc35)CCCC4)cc12,0.01549,chembal.csv,1,APIRGAOTKZFKAS-UHFFFAOYSA-N,513.642,5.254,108.14,4,5,10,5,4
CHEMBL224335,O=C(CCc1c[nH]c2ccccc12)NCCCCCNc1c2c(nc3cc(Cl)ccc13)CCCC2,0.016,chembal.csv,1,MZIDLDQPPBIKHJ-UHFFFAOYSA-N,489.063,6.58,69.81,3,3,10,5,4
CHEMBL388551,CN(CCCNC(=O)CCc1c[nH]c2ccccc12)CCCNc1c2c(nc3cc(Cl)ccc13)CCCC2,0.0214,chembal.csv,1,ZNDUXFVNQAAWFO-UHFFFAOYSA-N,532.132,6.121,73.05,3,4,12,5,4
CHEMBL202661,O=C(CCCCCNc1c2c(nc3cccc(Cl)c13)CCCC2)NCCc1c[nH]c2ccccc12,0.023,chembal.csv,1,SZRNKXYBFFECAE-UHFFFAOYSA-N,489.063,6.58,69.81,3,3,10,5,4
CHEMBL4556575,N[C@@H](Cc1c[nH]c2ccccc12)C(=O)NCCCCCNc1c2c(nc3ccccc13)CCCC2,0.023,chembal.csv,1,CYZAREYILAFECL-DEOSSOPVSA-N,469.633,4.863,95.83,4,4,10,5,4
CHEMBL4759893,COc1ccc2[nH]cc(CCNC(=O)CN(CCCCCCCCNc3c4c(nc5ccccc35)CCCC4)C(=O)/C=C/c3ccc(O)c(OC)c3)c2c1,0.0235,chembal.csv,1,OCOGBPYFWRDLHI-RELWKKBWSA-N,731.938,7.971,128.81,4,7,19,6,5
CHEMBL4559477,N[C@@H](Cc1c[nH]c2ccccc12)C(=O)NCCCCCCCNc1c2c(nc3ccccc13)CCCC2,0.025,chembal.csv,1,UJZHPVYTIDIEKK-SANMLTNESA-N,497.687,5.644,95.83,4,4,12,5,4
CHEMBL372202,COc1ccc2[nH]cc(CCNC(=O)CCCCCCNc3c4c(nc5cc(Cl)cc(Cl)c35)CCCC4)c2c1,0.025,chembal.csv,1,HSPZASVVTPKCGM-UHFFFAOYSA-N,567.561,7.632,79.04,3,4,12,5,4
CHEMBL3642044,CC(=O)NCCc1c[nH]c2ccc(OC(=O)NCCNc3c4c(nc5cc(Cl)ccc35)CCCC4)cc12,0.0345,chembal.csv,1,RISDMIZNEKTMBT-UHFFFAOYSA-N,520.033,5.127,108.14,4,5,8,5,4
CHEMBL381499,O=C(CCCCCCNc1c2c(nc3cc(Cl)ccc13)CCCC2)NCCc1c[nH]c2ccccc12,0.035,chembal.csv,1,DJYUJPYMPVRRIB-UHFFFAOYSA-N,503.09,6.97,69.81,3,3,11,5,4
CHEMBL4438120,N[C@@H](Cc1c[nH]c2ccccc12)C(=O)NCCCNc1c2c(nc3ccccc13)CCCC2,0.04,chembal.csv,1,QEILUNIAOIINON-QFIPXVFZSA-N,441.579,4.083,95.83,4,4,8,5,4
CHEMBL4555818,N[C@@H](Cc1c[nH]c2ccccc12)C(=O)NCCCCCCCNc1c2c(nc3cc(Cl)ccc13)CCCC2,0.052,chembal.csv,1,OMSRHGDYMHUMTI-SANMLTNESA-N,532.132,6.297,95.83,4,4,12,5,4
CHEMBL224051,O=C(CCc1c[nH]c2ccccc12)NCCCCCCCCCCNc1c2c(nc3ccccc13)CCCC2,0.054,chembal.csv,1,IBMAZESEFQSFBW-UHFFFAOYSA-N,524.753,7.877,69.81,3,3,15,5,4
CHEMBL4467355,COc1ccc2nc3c(c(NCCCCCCNC(=O)[C@@H](N)Cc4c[nH]c5ccccc45)c2c1)CCCC3,0.055,chembal.csv,1,PIQLGTWEYNORDA-SANMLTNESA-N,513.686,5.262,105.06,4,5,12,5,4
CHEMBL4459500,N[C@@H](Cc1c[nH]c2ccccc12)C(=O)NCCNc1c2c(nc3ccccc13)CCCC2,0.056,chembal.csv,1,IAWFZVSZFNIINF-NRFANRHFSA-N,427.552,3.693,95.83,4,4,7,5,4
CHEMBL3642046,CC(=O)NCCc1c[nH]c2ccc(OC(=O)NCCCNc3c4c(nc5ccccc35)CCCC4)cc12,0.05817,chembal.csv,1,AFGFYJJNRLVSLM-UHFFFAOYSA-N,499.615,4.864,108.14,4,5,9,5,4
CHEMBL4456435,N[C@@H](Cc1c[nH]c2ccccc12)C(=O)NCCCCCCCCNc1c2c(nc3ccccc13)CCCC2,0.064,chembal.csv,1,HRGIMFWURMHSRX-MHZLTWQESA-N,511.714,6.034,95.83,4,4,13,5,4
CHEMBL4563209,N[C@@H](Cc1c[nH]c2ccccc12)C(=O)NCCCCCNc1c2c(nc3cc(Cl)ccc13)CCCC2,0.074,chembal.csv,1,XBJIRKNODSWCBD-DEOSSOPVSA-N,504.078,5.517,95.83,4,4,10,5,4
CHEMBL4586157,COc1ccc2nc3c(c(NCCCCCCCNC(=O)[C@@H](N)Cc4c[nH]c5ccccc45)c2c1)CCCC3,0.078,chembal.csv,1,YYMUQEIOHNQFHD-MHZLTWQESA-N,527.713,5.652,105.06,4,5,13,5,4
CHEMBL4552440,N[C@@H](Cc1c[nH]c2ccccc12)C(=O)NCCCCNc1c2c(nc3cc(Cl)ccc13)CCCC2,0.12,chembal.csv,1,WKYCVHHGPCFKPD-QHCPKHFHSA-N,490.051,5.127,95.83,4,4,9,5,4
CHEMBL4459416,N[C@@H](Cc1c[nH]c2ccccc12)C(=O)NCCCCNc1c2c(nc3ccccc13)CCCC2,0.123,chembal.csv,1,JKAMSUWXIOJFTB-QHCPKHFHSA-N,455.606,4.473,95.83,4,4,9,5,4
CHEMBL4582203,COc1ccc2nc3c(c(NCCCCCCCCNC(=O)[C@@H](N)Cc4c[nH]c5ccccc45)c2c1)CCCC3,0.13,chembal.csv,1,BMKLRTWRKHBPOD-NDEPHWFRSA-N,541.74,6.042,105.06,4,5,14,5,4
CHEMBL4466307,N[C@@H](Cc1c[nH]c2ccccc12)C(=O)NCCCCCCCCNc1c2c(nc3cc(Cl)ccc13)CCCC2,0.14,chembal.csv,1,UOCRSSGPPUIQOX-MHZLTWQESA-N,546.159,6.687,95.83,4,4,13,5,4
CHEMBL4449083,N[C@H](Cc1c[nH]c2ccccc12)C(=O)NCCCCCCNc1c2c(nc3cc(Cl)ccc13)CCCC2,0.14,chembal.csv,1,MSZVAOQNSCIOAB-RUZDIDTESA-N,518.105,5.907,95.83,4,4,11,5,4
CHEMBL4541558,N[C@@H](Cc1c[nH]c2ccccc12)C(=O)NCCCNc1c2c(nc3cc(Cl)ccc13)CCCC2,0.14,chembal.csv,1,KEGGORLMXIOPRP-QFIPXVFZSA-N,476.024,4.737,95.83,4,4,8,5,4
CHEMBL4472570,COc1ccc2nc3c(c(NCCCCCNC(=O)[C@@H](N)Cc4c[nH]c5ccccc45)c2c1)CCCC3,0.19,chembal.csv,1,ODGYOTYMWFEDPR-VWLOTQADSA-N,499.659,4.872,105.06,4,5,11,5,4
CHEMBL4762083,COc1ccc2[nH]cc(CCNC(=O)CN(CCCCCCCCNc3c4c(nc5ccccc35)CCCC4)C(=O)CCCC[C@@H]3CCSS3)c2c1,0.211,chembal.csv,1,MXODBKYHGKYPJW-MGBGTMOVSA-N,744.084,9.258,99.35,3,7,21,6,4
CHEMBL4784757,COc1ccc2nc3c(c(NCCCCCCCN(CC(=O)NCCc4c[nH]c5ccc(OC)cc45)C(=O)/C=C/c4ccc(O)c(OC)c4)c2c1)CCCC3,0.234,chembal.csv,1,BCHYGDBEGKZQHD-XSFVSMFZSA-N,747.937,7.59,138.04,4,8,19,6,5
CHEMBL4762095,COc1ccc2nc3c(c(NCCCCCCCCN(CC(=O)NCCc4c[nH]c5ccc(OC)cc45)C(=O)/C=C/c4ccc(O)c(OC)c4)c2c1)CCCC3,0.336,chembal.csv,1,HPDZXQZAOYMUDC-RCCKNPSSSA-N,761.964,7.98,138.04,4,8,20,6,5
CHEMBL4444822,N[C@@H](Cc1c[nH]c2ccccc12)C(=O)NCCNc1c2c(nc3cc(Cl)ccc13)CCCC2,0.34,chembal.csv,1,LNSAIWZSMKGWEC-NRFANRHFSA-N,461.997,4.346,95.83,4,4,7,5,4
CHEMBL4790426,COc1ccc2nc3c(c(NCCCCCCN(CC(=O)NCCc4c[nH]c5ccc(OC)cc45)C(=O)/C=C/c4ccc(O)c(OC)c4)c2c1)CCCC3,0.358,chembal.csv,1,MFLCKOCRDJGDBD-CPNJWEJPSA-N,733.91,7.2,138.04,4,8,18,6,5
CHEMBL4538398,COc1ccc2nc3c(c(NCCNC(=O)[C@@H](N)Cc4c[nH]c5ccccc45)c2c1)CCCC3,0.48,chembal.csv,1,GFMYQRNZXTUENT-QFIPXVFZSA-N,457.578,3.702,105.06,4,5,8,5,4
CHEMBL4475391,COc1ccc2nc3c(c(NCCCCNC(=O)[C@@H](N)Cc4c[nH]c5ccccc45)c2c1)CCCC3,0.52,chembal.csv,1,YUYUQINXUWCCQE-DEOSSOPVSA-N,485.632,4.482,105.06,4,5,10,5,4
11329824,O=C(NCCCCCCNc1c2c(nc3cc(Cl)ccc13)CCCC2)OCCc1c[nH]c2ccccc12,0.06,pubchem.csv,1,MIAAPHRABALLRO-UHFFFAOYSA-N,519.089,7.19,79.04,3,4,11,5,4
11341105,O=C(NCCCCCNc1c2c(nc3cc(Cl)ccc13)CCCC2)OCCc1c[nH]c2ccccc12,0.136,pubchem.csv,1,LYBXKEJTVIPNNF-UHFFFAOYSA-N,505.062,6.799,79.04,3,4,10,5,4
11444151,O=C(CCc1c[nH]c2ccccc12)NCCCCCCCCCNc1c2c(nc3cc(Cl)ccc13)CCCC2,0.0096,pubchem.csv,1,BKAXAPFSKYIFDF-UHFFFAOYSA-N,545.171,8.14,69.81,3,3,14,5,4
11455410,O=C(NCCCCCCCNc1c2c(nc3cc(Cl)ccc13)CCCC2)OCCc1c[nH]c2ccccc12,0.059,pubchem.csv,1,ZFUVJAHCCTWEQC-UHFFFAOYSA-N,533.116,7.58,79.04,3,4,12,5,4
11753295,O=C(CCc1c[nH]c2ccccc12)NCCCCCCCCCCNc1c2c(nc3cc(Cl)ccc13)CCCC2,0.054,pubchem.csv,1,MBPKTUUBOVNOPG-UHFFFAOYSA-N,559.198,8.53,69.81,3,3,15,5,4
CHEMBL5201089,CCN(CC)Cc1ccccc1CNC(=O)c1cc(C)cc(NC(=O)c2ccc(F)cc2)c1,3.9e-05,chembal.csv,1,PRFKZZKBOMGITD-UHFFFAOYSA-N,447.554,5.158,61.44,2,3,9,3,3
CHEMBL5195228,CCN(CC)Cc1ccccc1CNC(=O)c1cccc(NC(=O)c2ccc(F)cc2)c1,8e-05,chembal.csv,1,VINBNLJQGNXIFH-UHFFFAOYSA-N,433.527,4.85,61.44,2,3,9,3,3
CHEMBL5200785,CCN(CC)Cc1ccccc1CNC(=O)c1cccc(NC(=O)c2ccc(I)cc2)c1,0.00011,chembal.csv,1,WVCVMKBNQDIONB-UHFFFAOYSA-N,541.433,5.315,61.44,2,3,9,3,3
CHEMBL5181960,CCN(CC)Cc1ccccc1CNC(=O)c1cccc(NC(=O)c2ccc(Br)cc2)c1,0.00013,chembal.csv,1,PXKDXQYLENYGCE-UHFFFAOYSA-N,494.433,5.473,61.44,2,3,9,3,3
CHEMBL5184728,CCN(CC)Cc1ccccc1CNC(=O)c1cc(Cl)cc(NC(=O)c2ccc(F)cc2)c1,0.00022,chembal.csv,1,XBHGYVQRDLZESO-UHFFFAOYSA-N,467.972,5.503,61.44,2,3,9,3,3
CHEMBL5184944,CCN(CC)Cc1ccccc1CNC(=O)c1cccc(NC(=O)c2ccc(F)cc2)c1C,0.00026,chembal.csv,1,FRTOVWOCMZRMLU-UHFFFAOYSA-N,447.554,5.158,61.44,2,3,9,3,3
CHEMBL5201951,CCN(CC)Cc1ccccc1CNC(=O)c1cccc(NC(=O)c2ccco2)c1,0.00026,chembal.csv,1,XOQLEHINJSAHAP-UHFFFAOYSA-N,405.498,4.304,74.58,2,4,9,3,3
CHEMBL5185039,CCN(CC)Cc1ccccc1CNC(=O)c1cccc(NC(=O)c2cccs2)c1,0.00035,chembal.csv,1,KGYMZHTZFBOJSY-UHFFFAOYSA-N,421.566,4.772,61.44,2,4,9,3,3
CHEMBL5197490,CCN(CC)Cc1ccccc1CNC(=O)c1cc(Br)cc(NC(=O)c2ccc(F)cc2)c1,0.00058,chembal.csv,1,YQBUNHYRWANHPP-UHFFFAOYSA-N,512.423,5.612,61.44,2,3,9,3,3
CHEMBL5191236,CCN(CC)Cc1ccccc1CNC(=O)c1cc(F)cc(NC(=O)c2ccc(F)cc2)c1,0.00061,chembal.csv,1,DXQJWRPPQGWZNM-UHFFFAOYSA-N,451.517,4.989,61.44,2,3,9,3,3
CHEMBL5208367,CCCN(CCC)Cc1ccccc1CNC(=O)c1cccc(NC(=O)c2cccs2)c1,0.00067,chembal.csv,1,SDSCJDCHYKVMHL-UHFFFAOYSA-N,449.62,5.552,61.44,2,4,11,3,3
CHEMBL5173939,CN(C)Cc1ccccc1CNC(=O)c1cccc(NC(=O)c2cccs2)c1,0.00075,chembal.csv,1,UTNBRMLHCJBFFR-UHFFFAOYSA-N,393.512,3.992,61.44,2,4,7,3,3
CHEMBL5198895,CCN(CC)Cc1ccccc1CNC(=O)c1cccc(NC(=O)c2ccc(Cl)cc2)c1,0.00076,chembal.csv,1,GBGKTJHGBHPXNO-UHFFFAOYSA-N,449.982,5.364,61.44,2,3,9,3,3
CHEMBL5195383,CCN(CC)Cc1ccccc1CNC(=O)c1cccc(NC(=O)c2ccccc2)c1,0.00098,chembal.csv,1,GWYBHSOQKSQRCZ-UHFFFAOYSA-N,415.537,4.711,61.44,2,3,9,3,3
CHEMBL5188290,CCN(CC)Cc1ccccc1CNC(=O)c1cccc(NC(=O)c2ccc(OC)cc2)c1,0.00104,chembal.csv,1,PJKZQEQYLPNJGF-UHFFFAOYSA-N,445.563,4.719,70.67,2,4,10,3,3
CHEMBL5185696,CCN(CC)Cc1ccccc1CNC(=O)c1cc(NC(=O)c2ccc(F)cc2)cc([N+](=O)[O-])c1,0.00104,chembal.csv,1,GUALUQRNPAZLGV-UHFFFAOYSA-N,478.524,4.758,104.58,2,5,10,3,3
CHEMBL5201163,CCN(CC)Cc1ccccc1CNC(=O)c1cccc(NC(=O)c2c(F)c(F)c(F)c(F)c2F)c1,0.00128,chembal.csv,1,RZLWHPODUZRQFY-UHFFFAOYSA-N,505.487,5.406,61.44,2,3,9,3,3
CHEMBL5169365,CCN(CC)Cc1ccccc1CNC(=O)c1ccc(Br)c(NC(=O)c2ccc(F)cc2)c1,0.00258,chembal.csv,1,UMKPOYZZISVJJU-UHFFFAOYSA-N,512.423,5.612,61.44,2,3,9,3,3
CHEMBL5208374,CCN(CC)Cc1ccccc1CNC(=O)c1cc(NC(=O)c2ccc(F)cc2)ccc1C,0.00271,chembal.csv,1,WJTLXUGJQIDIJF-UHFFFAOYSA-N,447.554,5.158,61.44,2,3,9,3,3
CHEMBL5190745,CCN(CC)Cc1ccccc1CNC(=O)c1cccc(NC(=O)c2cccc(F)c2)c1,0.00311,chembal.csv,1,AUAVVJVUZIVRMU-UHFFFAOYSA-N,433.527,4.85,61.44,2,3,9,3,3
CHEMBL5186949,CCN(CC)Cc1ccccc1CNC(=O)c1cc(C#N)cc(NC(=O)c2ccc(F)cc2)c1,0.00316,chembal.csv,1,SRXAZMFXOIUPOP-UHFFFAOYSA-N,458.537,4.721,85.23,2,4,9,3,3
CHEMBL5171447,CCN(CC)Cc1ccccc1CNC(=O)c1cccc(NC(=O)C2CCCCC2)c1,0.00371,chembal.csv,1,YZQYLOVOGNHZCO-UHFFFAOYSA-N,421.585,4.977,61.44,2,3,9,3,2
CHEMBL5198770,CCN(CC)Cc1ccccc1CNC(=O)c1cccc(NC(=O)c2ccccc2F)c1,0.00504,chembal.csv,1,XRRLLIQZQWJAIY-UHFFFAOYSA-N,433.527,4.85,61.44,2,3,9,3,3
CHEMBL5174262,CCN(CC)Cc1ccccc1CNC(=O)c1ccc(NC(=O)c2ccc(F)cc2)cc1,0.00529,chembal.csv,1,FRDRWYZOFZDRSA-UHFFFAOYSA-N,433.527,4.85,61.44,2,3,9,3,3
CHEMBL5174951,CCN(CC)Cc1ccccc1CNC(=O)c1cc(NC(=O)c2ccc(F)cc2)cc(C(F)(F)F)c1,0.00867,chembal.csv,1,ZIECMURPZWIJPK-UHFFFAOYSA-N,501.524,5.869,61.44,2,3,9,3,3
CHEMBL5190491,CCN(CC)Cc1ccccc1CNC(=O)c1cccc(C(=O)Nc2cccs2)c1,0.01288,chembal.csv,1,FGRISWDEGDVXOW-UHFFFAOYSA-N,421.566,4.772,61.44,2,4,9,3,3
CHEMBL5182498,CCN(CC)Cc1ccccc1CNC(=O)c1cc(NC(=O)c2ccc(F)cc2)ccc1Br,0.01614,chembal.csv,1,AWNNBYDEVDUCRR-UHFFFAOYSA-N,512.423,5.612,61.44,2,3,9,3,3
CHEMBL5195425,CCN(CC)Cc1ccccc1CNC(=O)c1cccc(NC(=O)c2ccc(C)cc2)c1,0.04496,chembal.csv,1,JOKCRKMFYMCFKV-UHFFFAOYSA-N,429.564,5.019,61.44,2,3,9,3,3
CHEMBL5201295,CCN(CC)Cc1ccccc1CNC(=O)c1ccccc1NC(=O)c1ccc(F)cc1,0.1149,chembal.csv,1,LBBOIUKGAUMAIL-UHFFFAOYSA-N,433.527,4.85,61.44,2,3,9,3,3
CHEMBL5178120,CCN(CC)Cc1ccccc1CNC(=O)c1cccc(OC(=O)c2cccs2)c1,0.1322,chembal.csv,1,MEAPGUVEUAEOFJ-UHFFFAOYSA-N,422.55,4.739,58.64,1,5,9,3,3
CHEMBL5199323,CCN(CC)Cc1ccccc1CNC(=O)c1ccc(C)c(NC(=O)c2ccc(F)cc2)c1,0.135,chembal.csv,1,QPDRTLJVRYSGHG-UHFFFAOYSA-N,447.554,5.158,61.44,2,3,9,3,3
CHEMBL5183552,CCN(CC)Cc1ccccc1CNC(=O)c1cc(NC(=O)c2ccc(F)cc2)cc(OC)c1,0.136,chembal.csv,1,KEBAZZYKHKZMOD-UHFFFAOYSA-N,463.553,4.858,70.67,2,4,10,3,3
CHEMBL5185423,CCN(CC)Cc1ccccc1NC(=O)c1cccc(NC(=O)c2cccs2)c1,0.54,chembal.csv,1,FRJVBTKGXGSSHD-UHFFFAOYSA-N,407.539,5.095,61.44,2,4,8,3,3
CHEMBL5186019,CCCN(CCC)Cc1ccccc1NC(=O)c1cccc(NC(=O)c2cccs2)c1,0.87,chembal.csv,1,MKCZBZBWURZDEM-UHFFFAOYSA-N,435.593,5.875,61.44,2,4,10,3,3
CHEMBL4444855,O=C(c1cccc2ccccc12)n1nc(OCCCN2CCCCC2)c2ccccc21,7.000000000000001e-05,chembal.csv,1,OXUZUFGQZRDDAF-UHFFFAOYSA-N,413.521,5.133,47.36,0,5,6,5,4
CHEMBL4476861,O=C(c1cccc2ccccc12)n1nc(OCCCN2CCCC2)c2ccccc21,0.00015,chembal.csv,1,QLAPIDQLHVXISM-UHFFFAOYSA-N,399.494,4.743,47.36,0,5,6,5,4
CHEMBL4461027,O=C(c1cccc2ccccc12)n1nc(OCCN2CCCCC2)c2ccccc21,0.00026,chembal.csv,1,RXBIWKXLAGLALA-UHFFFAOYSA-N,399.494,4.743,47.36,0,5,5,5,4
CHEMBL4584023,O=C(c1ccccc1OCc1ccccc1)n1nc(OCCCN2CCCCC2)c2ccccc21,0.0025,chembal.csv,1,WXIQCPHXIIJDAI-UHFFFAOYSA-N,469.585,5.559,56.59,0,6,9,5,4
CHEMBL4539963,O=C(c1ccccc1Cl)n1nc(OCCCN2CCCCC2)c2ccccc21,0.07,chembal.csv,1,LZRROHVTKKVZEE-UHFFFAOYSA-N,397.906,4.633,47.36,0,5,6,4,3
CHEMBL4588777,O=C(c1cccc(Cl)c1Cl)n1nc(OCCCN2CCCCC2)c2ccccc21,0.08,chembal.csv,1,BWODNPDITHQLFW-UHFFFAOYSA-N,432.351,5.286,47.36,0,5,6,4,3
CHEMBL3116282,CC(C)N(CCn1nc(OCc2cccc3ccccc23)c2ccccc21)C(C)C,0.1,chembal.csv,1,VPCGQGULMIQIPB-UHFFFAOYSA-N,401.554,5.887,30.29,0,4,8,4,4
CHEMBL3116301,Brc1ccc2c(c1)c(OCc1ccc3ccccc3c1)nn2CCN1CCCCC1,0.19,chembal.csv,1,DCVSYKUPUXBFAS-UHFFFAOYSA-N,464.407,6.017,30.29,0,4,6,5,4
CHEMBL4525824,O=C(c1cccc(Cl)c1Cl)n1nc(OCCN2CCCC2)c2ccccc21,0.23,chembal.csv,1,BFWYWDUWRLIPEO-UHFFFAOYSA-N,404.297,4.506,47.36,0,5,5,4,3
CHEMBL4473145,Cc1cc(C)c(C(=O)n2nc(OCCN3CCCCC3)c3ccccc32)c(C)c1,0.29,chembal.csv,1,XJMUJUCYSZCXIU-UHFFFAOYSA-N,391.515,4.515,47.36,0,5,5,4,3
CHEMBL4531896,O=C(c1ccccc1OCc1ccccc1)n1nc(OCCN2CCCC2)c2ccccc21,0.39,chembal.csv,1,GTCHDYHVJONDDU-UHFFFAOYSA-N,441.531,4.778,56.59,0,6,8,5,4
CHEMBL4445553,O=C(c1cccc(Cl)c1Cl)n1nc(OCCN2CCCCC2)c2ccccc21,0.6,chembal.csv,1,AYMRUPGZRKXYGK-UHFFFAOYSA-N,418.324,4.896,47.36,0,5,5,4,3
CHEMBL4544025,O=C(c1cccc(Cl)c1F)n1nc(OCCCN2CCCCC2)c2ccccc21,0.8,chembal.csv,1,HBMJZTPUWYWUEH-UHFFFAOYSA-N,415.896,4.772,47.36,0,5,6,4,3
CHEMBL3116284,c1ccc2c(COc3nn(CCN4CCCCC4)c4ccccc34)cccc2c1,0.81,chembal.csv,1,JUBZXUXHZDJSBQ-UHFFFAOYSA-N,385.511,5.254,30.29,0,4,6,5,4
CHEMBL3116286,c1ccc2cc(COc3nn(CCN4CCCCC4)c4ccccc34)ccc2c1,0.97,chembal.csv,1,XGSMKAMHMWHCFH-UHFFFAOYSA-N,385.511,5.254,30.29,0,4,6,5,4
CHEMBL2019032,O=C(NCCCCCCCCCCNc1c2c(nc3cc(Cl)ccc13)CCCC2)c1cc(=O)c2ccccc2o1,8e-05,chembal.csv,1,PLKUANBZKFHKND-UHFFFAOYSA-N,560.138,7.836,84.23,2,5,13,5,4
CHEMBL2019038,COc1cc(OC)c2c(=O)cc(C(=O)NCCCCCCCCCCNc3c4c(nc5cc(Cl)ccc35)CCCC4)oc2c1,0.0001,chembal.csv,1,DWXXMYCVGFGBCQ-UHFFFAOYSA-N,620.19,7.853,102.69,2,7,15,5,4
CHEMBL2019035,COc1ccc2oc(C(=O)NCCCCCCCCCCNc3c4c(nc5cc(Cl)ccc35)CCCC4)cc(=O)c2c1,0.0001,chembal.csv,1,SXRQIJKFEIRDFT-UHFFFAOYSA-N,590.164,7.845,93.46,2,6,14,5,4
CHEMBL5078555,COC(=O)c1c(CCCCCCCCNc2c3c(nc4cc(Cl)ccc24)CCCC3)cccc1OC,0.000265,chembal.csv,1,BVWLKHFEAAHNIO-UHFFFAOYSA-N,509.09,7.557,60.45,1,5,12,4,3
CHEMBL2019044,O=C(NCCCCCCCCCCNc1c2c(nc3cc(Cl)ccc13)CCCC2)c1cc(=O)c2cc(O)ccc2o1,0.0015,chembal.csv,1,DULLYLROEIJODI-UHFFFAOYSA-N,576.137,7.542,104.46,3,6,13,5,4
CHEMBL224998,O=C(NCCCCCCNc1c2c(nc3cc(Cl)ccc13)CCCC2)c1c[nH]c2ccccc12,0.0017,chembal.csv,1,BNYZFCXUCLRASW-UHFFFAOYSA-N,475.036,6.651,69.81,3,3,9,5,4
CHEMBL2019049,O=C(NCCCCCCCCCCNc1c2c(nc3cc(Cl)ccc13)CCCC2)c1cc(=O)c2c(O)cc(O)cc2o1,0.0025,chembal.csv,1,FUYCPEKODNDZTA-UHFFFAOYSA-N,592.136,7.247,124.69,4,7,13,5,4
CHEMBL3931628,CN1c2ccccc2C(NCCCCCCC(=O)NCCCCNc2c3c(nc4ccccc24)CCCC3)c2ccc(Cl)cc2S1(=O)=O,0.00359,chembal.csv,1,CDMNBMDFOWUGOE-UHFFFAOYSA-N,688.338,7.544,103.43,3,6,14,6,4
CHEMBL3906729,CN1c2ccccc2C(NCCCCCCC(=O)NCCCCCCNc2c3c(nc4ccccc24)CCCC3)c2ccc(Cl)cc2S1(=O)=O,0.00379,chembal.csv,1,WQSUGKDCQSCTFR-UHFFFAOYSA-N,716.392,8.324,103.43,3,6,16,6,4
CHEMBL5187561,CN1c2ccccc2C(NCCCCCCC(=O)CCCCNc2c3c(nc4ccccc24)CCCC3)c2ccc(Cl)cc2S1(=O)=O,0.004,chembal.csv,1,HAJGYMFEBBKKTC-UHFFFAOYSA-N,673.323,8.387,91.4,2,6,14,6,4
CHEMBL3924713,CN1c2ccccc2C(NCCCCCCC(=O)NCCCCCCCCNc2c3c(nc4ccccc24)CCCC3)c2ccc(Cl)cc2S1(=O)=O,0.00412,chembal.csv,1,MCYPPZFAVJLGPO-UHFFFAOYSA-N,744.446,9.104,103.43,3,6,18,6,4
CHEMBL5082773,COC(=O)c1c(O)cccc1CCCCCCCCNc1c2c(nc3cc(Cl)ccc13)CCCC2,0.00425,chembal.csv,1,AEQOQTVQIUOOKP-UHFFFAOYSA-N,495.063,7.254,71.45,2,5,11,4,3
CHEMBL2019048,COc1cc(O)c2c(=O)cc(C(=O)NCCCCCCCCCCNc3c4c(nc5cc(Cl)ccc35)CCCC4)oc2c1,0.005,chembal.csv,1,ZUULLQGMZOHIHX-UHFFFAOYSA-N,606.163,7.55,113.69,3,7,14,5,4
CHEMBL3897721,CN1c2ccccc2C(NCCCCCCC(=O)NCCCCCCCNc2c3c(nc4ccccc24)CCCC3)c2ccc(Cl)cc2S1(=O)=O,0.0064,chembal.csv,1,CIHYSLVNNRBXDM-UHFFFAOYSA-N,730.419,8.714,103.43,3,6,17,6,4
CHEMBL3925612,CN1c2ccccc2C(NCCCCCCC(=O)NCCCCCNc2c3c(nc4ccccc24)CCCC3)c2ccc(Cl)cc2S1(=O)=O,0.00697,chembal.csv,1,UYHRLJMJYGNVJM-UHFFFAOYSA-N,702.365,7.934,103.43,3,6,15,6,4
CHEMBL388575,O=C(NCCCCCNc1c2c(nc3cc(Cl)ccc13)CCCC2)c1c[nH]c2ccccc12,0.0095,chembal.csv,1,WRZLBZPGOSUCKT-UHFFFAOYSA-N,461.009,6.261,69.81,3,3,8,5,4
CHEMBL194823,O=C(CCCCC1CCSS1)NCCCNc1c2c(nc3cc(Cl)ccc13)CCCC2,0.0108,chembal.csv,1,QVGXTQPZHCDXRZ-UHFFFAOYSA-N,478.127,6.399,54.02,2,5,10,4,2
CHEMBL3970840,CN1c2ccccc2C(NCCCCCCC(=O)NCCCNc2c3c(nc4ccccc24)CCCC3)c2ccc(Cl)cc2S1(=O)=O,0.01158,chembal.csv,1,AHLHCGNYVPMUAF-UHFFFAOYSA-N,674.311,7.153,103.43,3,6,13,6,4
CHEMBL1912058,O=C(CCCC[C@H]1CCSS1)NCCCNc1c2c(nc3cc(Cl)ccc13)CCCC2,0.0121,chembal.csv,1,QVGXTQPZHCDXRZ-SFHVURJKSA-N,478.127,6.399,54.02,2,5,10,4,2
CHEMBL1912059,O=C(CCCC[C@@H]1CCSS1)NCCCNc1c2c(nc3cc(Cl)ccc13)CCCC2,0.0126,chembal.csv,1,QVGXTQPZHCDXRZ-GOSISDBHSA-N,478.127,6.399,54.02,2,5,10,4,2
CHEMBL4751100,COc1cc2c(cc1O)CCC(C)(CCNCCCCCCCCNc1c3c(nc4cc(Cl)ccc14)CCCC3)O2,0.0134,chembal.csv,1,UZGKESBGVBGSPI-UHFFFAOYSA-N,580.213,7.997,75.64,3,6,14,5,3
CHEMBL4796461,COc1cc2c(cc1O)CCC(C)(CCNCCCCCCCNc1c3c(nc4cc(Cl)ccc14)CCCC3)O2,0.0174,chembal.csv,1,HWAJTAQZIKDHGT-UHFFFAOYSA-N,566.186,7.607,75.64,3,6,13,5,3
CHEMBL4785201,COc1cc2c(cc1O)CCC(C)(CCNCCCCCCCCCNc1c3c(nc4cc(Cl)ccc14)CCCC3)O2,0.0183,chembal.csv,1,VIACPOGORNYWLC-UHFFFAOYSA-N,594.24,8.387,75.64,3,6,15,5,3
CHEMBL388627,O=C(NCCCCCCCNc1c2c(nc3cc(Cl)ccc13)CCCC2)c1c[nH]c2ccccc12,0.019,chembal.csv,1,FAYCJMALFQZDBF-UHFFFAOYSA-N,489.063,7.041,69.81,3,3,10,5,4
CHEMBL5072428,Oc1cccc(CCCCCCCCNc2c3c(nc4cc(Cl)ccc24)CCCC3)c1,0.0194,chembal.csv,1,RHRPEZRIYKIIFR-UHFFFAOYSA-N,437.027,7.468,45.15,2,3,10,4,3
CHEMBL4591167,NC12CC3CC(F)(CC(C1)c1cc(NC(=O)CCCCNc4c5c(nc6cc(Cl)ccc46)CCCC5)ccc13)C2,0.02,chembal.csv,1,YCQJXONOYVGKOF-UHFFFAOYSA-N,561.145,7.552,80.04,3,4,7,8,3
CHEMBL3632988,Cc1c(C)c2c(c(C)c1O)CCC(C)(C(=O)NCCNc1c3c(nc4cc(Cl)ccc14)CCCC3)O2,0.02,chembal.csv,1,KSTZJULPHDWERN-UHFFFAOYSA-N,508.062,5.71,83.48,3,5,5,5,3
CHEMBL223714,O=C(NCCCCCCCCNc1c2c(nc3cc(Cl)ccc13)CCCC2)c1c[nH]c2ccccc12,0.0224,chembal.csv,1,NTWXQLUPCDPUOH-UHFFFAOYSA-N,503.09,7.431,69.81,3,3,11,5,4
CHEMBL3979082,CN1c2ccccc2C(NCCCCCCC(=O)NCCNc2c3c(nc4ccccc24)CCCC3)c2ccc(Cl)cc2S1(=O)=O,0.02256,chembal.csv,1,DXEQWGWXVLXLEP-UHFFFAOYSA-N,660.284,6.763,103.43,3,6,12,6,4
CHEMBL5088557,COc1cccc(CCCCCCCCNc2c3c(nc4cc(Cl)ccc24)CCCC3)c1,0.0258,chembal.csv,1,BBPYQOCREQEZQX-UHFFFAOYSA-N,451.054,7.771,34.15,1,3,11,4,3
CHEMBL307004,Clc1ccc2c(NCCCCCCCNc3c4c(nc5cc(Cl)ccc35)CCCC4)c3c(nc2c1)CCCC3,0.026,chembal.csv,1,UAGMFLGLVVWYFR-UHFFFAOYSA-N,561.601,9.322,49.84,2,4,10,6,4
CHEMBL4471876,Cc1cc(=O)oc2cc(OCCCCCn3cc(CNc4c5c(nc6cc(Cl)ccc46)CCCC5)nn3)ccc12,0.027,chembal.csv,1,XMGXMSRQJGXDFY-UHFFFAOYSA-N,558.082,6.635,95.07,1,8,10,6,5
CHEMBL3897530,CN1c2ccccc2C(NCCCCCCC(=O)NCCCCCNc2c3c(nc4cc(Cl)ccc24)CCCC3)c2ccc(Cl)cc2S1(=O)=O,0.03041,chembal.csv,1,NNPXPLWUQTYFPP-UHFFFAOYSA-N,736.81,8.587,103.43,3,6,15,6,4
CHEMBL1912060,O=C(CCCCc1cccs1)NCCCNc1c2c(nc3cc(Cl)ccc13)CCCC2,0.0306,chembal.csv,1,GLEYGYRXUBEHAQ-UHFFFAOYSA-N,456.055,6.16,54.02,2,4,10,4,3
CHEMBL4789620,COc1cc2c(cc1OCc1ccccc1)CCC(C)(CC(=O)NCCCCCCCCCNc1c3c(nc4cc(Cl)ccc14)CCCC3)O2,0.0306,chembal.csv,1,OMCLEUFICTWJAY-UHFFFAOYSA-N,698.348,9.787,81.71,2,6,17,6,4
CHEMBL3934708,CN1c2ccccc2C(NCCCCCCC(=O)NCCCCCCNc2c3c(nc4cc(Cl)ccc24)CCCC3)c2ccc(Cl)cc2S1(=O)=O,0.03207,chembal.csv,1,RUHPQTKVDFTYAQ-UHFFFAOYSA-N,750.837,8.977,103.43,3,6,16,6,4
CHEMBL1819179,Clc1ccc2c(NCCCCCCCOc3cccc(-c4cc5ccccc5o4)c3)c3c(nc2c1)CCCC3,0.0414,chembal.csv,1,WJLFEPIYIQDTHA-UHFFFAOYSA-N,539.119,9.622,47.29,1,4,11,6,5
CHEMBL3950031,CN1c2ccccc2C(NCCCCCCC(=O)NCCNc2c3c(nc4cc(Cl)ccc24)CCCC3)c2ccc(Cl)cc2S1(=O)=O,0.04733,chembal.csv,1,FGRSKSKTBRRTFG-UHFFFAOYSA-N,694.729,7.417,103.43,3,6,12,6,4
CHEMBL3932283,CN1c2ccccc2C(NCCCCCCC(=O)NCCCCNc2c3c(nc4cc(Cl)ccc24)CCCC3)c2ccc(Cl)cc2S1(=O)=O,0.04813,chembal.csv,1,YFGXOMZBZNJSHM-UHFFFAOYSA-N,722.783,8.197,103.43,3,6,14,6,4
CHEMBL2019041,COc1cc2oc(C(=O)NCCCCCCCCCCNc3c4c(nc5cc(Cl)ccc35)CCCC4)cc(=O)c2cc1OC,0.05,chembal.csv,1,KBYFEQRBOAAMSZ-UHFFFAOYSA-N,620.19,7.853,102.69,2,7,15,5,4
CHEMBL4747041,COc1cc2c(cc1OCc1ccccc1)CCC(C)(CC(=O)NCCCCCCCNc1c3c(nc4cc(Cl)ccc14)CCCC3)O2,0.051,chembal.csv,1,JYPJKGLZUCPORL-UHFFFAOYSA-N,670.294,9.007,81.71,2,6,15,6,4
CHEMBL3907702,CN1c2ccccc2C(NCCCCCCC(=O)NCCCNc2c3c(nc4cc(Cl)ccc24)CCCC3)c2ccc(Cl)cc2S1(=O)=O,0.05244,chembal.csv,1,DXJLWAZECCIGEM-UHFFFAOYSA-N,708.756,7.807,103.43,3,6,13,6,4
CHEMBL3925814,CN1c2ccccc2C(NCCCCCCC(=O)NCCCCCCCNc2c3c(nc4cc(Cl)ccc24)CCCC3)c2ccc(Cl)cc2S1(=O)=O,0.05376,chembal.csv,1,LTPCJHPAGLOXLE-UHFFFAOYSA-N,764.864,9.367,103.43,3,6,17,6,4
CHEMBL3632994,Cc1c(C)c2c(c(C)c1O)CCC(C)(C(=O)NCCCCCCCCNc1c3c(nc4cc(Cl)ccc14)CCCC3)O2,0.054,chembal.csv,1,MATYDNFWBAVIBC-UHFFFAOYSA-N,592.224,8.05,83.48,3,5,11,5,3
CHEMBL225077,O=C(CCOc1c[nH]c2ccccc12)NCCCCCCCNc1c2c(nc3cc(Cl)ccc13)CCCC2,0.059,chembal.csv,1,QAGXISPTVQTZFB-UHFFFAOYSA-N,533.116,7.196,79.04,3,4,13,5,4
CHEMBL225327,O=C(CCOc1c[nH]c2ccccc12)NCCCCCCNc1c2c(nc3cc(Cl)ccc13)CCCC2,0.06,chembal.csv,1,XQNXEBIMAZOJIM-UHFFFAOYSA-N,519.089,6.806,79.04,3,4,12,5,4
CHEMBL1819176,Clc1ccc2c(NCCCCCCCNc3c4c(nc5ccccc35)-c3ccccc3C4)c3c(nc2c1)CCCC3,0.0637,chembal.csv,1,ASEDWXNMPGNYLM-UHFFFAOYSA-N,561.173,9.361,49.84,2,4,10,7,5
CHEMBL3216655,COc1cc2c(cc1OC)C(=O)C(CC1CCN(CCCNc3c4c(nc5cc(Cl)ccc35)CCCC4)CC1)C2,0.0663,chembal.csv,1,JLXTZNCTOFGHRK-UHFFFAOYSA-N,562.154,6.744,63.69,1,6,9,6,3
CHEMBL3217103,COc1cc2c(cc1OC)CC(CC1CCN(CCCNc3c4c(nc5cc(Cl)ccc35)CCCC4)CC1)C2,0.0727,chembal.csv,1,BLQBKXIXNYWZQU-UHFFFAOYSA-N,548.171,7.103,46.62,1,5,9,6,3
CHEMBL224202,O=C(/C=C/c1c[nH]c2ccccc12)NCCCCCCNc1c2c(nc3cc(Cl)ccc13)CCCC2,0.077,chembal.csv,1,GFHYZPMZHCOIER-DTQAZKPQSA-N,501.074,7.05,69.81,3,3,10,5,4
CHEMBL388615,O=C(NCCCCCCCNc1c2c(nc3cc(Cl)ccc13)CCCC2)c1n[nH]c2ccccc12,0.079,chembal.csv,1,XYRVXZVCEIJZMQ-UHFFFAOYSA-N,490.051,6.436,82.7,3,4,10,5,4
CHEMBL4798535,COc1cc2c(cc1O)CCC(C)(CC(=O)NCCCCCCCNc1c3c(nc4cc(Cl)ccc14)CCCC3)O2,0.0790999999999999,chembal.csv,1,NFMKVTKMAZTQRZ-UHFFFAOYSA-N,580.169,7.134,92.71,3,6,12,5,3
CHEMBL5077234,COc1cc(CCCCCCCCNc2c3c(nc4cc(Cl)ccc24)CCCC3)cc(OC)c1,0.0832,chembal.csv,1,JGUNLVMXZSXJHV-UHFFFAOYSA-N,481.08,7.779,43.38,1,4,12,4,3
CHEMBL4215217,COc1ccc(Cn2cc(C(=O)NCCNc3c4c(nc5cc(Cl)ccc35)CCCC4)c(=O)c3ccccc32)cc1,0.0833,chembal.csv,1,DTAVPFOKFGJGTE-UHFFFAOYSA-N,567.089,5.981,85.25,2,6,8,6,5
CHEMBL3216210,COc1cc2c(cc1OC)CC(CC1CCN(CCNc3c4c(nc5cc(Cl)ccc35)CCCC4)CC1)C2,0.0887,chembal.csv,1,POLUICWPCFPRKU-UHFFFAOYSA-N,534.144,6.713,46.62,1,5,8,6,3
CHEMBL3632990,Cc1c(C)c2c(c(C)c1O)CCC(C)(C(=O)NCCCCNc1c3c(nc4cc(Cl)ccc14)CCCC3)O2,0.09,chembal.csv,1,DUACEZNSYNKOQI-UHFFFAOYSA-N,536.116,6.49,83.48,3,5,7,5,3
CHEMBL2019053,O=C(NCCCCCCCCCCNc1c2c(nc3cc(Cl)ccc13)CCCC2)c1cc(=O)c2cc(O)c(O)cc2o1,0.095,chembal.csv,1,VNWJCXLTKRADKP-UHFFFAOYSA-N,592.136,7.247,124.69,4,7,13,5,4
CHEMBL4747836,COc1cc2c(cc1OCc1ccccc1)CCC(C)(CC(=O)NCCCCCCCCNc1c3c(nc4cc(Cl)ccc14)CCCC3)O2,0.1,chembal.csv,1,GTUYMOXZKSCJQY-UHFFFAOYSA-N,684.321,9.397,81.71,2,6,16,6,4
CHEMBL4762419,COc1cc2c(cc1O)CCC(C)(CCC(=O)NCCCCCCNc1c3c(nc4cc(Cl)ccc14)CCCC3)O2,0.102,chembal.csv,1,KYLGVOFITHEPJQ-UHFFFAOYSA-N,580.169,7.134,92.71,3,6,12,5,3
CHEMBL5220250,O=c1c(NCCCCc2c3c(nc4cc(Cl)ccc24)CCCC3)c(NCCCCc2c3c(nc4ccc(Cl)cc24)CCCC3)c1=O,0.11,chembal.csv,1,BQVZIZUQUFCCJT-UHFFFAOYSA-N,655.67,8.313,83.98,2,6,12,7,5
CHEMBL3322232,O=C(NCCCNc1c2c(nc3cc(Cl)ccc13)CCCC2)c1ccc2nc(-c3ccc(Cl)cc3)c3c(c2c1)NCCC3,0.12,chembal.csv,1,NOBALTDRZBHVTJ-UHFFFAOYSA-N,610.589,8.226,78.94,3,5,7,7,5
CHEMBL5078914,O=C(O)c1c(O)cccc1CCCCCCCCNc1c2c(nc3cc(Cl)ccc13)CCCC2,0.12,chembal.csv,1,BMTLZVAZBOEBJY-UHFFFAOYSA-N,481.036,7.166,82.45,3,4,11,4,3
CHEMBL3632991,Cc1c(C)c2c(c(C)c1O)CCC(C)(C(=O)NCCCCCNc1c3c(nc4cc(Cl)ccc14)CCCC3)O2,0.13,chembal.csv,1,UGEBTJZBDCKUJD-UHFFFAOYSA-N,550.143,6.88,83.48,3,5,8,5,3
CHEMBL223277,O=C(CCOc1c[nH]c2ccccc12)NCCCCCNc1c2c(nc3cc(Cl)ccc13)CCCC2,0.136,chembal.csv,1,IXWRDMDQHRVXPS-UHFFFAOYSA-N,505.062,6.416,79.04,3,4,11,5,4
CHEMBL3216422,COc1cc2c(cc1OC)C(=O)C(CC1CCN(CCNc3c4c(nc5cc(Cl)ccc35)CCCC4)CC1)C2,0.136,chembal.csv,1,FNBJPXIAYRUTAU-UHFFFAOYSA-N,548.127,6.353,63.69,1,6,8,6,3
CHEMBL474268,Clc1ccc2c(NCCCNCCCCCCOc3cccc4[nH]c5ccccc5c34)c3c(nc2c1)CCCC3,0.137,chembal.csv,1,CFVHUTNSNQLFIJ-UHFFFAOYSA-N,555.166,8.433,61.97,3,4,13,6,5
CHEMBL4794645,COc1cc2c(cc1O)CCC(C)(CCC(=O)NCCCCCCCCNc1c3c(nc4cc(Cl)ccc14)CCCC3)O2,0.148,chembal.csv,1,JQKJWDFQBYGCOQ-UHFFFAOYSA-N,608.223,7.914,92.71,3,6,14,5,3
CHEMBL4797814,COc1cc2c(cc1O)CCC(C)(CC(=O)NCCCCCCCCCNc1c3c(nc4cc(Cl)ccc14)CCCC3)O2,0.168,chembal.csv,1,UBUVCITWHPAWGO-UHFFFAOYSA-N,608.223,7.914,92.71,3,6,14,5,3
CHEMBL4787579,COc1cc2c(cc1O)CCC(C)(CC(=O)NCCCCCCCCNc1c3c(nc4cc(Cl)ccc14)CCCC3)O2,0.17,chembal.csv,1,XMJSUNRZFVJJHT-UHFFFAOYSA-N,594.196,7.524,92.71,3,6,13,5,3
CHEMBL4466652,COc1cc2oc(-c3ccc(NCCCNc4c5c(nc6cc(Cl)ccc46)CCCC5)cc3)cc(=O)c2c(OC)c1OC,0.174,chembal.csv,1,FRHTWDFXZBLZBU-UHFFFAOYSA-N,600.115,7.48,94.85,2,8,10,6,5
CHEMBL5178885,O=C(Nc1ccc(OC(F)(F)F)cc1)NC1CCN(C(=O)CCCCNc2c3c(nc4cc(Cl)ccc24)CCCC3)CC1,0.179,chembal.csv,1,LCWAVZISUIFMQY-UHFFFAOYSA-N,618.1,7.061,95.59,3,5,9,5,3
CHEMBL4787251,COc1cc2c(cc1O)CCC(C)(CCNCCOCCOCCNc1c3c(nc4cc(Cl)ccc14)CCCC3)O2,0.18,chembal.csv,1,YZABYNHVFXOCEC-UHFFFAOYSA-N,584.157,5.69,94.1,3,8,14,5,3
CHEMBL4448188,O=C(CCCCCNc1c2c(nc3cc(Cl)ccc13)CCCC2)NCCc1cc2ccccc2[nH]1,0.18,chembal.csv,1,IZGHBNGGZIMGSC-UHFFFAOYSA-N,489.063,6.58,69.81,3,3,10,5,4
CHEMBL4797177,COc1cc2c(cc1O)CCC(C)(CCC(=O)NCCCCCCCNc1c3c(nc4cc(Cl)ccc14)CCCC3)O2,0.187,chembal.csv,1,BBTQZRHMEIWKAX-UHFFFAOYSA-N,594.196,7.524,92.71,3,6,13,5,3
CHEMBL473866,Clc1ccc2c(NCCCNCCCCCOc3cccc4[nH]c5ccccc5c34)c3c(nc2c1)CCCC3,0.189,chembal.csv,1,NFCKRAFHWQEUBC-UHFFFAOYSA-N,541.139,8.042,61.97,3,4,12,6,5
CHEMBL5412564,Clc1ccc2c(NCCCCCN3c4ccccc4Sc4ccccc43)c3c(nc2c1)CCCC3,0.19,chembal.csv,1,ICNPKYKIVQPEDC-UHFFFAOYSA-N,500.111,8.652,28.16,1,4,7,6,4
CHEMBL312310,Clc1ccc2c(NCCCCCCCCNc3c4c(nc5cc(Cl)ccc35)CCCC4)c3c(nc2c1)CCCC3,0.194,chembal.csv,1,VPKBEAWMABSKGC-UHFFFAOYSA-N,575.628,9.712,49.84,2,4,11,6,4
CHEMBL3356533,O=C1C=C(NCCCNc2c3c(nc4cc(Cl)ccc24)CCCC3)C(=O)c2ccccc21,0.197,chembal.csv,1,IKGNUTZEJZTSQS-UHFFFAOYSA-N,445.95,5.122,71.09,2,5,6,5,3
CHEMBL4558495,FC12CC3CC(NCCCCCNc4c5c(nc6cc(Cl)ccc46)CCCC5)(CC(C1)c1ccccc13)C2,0.2,chembal.csv,1,KGFCDQGKQARIBX-UHFFFAOYSA-N,532.147,8.245,36.95,2,3,8,8,3
CHEMBL4789172,COc1cc2c(cc1OCc1ccccc1)CCC(C)(CC(=O)NCCCCCCNc1c3c(nc4cc(Cl)ccc14)CCCC3)O2,0.201,chembal.csv,1,SRUORENXKCKPFF-UHFFFAOYSA-N,656.267,8.617,81.71,2,6,14,6,4
CHEMBL3322233,O=C(NCCCCNc1c2c(nc3cc(Cl)ccc13)CCCC2)c1ccc2nc(-c3ccc(Cl)cc3)c3c(c2c1)NCCC3,0.205,chembal.csv,1,ZQFXENUXQNLUDE-UHFFFAOYSA-N,624.616,8.616,78.94,3,5,8,7,5
CHEMBL426015,Cn1cc(C(=O)NCCCCCCCNc2c3c(nc4cc(Cl)ccc24)CCCC3)c2ccccc21,0.206,chembal.csv,1,XLZKWRHITDAXOX-UHFFFAOYSA-N,503.09,7.051,58.95,2,4,10,5,4
CHEMBL478667,Clc1ccc2c(NCCCNCCCCOc3cccc4[nH]c5ccccc5c34)c3c(nc2c1)CCCC3,0.211,chembal.csv,1,CMKFVCOUPURYTM-UHFFFAOYSA-N,527.112,7.652,61.97,3,4,11,6,5
CHEMBL3215573,O=C(CCc1ccc2nc(-c3ccccc3)c3c(c2c1)OCCC3)NCCCCCCNc1c2c(nc3cc(Cl)ccc13)CCCC2,0.218,chembal.csv,1,KLGKWPHPNYLNFS-UHFFFAOYSA-N,647.263,9.028,76.14,2,5,12,7,5
CHEMBL1196204,O=C(NCCCCCCCCNc1c2c(nc3cc(Cl)ccc13)CCCC2)c1ccc2nc(-c3ccc(Cl)cc3)c3c(c2c1)OCCC3,0.223,chembal.csv,1,RJZPCUVMLZBWGD-UHFFFAOYSA-N,681.708,10.143,76.14,2,5,12,7,5
CHEMBL3216221,O=C(CCc1ccc2nc(-c3ccccc3)c3c(c2c1)OCCC3)NCCCCCCCNc1c2c(nc3cc(Cl)ccc13)CCCC2,0.234,chembal.csv,1,WZSXQVUTYDCZRO-UHFFFAOYSA-N,661.29,9.419,76.14,2,5,13,7,5
CHEMBL3356952,O=C1C(Cl)=C(NCCCNc2c3c(nc4cc(Cl)ccc24)CCCC3)C(=O)c2ccccc21,0.234,chembal.csv,1,YIHUNKHKTCXRQL-UHFFFAOYSA-N,480.395,5.688,71.09,2,5,6,5,3
CHEMBL3356532,O=C1C=C(NCCNc2c3c(nc4cc(Cl)ccc24)CCCC3)C(=O)c2ccccc21,0.256,chembal.csv,1,LPKPJMVPAYGIBN-UHFFFAOYSA-N,431.923,4.732,71.09,2,5,5,5,3
CHEMBL3356537,O=C1C(NCCCNc2c3c(nc4cc(Cl)ccc24)CCCC3)=CC(=O)c2c(O)cccc21,0.258,chembal.csv,1,CRTRSIPNSJNRTM-UHFFFAOYSA-N,461.949,4.827,91.32,3,6,6,5,3
CHEMBL3322231,O=C(NCCCCCCCCNc1c2c(nc3cc(Cl)ccc13)CCCC2)c1ccc2nc(-c3ccc(Cl)cc3)c3c(c2c1)NCCC3,0.286,chembal.csv,1,SCHXMKVUYVNKRR-UHFFFAOYSA-N,680.724,10.176,78.94,3,5,12,7,5
CHEMBL3356951,O=C1C(Cl)=C(NCCNc2c3c(nc4cc(Cl)ccc24)CCCC3)C(=O)c2ccccc21,0.287,chembal.csv,1,RQRGYKWAWXKBKX-UHFFFAOYSA-N,466.368,5.298,71.09,2,5,5,5,3
CHEMBL2448076,O=C(CCc1ccc2nc(-c3ccccc3)c3c(c2c1)OCCC3)NCCCCCNc1c2c(nc3cc(Cl)ccc13)CCCC2,0.29,chembal.csv,1,ORGUKHCERGONJS-UHFFFAOYSA-N,633.236,8.638,76.14,2,5,11,7,5
CHEMBL478666,Clc1ccc2c(NCCCNCCCOc3cccc4[nH]c5ccccc5c34)c3c(nc2c1)CCCC3,0.296,chembal.csv,1,LPEKEPLZQKHSPL-UHFFFAOYSA-N,513.085,7.262,61.97,3,4,10,6,5
CHEMBL73160,Clc1ccc2c(NCCCCCCNc3c4c(nc5cc(Cl)ccc35)CCCC4)c3c(nc2c1)CCCC3,0.312,chembal.csv,1,IXRJZUFMXJZPOC-UHFFFAOYSA-N,547.574,8.932,49.84,2,4,9,6,4
CHEMBL363391,Nc1c2c(nc3cc(Cl)ccc13)CC(CNC(=O)CCCCC1CCSS1)CC2,0.329,chembal.csv,1,YNUALVMKORREBG-UHFFFAOYSA-N,450.073,5.406,68.01,2,5,7,4,2
CHEMBL3322234,O=C(NCCCCCNc1c2c(nc3cc(Cl)ccc13)CCCC2)c1ccc2nc(-c3ccc(Cl)cc3)c3c(c2c1)NCCC3,0.337,chembal.csv,1,HUAUVHYOLGBGMR-UHFFFAOYSA-N,638.643,9.006,78.94,3,5,9,7,5
CHEMBL3632992,Cc1c(C)c2c(c(C)c1O)CCC(C)(C(=O)NCCCCCCNc1c3c(nc4cc(Cl)ccc14)CCCC3)O2,0.4,chembal.csv,1,LQLZUORNIXSABC-UHFFFAOYSA-N,564.17,7.27,83.48,3,5,9,5,3
CHEMBL5200047,O=C(Nc1ccc(OC(F)(F)F)cc1)NC1CCN(C(=O)CCCNc2c3c(nc4cc(Cl)ccc24)CCCC3)CC1,0.416,chembal.csv,1,MSNDBGHTMCHRQB-UHFFFAOYSA-N,604.073,6.67,95.59,3,5,8,5,3
CHEMBL3964439,CN1c2ccccc2C(NCCCCCCC(=O)NCCCCCCCCNc2c3c(nc4cc(Cl)ccc24)CCCC3)c2ccc(Cl)cc2S1(=O)=O,0.45621,chembal.csv,1,WVGUEYXUJOQRDW-UHFFFAOYSA-N,778.891,9.757,103.43,3,6,18,6,4
CHEMBL4471659,NC12CC3CC(F)(CC(C1)c1cc(NC(=O)CCCNc4c5c(nc6cc(Cl)ccc46)CCCC5)ccc13)C2,0.5,chembal.csv,1,KYDRQPDEAFLWHH-UHFFFAOYSA-N,547.118,7.162,80.04,3,4,6,8,3
CHEMBL3356536,O=C1C(NCCNc2c3c(nc4cc(Cl)ccc24)CCCC3)=CC(=O)c2c(O)cccc21,0.54,chembal.csv,1,QOYHHKMVCBONOU-UHFFFAOYSA-N,447.922,4.437,91.32,3,6,5,5,3
CHEMBL3216018,O=C(CCc1ccc2nc(-c3ccccc3)c3c(c2c1)OCCC3)NCCCCNc1c2c(nc3cc(Cl)ccc13)CCCC2,0.586,chembal.csv,1,ISVMYZOITFYUKN-UHFFFAOYSA-N,619.209,8.248,76.14,2,5,10,7,5
CHEMBL3632993,Cc1c(C)c2c(c(C)c1O)CCC(C)(C(=O)NCCCCCCCNc1c3c(nc4cc(Cl)ccc14)CCCC3)O2,0.7,chembal.csv,1,CFKPVXGCGGKCOM-UHFFFAOYSA-N,578.197,7.66,83.48,3,5,10,5,3
CHEMBL3632989,Cc1c(C)c2c(c(C)c1O)CCC(C)(C(=O)NCCCNc1c3c(nc4cc(Cl)ccc14)CCCC3)O2,0.77,chembal.csv,1,UORVVOCXCLCVTI-UHFFFAOYSA-N,522.089,6.1,83.48,3,5,6,5,3
CHEMBL5204900,O=C(Nc1ccc(OC(F)(F)F)cc1)NC1CCN(C(=O)CCNc2c3c(nc4cc(Cl)ccc24)CCCC3)CC1,0.947,chembal.csv,1,WTPMKFXZAUAECV-UHFFFAOYSA-N,590.046,6.28,95.59,3,5,7,5,3
10007264,O=C(CN1C(=O)c2ccccc2C1=O)NCCCCCCCNc1c2c(nc3cc(Cl)ccc13)CCCC2,0.66,pubchem.csv,1,CMAUFICHSLSADI-UHFFFAOYSA-N,533.072,5.542,91.4,2,5,11,5,3
17989636,O=C(CN1C(=O)c2ccccc2C1=O)NCCCCCCNc1c2c(nc3cc(Cl)ccc13)CCCC2,0.22,pubchem.csv,1,JFPMDULIXYETHU-UHFFFAOYSA-N,519.045,5.152,91.4,2,5,10,5,3
23644784,CN(CCCCNC(=O)CN1C(=O)c2ccccc2C1=O)CCNc1c2c(nc3cc(Cl)ccc13)CCCC2,0.075,pubchem.csv,1,YGULXWMNDJFAQR-UHFFFAOYSA-N,548.087,4.303,94.64,2,6,11,5,3
CHEMBL570764,O=C(NCc1ccccc1)O[C@H]1CO[C@H]2[C@@H]1OC[C@H]2OC(=O)c1ccccc1O,0.00015,chembal.csv,1,ZFKPOGMAKBXHRD-FCGDIQPGSA-N,399.399,2.01,103.32,2,7,5,4,2
CHEMBL583687,Cc1ccccc1C(=O)O[C@@H]1CO[C@H]2[C@@H]1OC[C@@H]2OC(=O)NCc1ccccc1,0.0012,chembal.csv,1,XMIPVPSZMVVUST-IYWMVGAKSA-N,397.427,2.613,83.09,1,6,5,4,2
CHEMBL445695,O=C(NCc1ccccc1)O[C@H]1CO[C@H]2[C@@H]1OC[C@H]2O[N+](=O)[O-],0.0036,chembal.csv,1,XCUJUZNXFHRMEC-UMSGYPCISA-N,324.289,0.656,109.16,1,7,5,3,1
CHEMBL523830,O=C(NCc1ccccc1)O[C@H]1CO[C@H]2[C@@H]1OC[C@H]2OC(=O)c1ccccc1,0.0043,chembal.csv,1,NIWDLVRLOCHGOV-FCGDIQPGSA-N,383.4,2.305,83.09,1,6,5,4,2
CHEMBL492635,O=C(NCc1ccccc1)O[C@H]1CO[C@H]2[C@@H]1OC[C@H]2OC(=O)C1CCCC1,0.006,chembal.csv,1,UPLFPBDRBGHRQW-XMTFNYHQSA-N,375.421,2.181,83.09,1,6,5,4,1
CHEMBL577112,CN(C)C(=O)O[C@H]1CO[C@H]2[C@@H]1OC[C@H]2OC(=O)c1ccccc1O,0.0064,chembal.csv,1,PWSNYVQYYBYLOQ-XJFOESAGSA-N,337.328,0.782,94.53,1,7,3,3,1
CHEMBL576529,CCNC(=O)O[C@H]1CO[C@H]2[C@@H]1OC[C@H]2OC(=O)c1ccccc1O,0.0096,chembal.csv,1,ZPHMUBHWMODXPK-XJFOESAGSA-N,337.328,0.83,103.32,2,7,4,3,1
CHEMBL523005,O=C(NCc1ccccc1)O[C@H]1CO[C@H]2[C@@H]1OC[C@H]2OC(=O)c1ccc(-c2ccccc2)cc1,0.012,chembal.csv,1,GWAJAKWZRRYDDO-ZFFYZDHPSA-N,459.498,3.972,83.09,1,6,6,5,3
CHEMBL571423,O=C(NCc1ccccc1)O[C@H]1CO[C@H]2[C@@H]1OC[C@H]2OC(=O)c1cccc(O)c1,0.016,chembal.csv,1,LDDIYJNLPBJCKS-FCGDIQPGSA-N,399.399,2.01,103.32,2,7,5,4,2
CHEMBL585159,O=C(NCc1ccccc1)O[C@H]1CO[C@H]2[C@@H]1OC[C@H]2OC(=O)c1ccccc1[N+](=O)[O-],0.018,chembal.csv,1,IXCZMWQATLZRCH-FCGDIQPGSA-N,428.397,2.213,126.23,1,8,6,4,2
CHEMBL572096,Nc1ccccc1C(=O)O[C@@H]1CO[C@H]2[C@@H]1OC[C@@H]2OC(=O)NCc1ccccc1,0.027,chembal.csv,1,NUAYGDKUFSIFPR-FCGDIQPGSA-N,398.415,1.887,109.11,2,7,5,4,2
CHEMBL492482,O=C(NCc1ccccc1)O[C@H]1CO[C@H]2[C@@H]1OC[C@H]2OC(=O)c1cccc2ccccc12,0.028,chembal.csv,1,FNQRGNSSQPUDON-KAOXLYBCSA-N,433.46,3.458,83.09,1,6,5,5,3
CHEMBL492898,O=C(NCc1ccccc1)O[C@H]1CO[C@H]2[C@@H]1OC[C@H]2OC(=O)c1ccc2ccccc2c1,0.032,chembal.csv,1,ZKKWDQNOQFTGCW-KAOXLYBCSA-N,433.46,3.458,83.09,1,6,5,5,3
CHEMBL570765,O=C(NCc1ccccc1)O[C@H]1CO[C@H]2[C@@H]1OC[C@H]2OC(=O)c1cccc([N+](=O)[O-])c1,0.032,chembal.csv,1,QPYAYFHGPCRUDB-FCGDIQPGSA-N,428.397,2.213,126.23,1,8,6,4,2
CHEMBL572269,O=Nc1ccccc1C(=O)O[C@@H]1CO[C@H]2[C@@H]1OC[C@@H]2OC(=O)NCc1ccccc1,0.039,chembal.csv,1,JOJCTYUZYGOZAD-FCGDIQPGSA-N,412.398,2.703,112.52,1,8,6,4,2
CHEMBL601889,O=C(NCc1ccccc1)O[C@H]1CO[C@H]2[C@@H]1OC[C@H]2OCc1ccccc1,0.052,chembal.csv,1,ROBGGBFLUNTBTH-IYWMVGAKSA-N,369.417,2.664,66.02,1,5,6,4,2
CHEMBL492283,O=C(NCc1ccccc1)O[C@H]1CO[C@H]2[C@@H]1OC[C@H]2OC(=O)c1cccnc1,0.057,chembal.csv,1,FYZLBYYWOFEUSZ-XMTFNYHQSA-N,384.388,1.7,95.98,1,7,5,4,2
CHEMBL570985,CCCCNC(=O)O[C@H]1CO[C@H]2[C@@H]1OC[C@H]2OC(=O)c1ccccc1,0.072,chembal.csv,1,OPBYIALTDBGBEL-QKPAOTATSA-N,349.383,1.904,83.09,1,6,6,3,1
CHEMBL494684,CCC(C)NC(=O)O[C@H]1CO[C@H]2[C@@H]1OC[C@H]2OC(=O)c1ccccc1,0.072,chembal.csv,1,PEHJQBISUGKFJH-IXCHPVQKSA-N,349.383,1.903,83.09,1,6,5,3,1
CHEMBL521810,O=C(/C=C/c1ccc(O)cc1)O[C@@H]1CO[C@H]2[C@@H]1OC[C@@H]2OC(=O)NCc1ccccc1,0.073,chembal.csv,1,KOTODFHYMWRZSO-PQZWGWRUSA-N,425.437,2.41,103.32,2,7,6,4,2
CHEMBL571396,Nc1cccc(C(=O)O[C@@H]2CO[C@H]3[C@@H]2OC[C@@H]3OC(=O)NCc2ccccc2)c1,0.086,chembal.csv,1,QJXULLORGAAHFJ-FCGDIQPGSA-N,398.415,1.887,109.11,2,7,5,4,2
CHEMBL492481,O=C(NCc1ccccc1)O[C@H]1CO[C@H]2[C@@H]1OC[C@H]2OC(=O)c1ccncc1,0.088,chembal.csv,1,CPCJEEMJBNMGOE-XMTFNYHQSA-N,384.388,1.7,95.98,1,7,5,4,2
CHEMBL570068,O=C(NCc1ccccc1)O[C@H]1CO[C@H]2[C@@H]1OC[C@H]2OC(=O)c1ccc([N+](=O)[O-])cc1,0.117,chembal.csv,1,WKHIVWYTXPAZBT-FCGDIQPGSA-N,428.397,2.213,126.23,1,8,6,4,2
CHEMBL492233,O=C(/C=C/c1ccccc1)O[C@@H]1CO[C@H]2[C@@H]1OC[C@@H]2OC(=O)NCc1ccccc1,0.137,chembal.csv,1,FMGDUGJTFOCWHU-NIXJXNPBSA-N,409.438,2.704,83.09,1,6,6,4,2
CHEMBL583294,CC(=O)Nc1nc(Cl)c2c(ncn2[C@@H]2O[C@@H]([C@@H](N=[N+]=[N-])C(=O)OCc3ccccc3)[C@@H](OCc3ccccc3)[C@@]3(OCc4ccccc4)[C@@H](OCc4ccccc4)CO[C@@H]23)n1,0.14,chembal.csv,1,OZRPCWAIKHUNKH-GOSLCCAYSA-N,845.313,7.283,193.91,1,13,16,8,6
CHEMBL5205151,O=C(CCCCC1CCSS1)O[C@H]1C[C@H]2O[C@H](OC(=O)NCc3ccccc3)C[C@H]2O1,0.15,chembal.csv,1,GQOHMZAYWHCYGT-IQRXXKDYSA-N,467.609,4.4,83.09,1,8,9,4,1
CHEMBL5219685,O=C(CCCCC1CCSS1)O[C@@H]1CO[C@H]2[C@@H]1OC[C@@H]2OC(=O)NCc1ccccc1,0.15,chembal.csv,1,JHBSKKNCJSYZBP-ACLUHKAVSA-N,467.609,3.705,83.09,1,8,9,4,1
CHEMBL603913,O=C(NCc1ccccc1)O[C@H]1CO[C@@H]2[C@H](CCCc3ccccc3)CO[C@@H]21,0.201,chembal.csv,1,SWRJTOICAPMHOL-CIAFKFPVSA-N,381.472,3.718,56.79,1,4,7,4,2
CHEMBL571397,Nc1ccc(C(=O)O[C@@H]2CO[C@H]3[C@@H]2OC[C@@H]3OC(=O)NCc2ccccc2)cc1,0.297,chembal.csv,1,NTWRXNFIJQOCKA-FCGDIQPGSA-N,398.415,1.887,109.11,2,7,5,4,2
CHEMBL571881,O=C(NCc1ccccc1)O[C@H]1CO[C@H]2[C@@H]1OC[C@H]2OC(=O)c1ccc(O)cc1,0.323,chembal.csv,1,LAXVOEZLYBXGCB-FCGDIQPGSA-N,399.399,2.01,103.32,2,7,5,4,2
CHEMBL492432,O=C(NCc1ccccc1)O[C@H]1CO[C@H]2[C@@H]1OC[C@H]2OC(=O)C1CC1,0.334,chembal.csv,1,FEYSXVBUKKSWGH-QKPAOTATSA-N,347.367,1.401,83.09,1,6,5,4,1
CHEMBL492636,O=C(NCc1ccccc1)O[C@H]1CO[C@H]2[C@@H]1OC[C@H]2OC(=O)OS(=O)(=O)C(F)(F)F,0.359,chembal.csv,1,WOSIHMSPFKVEAI-UMSGYPCISA-N,455.363,1.45,126.46,1,9,5,3,1
CHEMBL600013,O=C(NCc1ccccc1)O[C@H]1CO[C@H]2[C@@H]1OC[C@H]2OC(=O)NCc1ccccc1,0.4,chembal.csv,1,PERBLOUPRPLYHU-IYWMVGAKSA-N,412.442,2.374,95.12,2,6,6,4,2
CHEMBL494519,CCCNC(=O)O[C@H]1CO[C@H]2[C@@H]1OC[C@H]2O[N+](=O)[O-],0.639,chembal.csv,1,HZZGTUOWJWTZKT-JQCXWYLXSA-N,276.245,-0.134,109.16,1,7,5,2,0
CHEMBL523500,CNC(=O)O[C@H]1CO[C@H]2[C@@H]1OC[C@H]2OC(=O)c1ccccc1,0.669,chembal.csv,1,XVQSZSYQBPAKTI-YVECIDJPSA-N,307.302,0.734,83.09,1,6,3,3,1
CHEMBL521666,CCCCC(=O)O[C@@H]1CO[C@H]2[C@@H]1OC[C@@H]2OC(=O)NCc1ccccc1,0.7,chembal.csv,1,CFMVNQSTYPRCII-CYGHRXIMSA-N,363.41,2.181,83.09,1,6,7,3,1
CHEMBL572811,CC(=O)Nc1nc(Cl)c2c(ncn2[C@@H]2O[C@H](COC(C)=O)[C@@H](OCc3ccccc3)[C@@]3(OCc4ccccc4)[C@@H](OCc4ccccc4)CO[C@@H]23)n1,0.76,chembal.csv,1,VUMJTHCZKOQMNN-ARDXOGRLSA-N,728.202,5.424,145.15,1,12,13,7,5
CHEMBL494520,CCCCNC(=O)O[C@H]1CO[C@H]2[C@@H]1OC[C@H]2O[N+](=O)[O-],0.894,chembal.csv,1,ZRPGNSMQMBUVBC-SGIHWFKDSA-N,290.272,0.256,109.16,1,7,6,2,0
CHEMBL493672,CCC(=O)O[C@@H]1CO[C@H]2[C@@H]1OC[C@@H]2OC(=O)NCc1ccccc1,0.98,chembal.csv,1,FDUDHTXZERVRTN-OCVGTWLNSA-N,335.356,1.401,83.09,1,6,5,3,1
CHEMBL4464964,CC(=O)N[C@@H](Cn1cc(-c2ccccc2)nn1)C(=O)NCC1CCN(Cc2ccccc2)CC1,0.00017,chembal.csv,1,BNNJLQBJRPWKPI-VWLOTQADSA-N,460.582,2.478,92.15,2,6,9,4,3
CHEMBL4293015,Cn1cc(CC(=O)NCCC2CCN(Cc3ccccc3)CC2)c2ccccc21,0.00025,chembal.csv,1,YMWXRPAGHCBLJY-UHFFFAOYSA-N,389.543,4.139,37.27,1,3,7,4,3
CHEMBL4285818,O=C(Cc1c[nH]c2ccc(Br)cc12)NCCC1CCN(Cc2ccccc2)CC1,0.00068,chembal.csv,1,ZYRSYRWGMJCJBA-UHFFFAOYSA-N,454.412,4.891,48.13,2,2,7,4,3
CHEMBL4283651,O=C(Cc1c[nH]c2ccccc12)NCCC1CCN(Cc2ccccc2)CC1,0.00087,chembal.csv,1,QVABANWNMXGOAK-UHFFFAOYSA-N,375.516,4.129,48.13,2,2,7,4,3
CHEMBL3824248,O=C(CCc1c[nH]c2ccccc12)NCCC1CCN(Cc2ccccc2)CC1,0.00089,chembal.csv,1,WXTKBXGKRLFVQP-UHFFFAOYSA-N,389.543,4.519,48.13,2,2,8,4,3
CHEMBL4089230,CN(C)CCN(CC1CCCN(C2Cc3ccccc3C2)C1)C(=O)c1ccc2ccccc2c1,0.00103,chembal.csv,1,OFDHKZMZEXORRX-UHFFFAOYSA-N,455.646,4.723,26.79,0,3,7,5,3
CHEMBL4277879,Cc1[nH]c2ccccc2c1CC(=O)NCCC1CCN(Cc2ccccc2)CC1,0.00109,chembal.csv,1,LXCYBYBVIQAOJW-UHFFFAOYSA-N,389.543,4.437,48.13,2,2,7,4,3
CHEMBL3972214,C#CCN(Cc1ccc2cccc(O)c2n1)C(C#N)CC1CCN(Cc2ccccc2)CC1,0.002,chembal.csv,1,MFWCFENQSTYMSU-UHFFFAOYSA-N,438.575,4.57,63.39,1,5,8,4,3
CHEMBL4105611,COCCN(CC1CCCN(Cc2ccccc2)C1)S(=O)(=O)c1ccc2ccccc2c1,0.0049,chembal.csv,1,NIHBOOKOQZGYSF-UHFFFAOYSA-N,452.62,4.389,49.85,0,4,9,4,3
CHEMBL4280947,CN(C)CCN(CC1CCCN(C2Cc3ccccc3C2)C1)C(=O)c1cc2ccccc2oc1=O,0.0095,chembal.csv,1,OBJRJUKJRPILMZ-UHFFFAOYSA-N,473.617,3.676,57,0,5,7,5,3
CHEMBL4520568,N[C@@H](Cn1cc(-c2ccccc2)nn1)C(=O)NCC1CCN(Cc2ccccc2)CC1,0.0099,chembal.csv,1,AENXTCRONWDKIS-QFIPXVFZSA-N,418.545,2.301,89.07,2,6,8,4,3
CHEMBL4294570,CN(C)CCN(CC1CCCN(C2Cc3ccccc3C2)C1)C(=O)c1ccc2cccc(O)c2n1,0.0111,chembal.csv,1,JJYUCJIZTWRMMC-UHFFFAOYSA-N,472.633,3.824,59.91,1,5,7,5,3
CHEMBL4294109,O=C(CCCc1c[nH]c2ccccc12)NCCC1CCN(Cc2ccccc2)CC1,0.012,chembal.csv,1,KMGYPQZJZPNGND-UHFFFAOYSA-N,403.57,4.909,48.13,2,2,9,4,3
CHEMBL3338394,COCCN(C[C@@H]1CCCN(C2Cc3ccccc3C2)C1)C(=O)c1ccc2ccccc2c1,0.013,chembal.csv,1,NRBCHFHGWACYAH-JOCHJYFZSA-N,442.603,4.808,32.78,0,3,7,5,3
CHEMBL4283585,CN(C)CCN(CC1CCCN(C2Cc3ccccc3C2)C1)C(=O)c1ccc2cccnc2c1O,0.0138,chembal.csv,1,LAZSBIFVGZNGPN-UHFFFAOYSA-N,472.633,3.824,59.91,1,5,7,5,3
CHEMBL4068039,CNCCN(CC1CCCN(C2Cc3ccccc3C2)C1)C(=O)c1ccc2ccccc2c1,0.018,chembal.csv,1,JYIDBZNSTANMJY-UHFFFAOYSA-N,441.619,4.381,35.58,1,3,7,5,3
CHEMBL4291165,CN(C)CCN(CC1CCCN(C2Cc3ccccc3C2)C1)C(=O)c1cc(O)c2cccc(O)c2n1,0.019,chembal.csv,1,YHUBSZRUOFEVEE-UHFFFAOYSA-N,488.632,3.529,80.14,2,6,7,5,3
CHEMBL3338391,COCCN(CC1CCCN(C2Cc3ccccc3C2)C1)C(=O)c1ccc2ccccc2c1,0.021,chembal.csv,1,NRBCHFHGWACYAH-UHFFFAOYSA-N,442.603,4.808,32.78,0,3,7,5,3
CHEMBL3961103,C#CCN(CCCC1CCN(Cc2ccccc2)CC1)Cc1ccc2cccc(O)c2n1,0.023,chembal.csv,1,KBSUDEJPIPDJQN-UHFFFAOYSA-N,427.592,5.068,39.6,1,4,9,4,3
CHEMBL4288890,CN(C)CCN(CC1CCCN(C2Cc3ccccc3C2)C1)C(=O)c1cc([N+](=O)[O-])c2cccnc2c1O,0.028,chembal.csv,1,FOIPLWZZGBWJPX-UHFFFAOYSA-N,517.63,3.732,103.05,1,7,8,5,3
CHEMBL3901082,C#CCN(Cc1ccc2cccc(O)c2n1)C(C#N)C1CCN(Cc2ccccc2)CC1,0.03,chembal.csv,1,PPPLUJWSLKUDBO-UHFFFAOYSA-N,424.548,4.18,63.39,1,5,7,4,3
CHEMBL4097939,COCCCN(CC1CCCN(C2Cc3ccccc3C2)C1)C(=O)c1ccc2ccccc2c1,0.03824,chembal.csv,1,ANTBATCPNMRMEF-UHFFFAOYSA-N,456.63,5.198,32.78,0,3,8,5,3
CHEMBL3910142,C#CCN(Cc1ccc2cccc(O)c2n1)C(C#N)CCC1CCN(Cc2ccccc2)CC1,0.039,chembal.csv,1,DMOLFVGCLPCFQX-UHFFFAOYSA-N,452.602,4.96,63.39,1,5,9,4,3
CHEMBL4287944,CN(C)CCN(CC1CCCN(Cc2ccc3cccc(O)c3n2)C1)C(=O)c1ccc2ccccc2c1,0.0481,chembal.csv,1,LVHXXPQFEZXBLN-UHFFFAOYSA-N,496.655,5.01,59.91,1,5,8,5,4
CHEMBL3931599,C#CCN(Cc1ccc2cccc(O)c2n1)CC1CCN(Cc2ccccc2)CC1,0.064,chembal.csv,1,VQOPFBQAWVJAON-UHFFFAOYSA-N,399.538,4.288,39.6,1,4,7,4,3
CHEMBL4782422,O=C(Nc1ccccc1)OC1CCCN(C2Cc3ccccc3C2)C1,0.0645,chembal.csv,1,ISMYNYFEVMBAEI-UHFFFAOYSA-N,336.435,3.867,41.57,1,3,3,4,2
CHEMBL4446441,c1ccc(CN2CCC(Cn3cc(CSc4nc5ccccc5[nH]4)nn3)CC2)cc1,0.065,chembal.csv,1,PPCLZSQPGRUGBH-UHFFFAOYSA-N,418.57,4.359,62.63,1,6,7,5,4
CHEMBL4077192,O=C(NCC1CCCN(C2Cc3ccccc3C2)C1)c1cccc2ccccc12,0.067,chembal.csv,1,UVZNMNZCTSODAE-UHFFFAOYSA-N,384.523,4.449,32.34,1,2,4,5,3
CHEMBL1076243,CCCCCCOC(=O)[C@H](CCC(=O)NCCC1CCN(Cc2ccccc2)CC1)NC(=O)Cc1cc2ccc(Cl)cc2s1,0.07,chembal.csv,1,IZQYFZRXSFVMFI-HKBQPEDESA-N,640.29,6.904,87.74,2,6,17,4,3
CHEMBL4288849,CN(C)CCN(CC1CCCN(C2Cc3ccccc3C2)C1)C(=O)/C=C/c1ccc(O)cc1,0.071,chembal.csv,1,PIPFTHHWTOCDSB-SDNWHVSQSA-N,447.623,3.675,47.02,1,4,8,4,2
CHEMBL3818089,COc1cc(/C=C/C(=O)NCCC2CCN(Cc3ccccc3)CC2)ccc1O,0.076,chembal.csv,1,MDBSJGXOQHYGEI-CSKARUKUSA-N,394.515,3.833,61.8,2,4,8,3,2
CHEMBL3892118,C#CCN(CCC1CCN(Cc2ccccc2)CC1)Cc1ccc2cccc(O)c2n1,0.079,chembal.csv,1,ZAOLYIRFSLIUAV-UHFFFAOYSA-N,413.565,4.678,39.6,1,4,8,4,3
CHEMBL4277303,CN(C)CCN(CC1CCCN(Cc2csc(Nc3ccccn3)n2)C1)C(=O)c1ccc2ccccc2c1,0.1031,chembal.csv,1,WIZWOAFIVJQICL-UHFFFAOYSA-N,528.726,5.351,64.6,1,7,10,5,4
CHEMBL4859019,CC(C)(C)OC(=O)N1CCCC(CNCCOc2cccc3c2ccn3Cc2ccccc2)C1,0.1152,chembal.csv,1,JFPVRNAGSDCRRM-UHFFFAOYSA-N,463.622,5.305,55.73,1,5,8,4,3
CHEMBL4792208,CC(C)c1ccc(NC(=O)OCC2CCCN(Cc3ccccc3)C2)cc1,0.118,chembal.csv,1,LNSFUBYHUNTELH-UHFFFAOYSA-N,366.505,5.271,41.57,1,3,6,3,2
CHEMBL3823197,O=C(CCc1c[nH]c2ccccc12)NC1CCN(Cc2ccccc2)CC1,0.12,chembal.csv,1,PBCGIIRIOLOMJH-UHFFFAOYSA-N,361.489,3.881,48.13,2,2,6,4,3
CHEMBL3971906,C#CCN1CCCC(CN(CCCOC)S(=O)(=O)c2ccc3ccccc3c2)C1,0.127,chembal.csv,1,SJQLNDVTQXMBPO-UHFFFAOYSA-N,414.571,3.212,49.85,0,4,9,3,2
CHEMBL4284357,CN(C)CCN(CC1CCCN(C2Cc3ccccc3C2)C1)C(=O)c1cn2cccc(O)c2n1,0.135,chembal.csv,1,FJKDUYAGPPZNFB-UHFFFAOYSA-N,461.61,2.923,64.32,1,6,7,5,3
CHEMBL3900751,C#CCN1CCCC(CN(CCOC)S(=O)(=O)c2ccc3ccccc3c2)C1,0.137,chembal.csv,1,VHUHFVUKZMULIP-UHFFFAOYSA-N,400.544,2.822,49.85,0,4,8,3,2
CHEMBL3338395,COCCN(C[C@H]1CCCN(C2Cc3ccccc3C2)C1)C(=O)c1ccc2ccccc2c1,0.166,chembal.csv,1,NRBCHFHGWACYAH-QFIPXVFZSA-N,442.603,4.808,32.78,0,3,7,5,3
CHEMBL4102571,CCOC(=O)CC[C@@H](NC(=O)OCc1ccccc1)C(=O)NCCC1CCN(Cc2ccccc2)CC1,0.17,chembal.csv,1,TXMSSTXNRQZQDT-AREMUKBSSA-N,509.647,4.043,96.97,2,6,13,3,2
CHEMBL4866550,CC(C)(C)OC(=O)N1CCCC(CNCCOc2cccc3c2CCN3Cc2ccccc2)C1,0.1748,chembal.csv,1,DVIJBQYVTIZOAJ-UHFFFAOYSA-N,465.638,4.865,54.04,1,5,8,4,2
CHEMBL4782697,O=C(Nc1ccccc1)OCC1CCCN(C2Cc3ccccc3C2)C1,0.1795,chembal.csv,1,HMUSVJAJTVZDOX-UHFFFAOYSA-N,350.462,4.115,41.57,1,3,4,4,2
CHEMBL4552323,CN(CCCN1CCN(c2cccc3c2ccn3Cc2ccccc2)CC1)Cc1ccccc1,0.196,chembal.csv,1,MJYYXZHRGNMTLG-UHFFFAOYSA-N,452.646,5.334,14.65,0,4,9,5,4
CHEMBL4852840,CC(C)(C)OC(=O)N1CCCC(CNCCOc2cccc3c2ccn3S(=O)(=O)c2ccccc2)C1,0.206,chembal.csv,1,PAIRCARNMCVGAC-UHFFFAOYSA-N,513.66,4.494,89.87,1,7,8,4,3
CHEMBL3593658,COCCN(CC1CCCN(C2Cc3ccccc3C2)C1)C(=O)c1cc([N+](=O)[O-])c2cccnc2c1O,0.215,chembal.csv,1,XTNPQSRETUCLAG-UHFFFAOYSA-N,504.587,3.817,109.04,1,7,8,5,3
CHEMBL4287764,CN(C)CCN(CC1CCCN(C2Cc3ccccc3C2)C1)C(=O)[C@@H]1N=C(c2ccccc2O)CS1,0.2286,chembal.csv,1,IYEGGNJVRGOCIX-ZSTWXAJCSA-N,506.716,3.524,59.38,1,6,8,5,2
CHEMBL1204162,c1ccc(CN2CCC(CCN=c3cc4c(n[nH]3)-c3ccccc3C4)CC2)cc1,0.23,chembal.csv,1,INIMHDIZIDCHML-UHFFFAOYSA-N,384.527,4.184,44.28,1,3,5,5,3
CHEMBL4060562,COCCN(CC1CCCN(Cc2ccccc2)C1)C(=O)c1ccc2ccccc2c1,0.23,chembal.csv,1,CSWGKVMTIQCQLQ-UHFFFAOYSA-N,416.565,4.841,32.78,0,3,8,4,3
CHEMBL4279606,COc1ccc(C(=O)N(CCN(C)C)CC2CCCN(C3Cc4ccccc4C3)C2)cc1,0.237,chembal.csv,1,XROAAWHGAZDETI-UHFFFAOYSA-N,435.612,3.578,36.02,0,4,8,4,2
CHEMBL3819383,COc1cc(/C=C/C(=O)NCCC2CCN(Cc3ccccc3)CC2)ccc1OC(C)=O,0.245,chembal.csv,1,CEOUELPNODHWPJ-PKNBQFBNSA-N,436.552,4.052,67.87,1,5,9,3,2
CHEMBL228360,O=C(Nc1ccc(Cl)cc1)OCCCCN1CCC(OCc2ccccc2)CC1,0.25,chembal.csv,1,BTLPMPJMTSKASK-UHFFFAOYSA-N,416.949,5.35,50.8,1,4,9,3,2
CHEMBL2088784,N#Cc1cc(C#N)c(NCCC2CCN(Cc3ccccc3)CC2)nc1N,0.26,chembal.csv,1,PNZGBLIDSQOOGI-UHFFFAOYSA-N,360.465,3.121,101.76,2,6,6,3,2
CHEMBL3965783,O=C(/C=C/c1ccc(O)cc1O)NCCC1CCN(Cc2ccccc2)CC1,0.26,chembal.csv,1,LJBLUDUXRGXMFJ-VQHVLOKHSA-N,380.488,3.53,72.8,3,4,7,3,2
CHEMBL4278201,COCCN(CC1CCCN(C2Cc3ccccc3C2)C1)C(=O)c1ccc2cccnc2c1O,0.2658,chembal.csv,1,ZGTNWRUHUJIEBE-UHFFFAOYSA-N,459.59,3.908,65.9,1,5,7,5,3
CHEMBL1202884,c1ccc(CN2CCC(CCNc3cc4ccc5ccccc5c4nn3)CC2)cc1,0.27,chembal.csv,1,BOEAEKKTIXSDNX-UHFFFAOYSA-N,396.538,5.497,41.05,1,4,6,5,4
CHEMBL1202885,c1ccc(CN2CCC(CCNc3cc4c(nn3)-c3ccccc3CC4)CC2)cc1,0.28,chembal.csv,1,VXTOUZSUPQQPPE-UHFFFAOYSA-N,398.554,4.956,41.05,1,4,6,5,3
CHEMBL3918754,C#CCN1CCC(CN(CCCOC)S(=O)(=O)c2ccc3ccccc3c2)CC1,0.281,chembal.csv,1,WWTDWEXQPWDMCC-UHFFFAOYSA-N,414.571,3.212,49.85,0,4,9,3,2
CHEMBL3818250,COc1cc(CCC(=O)NCCC2CCN(Cc3ccccc3)CC2)ccc1O,0.286,chembal.csv,1,PRZIVMZUOGFQQX-UHFFFAOYSA-N,396.531,3.752,61.8,2,4,9,3,2
CHEMBL4081699,CCOC(=O)[C@H](CCC(=O)NCCC1CCN(Cc2ccccc2)CC1)NC(=O)c1c[nH]c2ccccc12,0.3,chembal.csv,1,FBUMKRRRONRQCL-MHZLTWQESA-N,518.658,4.028,103.53,3,5,12,4,3
CHEMBL1076259,CCCCCCOC(=O)[C@H](CCC(=O)NCCC1CCN(Cc2ccccc2)CC1)NC(=O)c1cc2ccccc2s1,0.33,chembal.csv,1,SDWSXUZGRDKRFJ-LJAQVGFWSA-N,591.818,6.322,87.74,2,6,16,4,3
CHEMBL1080274,CCCCCCOC(=O)[C@H](CCC(=O)NCCC1CCN(Cc2ccccc2)CC1)NC(=O)c1cc2ccsc2s1,0.35,chembal.csv,1,ONGQTEYIIKGJGV-MHZLTWQESA-N,597.847,6.383,87.74,2,7,16,4,3
CHEMBL4079599,CCCCCCOC(=O)[C@@H](CCC(=O)NCCC1CCN(Cc2ccccc2)CC1)NC(=O)c1ccccc1,0.36,chembal.csv,1,XFEJPTLRXOZZDA-GDLZYMKVSA-N,535.729,5.107,87.74,2,5,16,3,2
CHEMBL3960783,C#CCN1CCC(CN(CCOC)S(=O)(=O)c2ccc3ccccc3c2)CC1,0.384,chembal.csv,1,GWYNEKZKKCPWHH-UHFFFAOYSA-N,400.544,2.822,49.85,0,4,8,3,2
CHEMBL4059766,CCOC(=O)[C@@H](CCC(=O)NCCC1CCN(Cc2ccccc2)CC1)NC(=O)c1ccccc1,0.39,chembal.csv,1,ORJDLJRUUNFZIZ-RUZDIDTESA-N,479.621,3.547,87.74,2,5,12,3,2
CHEMBL4067388,CCOC(=O)CC[C@H](NC(=O)OCc1ccccc1)C(=O)NCCC1CCN(Cc2ccccc2)CC1,0.4,chembal.csv,1,TXMSSTXNRQZQDT-SANMLTNESA-N,509.647,4.043,96.97,2,6,13,3,2
CHEMBL4065481,COCCN(CC1CCCN(C2Cc3ccccc3C2)C1)C(=O)c1ccc2cc(Br)ccc2c1,0.41,chembal.csv,1,NPCKIKBZAYXMHR-UHFFFAOYSA-N,521.499,5.57,32.78,0,3,7,5,3
CHEMBL4785480,CC(C)c1ccc(NC(=O)OCC2CCCN(C3Cc4ccccc4C3)C2)cc1,0.442,chembal.csv,1,UOOJEAOFHZRSSH-UHFFFAOYSA-N,392.543,5.238,41.57,1,3,5,4,2
CHEMBL4792506,O=C(Nc1ccccc1)OC1CCCN(Cc2ccccc2)C1,0.46,chembal.csv,1,ZTJATLWGHDUVIF-UHFFFAOYSA-N,310.397,3.9,41.57,1,3,4,3,2
CHEMBL4287511,CN(C)CCN(CC1CCCN(C2Cc3ccccc3C2)C1)C(=O)c1ccc(O)cc1O,0.4604,chembal.csv,1,JIMXOYVPKCLRPG-UHFFFAOYSA-N,437.584,2.981,67.25,2,5,7,4,2
CHEMBL2419686,N#Cc1cc(C#N)c(NCCC2CCN(Cc3ccccc3)CC2)nc1Cl,0.47,chembal.csv,1,KPKNMUAGNOEDIE-UHFFFAOYSA-N,379.895,4.193,75.74,1,5,6,3,2
CHEMBL1202874,c1ccc(CN2CCC(CCSc3ccc(-c4ccccc4)nn3)CC2)cc1,0.48,chembal.csv,1,AGAAICLBZSPZIQ-UHFFFAOYSA-N,389.568,5.538,29.02,0,4,7,4,3
CHEMBL5209013,O=C(COc1ccccc1C(F)(F)F)NCCN1CCN(Cc2ccccc2)CC1,0.503,chembal.csv,1,BVPDBXVSZHOTFR-UHFFFAOYSA-N,421.463,3.018,44.81,1,4,8,3,2
CHEMBL1202865,c1ccc(CN2CCC(CCNc3cc4c(nn3)-c3ccccc3CCC4)CC2)cc1,0.51,chembal.csv,1,ATHZIFFSGSWIAU-UHFFFAOYSA-N,412.581,5.347,41.05,1,4,6,5,3
CHEMBL4788813,O=C(Nc1ccccc1)OCC1CCCN(Cc2ccccc2)C1,0.52,chembal.csv,1,VPDRCWOTGBLGTG-UHFFFAOYSA-N,324.424,4.147,41.57,1,3,5,3,2
CHEMBL4781081,O=C(Nc1ccccc1)OCC1CCN(Cc2ccccc2)CC1,0.555,chembal.csv,1,IKTRKOHDYGDICC-UHFFFAOYSA-N,324.424,4.147,41.57,1,3,5,3,2
CHEMBL229105,O=C(OCCCCN1CCC(OCc2ccccc2)CC1)c1ccc(F)cc1,0.56,chembal.csv,1,WNLQOEBYDOWFBU-UHFFFAOYSA-N,385.479,4.444,38.77,0,4,9,3,2
CHEMBL2088782,N#Cc1c(N)nc(NCCCCC2CCN(Cc3ccccc3)CC2)c(C#N)c1-c1ccccc1,0.58,chembal.csv,1,DVFDTYFATLFXHU-UHFFFAOYSA-N,464.617,5.569,101.76,2,6,9,4,3
CHEMBL4078849,O=C(NCC1CCCN(Cc2nc3ccccc3s2)C1)c1ccc2ccccc2c1,0.632,chembal.csv,1,KTYMYKBCBUASMF-UHFFFAOYSA-N,415.562,5.092,45.23,1,4,5,5,4
CHEMBL4277107,CN(C)CCN(CC1CCCN(C2Cc3ccccc3C2)C1)C(=O)c1csc(Nc2ccccn2)n1,0.6345,chembal.csv,1,UWXRNMDYMPGQNI-UHFFFAOYSA-N,504.704,4.165,64.6,1,7,9,5,3
CHEMBL3819083,COc1cc(/C=C/C(=O)NCCC2CCN(Cc3ccccc3)CC2)cc(OC)c1OC,0.669,chembal.csv,1,MJIJFTHVGZWODF-MDZDMXLPSA-N,438.568,4.144,60.03,1,5,10,3,2
CHEMBL2088780,N#Cc1c(N)nc(NCCC2CCN(Cc3ccccc3)CC2)c(C#N)c1-c1ccccc1,0.67,chembal.csv,1,XDYVKYBTRLGBBU-UHFFFAOYSA-N,436.563,4.788,101.76,2,6,7,4,3
CHEMBL4282414,Cn1cc(C(=O)NCCC2CCN(Cc3ccccc3)CC2)c2ccccc21,0.67,chembal.csv,1,WYPXVHAHDLVPFA-UHFFFAOYSA-N,375.516,4.21,37.27,1,3,6,4,3
CHEMBL3818992,O=C(/C=C/c1ccc(O)c(O)c1)NCCC1CCN(Cc2ccccc2)CC1,0.69,chembal.csv,1,UFQJPMAHMNYIOA-VQHVLOKHSA-N,380.488,3.53,72.8,3,4,7,3,2
CHEMBL3818689,COc1ccc(/C=C/C(=O)NCCC2CCN(Cc3ccccc3)CC2)cc1OC,0.69,chembal.csv,1,KEKBOEROTGNXGK-PKNBQFBNSA-N,408.542,4.136,50.8,1,4,9,3,2
CHEMBL3215535,c1ccc(CN2CCC(CCNc3ccc(-c4ccccc4)nn3)CC2)cc1,0.7,chembal.csv,1,PHORSJQGLQBIOY-UHFFFAOYSA-N,372.516,4.858,41.05,1,4,7,4,3
CHEMBL4077386,COCCN(CC1CCN(Cc2ccccc2)CC1)C(=O)c1ccc2ccccc2c1,0.702,chembal.csv,1,SUQMXQFTEOFIHO-UHFFFAOYSA-N,416.565,4.841,32.78,0,3,8,4,3
CHEMBL1082082,CCCCCCOC(=O)[C@H](CCC(=O)NCCC1CCN(Cc2ccccc2)CC1)NC(=O)OCc1ccccc1,0.73,chembal.csv,1,MHODVJVESFLWQL-PMERELPUSA-N,565.755,5.604,96.97,2,6,17,3,2
CHEMBL3905695,COc1ccc(/C=C/C(=O)NCCC2CCN(Cc3ccccc3)CC2)cc1,0.76,chembal.csv,1,YCOGWPMXFGHUIP-FMIVXFBMSA-N,378.516,4.127,41.57,1,3,8,3,2
CHEMBL228361,O=C(Nc1ccc(F)cc1)OCCCCN1CCC(OCc2ccccc2)CC1,0.78,chembal.csv,1,MVZFGRRKRJNJDO-UHFFFAOYSA-N,400.494,4.836,50.8,1,4,9,3,2
CHEMBL3819320,O=C(/C=C/c1ccc(O)cc1)NCCC1CCN(Cc2ccccc2)CC1,0.784,chembal.csv,1,UHIDUYIMHIAFLH-DHZHZOJOSA-N,364.489,3.824,52.57,2,3,7,3,2
CHEMBL5289604,COc1cc2c(cc1OC)/C(=N\NC(=O)c1ccccc1OC(C)=O)C(CC1CCN(Cc3ccccc3)CC1)C2,0.8,chembal.csv,1,KECMUWNFMHXRRG-YJKCNMNRSA-N,555.675,5.238,89.46,1,7,9,5,3
CHEMBL5278147,COc1cc2c(cc1OC)/C(=N\NC(=O)C(C)c1ccc(CC(C)C)cc1)C(CC1CCN(Cc3ccccc3)CC1)C2,0.8,chembal.csv,1,JBPRHOFASBBREV-WASYMBJWSA-N,581.801,7.001,63.16,1,5,11,5,3
CHEMBL4795569,CC(C)c1ccc(NC(=O)OCC2CCN(Cc3ccccc3)CC2)cc1,0.809,chembal.csv,1,WSZHWBCEOHXGOF-UHFFFAOYSA-N,366.505,5.271,41.57,1,3,6,3,2
CHEMBL1076260,CCCCCCOC(=O)[C@H](CCC(=O)NCCC1CCN(Cc2ccccc2)CC1)NC(=O)c1cc2cccnc2s1,0.83,chembal.csv,1,QRZGIZWNQIUSQZ-NDEPHWFRSA-N,592.806,5.717,100.63,2,7,16,4,3
CHEMBL1080814,CCCCCCOC(=O)[C@H](CCC(=O)NCCC1CCN(Cc2ccccc2)CC1)NC(=O)c1cc(Br)cs1,0.85,chembal.csv,1,RRISCGLVYBLGLP-SANMLTNESA-N,620.654,5.931,87.74,2,6,16,3,2
CHEMBL5284423,COc1ccc2cc([C@H](C)C(=O)N/N=C3\c4cc(OC)c(OC)cc4CC3CC3CCN(Cc4ccccc4)CC3)ccc2c1,0.88,chembal.csv,1,CSWOSIGYTTVABX-POZMXKMPSA-N,605.779,6.964,72.39,1,6,10,6,4
CHEMBL537908,O=C(CCC1CCN(Cc2ccccc2)CC1)c1ccc2[nH]c(-c3ccccc3)nc2c1,0.89,chembal.csv,1,HVWVPJQXLNDOEK-UHFFFAOYSA-N,423.56,6.105,48.99,1,3,7,5,4
CHEMBL1204296,CCc1cc(=NCCC2CCN(Cc3ccccc3)CC2)[nH]nc1-c1ccccc1,0.92,chembal.csv,1,ALSNDZNRDOKMKL-UHFFFAOYSA-N,400.57,4.842,44.28,1,3,7,4,3
CHEMBL1204299,Cc1cc(=NCCC2CCN(Cc3ccccc3)CC2)[nH]nc1-c1ccccc1,0.94,chembal.csv,1,WWPRLDLNFHABPS-UHFFFAOYSA-N,386.543,4.588,44.28,1,3,6,4,3
CHEMBL5204532,O=C(COc1ccc(-c2ccccc2)cc1)NCCN1CCN(Cc2ccccc2)CC1,0.969,chembal.csv,1,KJLQZKUKATZVAQ-UHFFFAOYSA-N,429.564,3.666,44.81,1,4,9,4,3
CHEMBL4467345,N[C@@H](CCCCn1cc(-c2ccccc2)nn1)C(=O)NCC1CCN(Cc2ccccc2)CC1,0.97,chembal.csv,1,MCRWQZGNXKNJAT-VWLOTQADSA-N,460.626,3.471,89.07,2,6,11,4,3
CHEMBL3818512,COc1cccc(/C=C/C(=O)NCCC2CCN(Cc3ccccc3)CC2)c1,0.98,chembal.csv,1,XIIIMLKJDCQWEW-ZHACJKMWSA-N,378.516,4.127,41.57,1,3,8,3,2
CHEMBL3817981,O=C(/C=C/c1ccccc1O)NCCC1CCN(Cc2ccccc2)CC1,0.988,chembal.csv,1,YAWVNBSVSGFOGD-ZHACJKMWSA-N,364.489,3.824,52.57,2,3,7,3,2
CHEMBL5177936,COc1cc(/C=C/C(=O)OCCCCCN(C)Cc2cccc(OC(=O)N(C)C)c2)ccc1O,0.00059,chembal.csv,1,UAELRVBKGQGVOE-WYMLVPIESA-N,470.566,4.32,88.54,1,7,12,2,2
CHEMBL5206601,COc1ccc(/C=C/C(=O)Nc2cc[n+](Cc3ccc(F)cc3)cc2)cc1OC,0.0044,chembal.csv,1,CTAZCILTEPEKBH-UXBLZVDNSA-O,393.438,3.831,51.44,1,3,7,3,3
CHEMBL5171929,COc1ccc(/C=C/C(=O)Nc2cc[n+](Cc3cccc(F)c3)cc2)cc1OC,0.0048,chembal.csv,1,QOEIFKBUDHUWRG-VQHVLOKHSA-O,393.438,3.831,51.44,1,3,7,3,3
CHEMBL4085222,COc1cc(/C=C/C(=O)N2CCC(Cc3ccccc3)CC2)ccc1OCCCCN1CCc2ccccc2C1,0.07,chembal.csv,1,ZWIYUBCAUDUSLA-JQIJEIRASA-N,538.732,6.407,42.01,0,4,11,5,3
CHEMBL5199151,COC(=O)/C=C/c1ccc(OCCCCCN2CCN(CC(=O)Nc3c4c(nc5ccccc35)CCCC4)CC2)c(OC)c1,0.1069,chembal.csv,1,CZQSTWRTKNOMPM-BMRADRMJSA-N,600.76,5.114,93.23,1,8,13,5,3
CHEMBL5194599,CCCCNC(=O)O[C@@H]1C[C@H]2O[C@@H](OC(=O)/C=C/c3ccc(O)c(OC)c3)C[C@H]2O1,0.43,chembal.csv,1,JNVSPQRAHMQWTK-MKGMRVHHSA-N,421.446,2.714,112.55,2,8,8,3,1
CHEMBL4793075,CCN(C)C(=O)Oc1ccc(/C=C/C(=O)N2CCc3ccccc3C2)cc1OC,0.97,chembal.csv,1,LFDKTRKHMGXBPS-ZRDIBKRKSA-N,394.471,3.744,59.08,0,4,5,3,2
CHEMBL433041,CCCCCCCNC(=O)Oc1ccc2c(c1)[C@]1(C)CCN(C)[C@@H]1N2C,0.00069,chembal.csv,1,RRGMXBQMCUKRLH-CTNGQTDRSA-N,359.514,4.115,44.81,1,4,7,3,1
CHEMBL1081032,CN1c2ccc(OC(=O)NCC3CCCCC3)cc2[C@]2(C)CCN(CCc3ccccc3)[C@H]12,0.0018,chembal.csv,1,OSMWANBXVVPETF-XCZPVHLTSA-N,447.623,5.337,44.81,1,4,6,5,2
CHEMBL75729,CNC(=O)Oc1ccc2c(c1)[C@]1(C)CCN(CCc3ccccc3)[C@@H]1N2C,0.002,chembal.csv,1,SUYCPJVAABOKNP-UNMCSNQZSA-N,365.477,3.387,44.81,1,4,4,4,2
CHEMBL74089,CNC(=O)Oc1ccc2c(c1)[C@]1(C)CCNC1N2C,0.002,chembal.csv,1,DWMBEPKCENULIA-PYMCNQPYSA-N,261.325,1.432,53.6,2,4,1,3,1
CHEMBL367795,CCNC(=O)Oc1ccc2c(c1)[C@]1(C)CCOC1N2C,0.002,chembal.csv,1,DSQSAHYPEXEBHJ-WUJWULDRSA-N,276.336,2.249,50.8,1,4,2,3,1
CHEMBL381926,CCNC(=O)Oc1ccc2c(c1)[C@]1(C)CCO[C@@H]1N2C,0.002,chembal.csv,1,DSQSAHYPEXEBHJ-ZFWWWQNUSA-N,276.336,2.249,50.8,1,4,2,3,1
CHEMBL307721,C=CCN1CC[C@@]2(C)c3cc(OC(=O)NC)ccc3N(C)[C@@H]12,0.003,chembal.csv,1,AKAKQLGKPNQEPO-RDJZCZTQSA-N,301.39,2.33,44.81,1,4,3,3,1
CHEMBL305670,CNC(=O)Oc1ccc2c(c1)[C@]1(C)CCN[C@@H]1N2C,0.003,chembal.csv,1,DWMBEPKCENULIA-OCCSQVGLSA-N,261.325,1.432,53.6,2,4,1,3,1
CHEMBL361409,CCNC(=O)Oc1ccc2c(c1)[C@]1(C)CCN(C)C1N2C,0.004,chembal.csv,1,FDRUOIJOXDAUQN-WMCAAGNKSA-N,289.379,2.164,44.81,1,4,2,3,1
CHEMBL362444,CNC(=O)Oc1ccc2c(c1)[C@]1(C)CCOC1N2C,0.004,chembal.csv,1,LXTKNVLLWOLCOV-PYMCNQPYSA-N,262.309,1.859,50.8,1,4,1,3,1
CHEMBL205231,CNC(=O)Oc1ccc2c(c1)[C@]1(C)CCO[C@@H]1N2C,0.004,chembal.csv,1,LXTKNVLLWOLCOV-JSGCOSHPSA-N,262.309,1.859,50.8,1,4,1,3,1
CHEMBL205340,CCNC(=O)Oc1ccc2c(c1)[C@]1(C)CCN(C)[C@@H]1N2C,0.004,chembal.csv,1,FDRUOIJOXDAUQN-ZBFHGGJFSA-N,289.379,2.164,44.81,1,4,2,3,1
CHEMBL74107,CCCCCCCCNC(=O)Oc1ccc2c(c1)[C@]1(C)CCN(C)[C@@H]1N2C,0.004,chembal.csv,1,VSPVCSDDENDBFH-IRLDBZIGSA-N,373.541,4.505,44.81,1,4,8,3,1
CHEMBL54577,CC(C)c1ccc(NC(=O)Oc2ccc3c(c2)[C@]2(C)CCN(CCc4ccccc4)C2N3C)cc1,0.006,chembal.csv,1,WKDFOVDLOVYRAJ-TXDWVUBVSA-N,469.629,6.403,44.81,1,4,6,5,3
CHEMBL1080386,CC(C)c1ccc(NC(=O)Oc2ccc3c(c2)[C@]2(C)CCN(CCc4ccccc4)[C@@H]2N3C)cc1,0.006,chembal.csv,1,WKDFOVDLOVYRAJ-JDXGNMNLSA-N,469.629,6.403,44.81,1,4,6,5,3
CHEMBL431784,CNC(=O)Oc1ccc2c(c1)[C@]1(C)CCN(C)C1N2,0.0068,chembal.csv,1,GPONHWSDHNCYFZ-PYMCNQPYSA-N,261.325,1.75,53.6,2,4,1,3,1
CHEMBL77896,CNC(=O)Oc1ccc2c(c1)[C@]1(C)CCN(Cc3ccccc3)C1N2Cc1ccccc1,0.0081,chembal.csv,1,YSZQKPILONCHJM-GPNIZQGCSA-N,427.548,4.915,44.81,1,4,5,5,3
CHEMBL54420,CC(C)c1ccc(NC(=O)Oc2ccc3c(c2)[C@]2(C)CCNC2N3C)cc1,0.0083,chembal.csv,1,ROYFCSCGFOUJGP-IAXKEJLGSA-N,365.477,4.448,53.6,2,4,3,4,2
CHEMBL74257,CNC(=O)Oc1ccc2c(c1)[C@]1(C)CCN(Cc3ccccc3)[C@@H]1N2C,0.01,chembal.csv,1,GVJXSDRIRBRKBI-FPOVZHCZSA-N,351.45,3.344,44.81,1,4,3,4,2
CHEMBL76241,CNC(=O)Oc1ccc2c(c1)[C@]1(C)CCN(Cc3ccccc3)C1N2C,0.0104,chembal.csv,1,GVJXSDRIRBRKBI-QWAKEFERSA-N,351.45,3.344,44.81,1,4,3,4,2
CHEMBL123248,CNC(=O)Oc1ccc2c(c1)[C@]1(C)CCN(C)O[C@@H]1N2C,0.012,chembal.csv,1,CNBHDDBNEKKMJH-ZFWWWQNUSA-N,291.351,1.706,54.04,1,5,1,3,1
CHEMBL94,CNC(=O)Oc1ccc2c(c1)[C@]1(C)CCN(C)[C@@H]1N2C,0.015,chembal.csv,1,PIJVFDBKTWXHHD-HIFRSBDPSA-N,275.352,1.774,44.81,1,4,1,3,1
CHEMBL591729,CNC(=O)Oc1ccc2c(c1)[C@]1(C)CCN(C)[C@]1(C)N2C,0.016,chembal.csv,1,ZVPJJAMHJWQHGT-JKSUJKDBSA-N,289.379,2.164,44.81,1,4,1,3,1
CHEMBL80221,CNC(=O)Oc1ccc2c(c1)[C@]1(C)CCN(C)C1N2Cc1ccccc1,0.0218,chembal.csv,1,MFSFKJAYNZMHEN-QWAKEFERSA-N,351.45,3.344,44.81,1,4,3,4,2
CHEMBL1081031,CN1c2ccc(OC(=O)NC3CCCCC3)cc2[C@]2(C)CCN(CCc3ccccc3)[C@H]12,0.022,chembal.csv,1,SRVYFUQBPJZPMS-BDYUSTAISA-N,433.596,5.09,44.81,1,4,5,5,2
CHEMBL333580,CC(C)c1ccc(NC(=O)Oc2ccc3c(c2)[C@]2(C)CCN(C)O[C@@H]2N3C)cc1,0.025,chembal.csv,1,OTFIALPRCHOULO-GMAHTHKFSA-N,395.503,4.722,54.04,1,5,3,4,2
CHEMBL1173624,CC(C)c1ccc(NC(=O)Oc2ccc3c(c2)[C@]2(C)CC[N+](C)(C)C2N3C)cc1,0.043,chembal.csv,1,IZIGCHHIRHKMJQ-GITCGBDTSA-O,394.539,4.935,41.57,1,3,3,4,2
CHEMBL99581,CNC(=O)Oc1ccc2c(c1)[C@]1(C)CCN(C)C1N2C=O,0.046,chembal.csv,1,BLIZSWJUMPREPD-WUJWULDRSA-N,289.335,1.3,61.88,1,4,2,3,1
CHEMBL129837,CC(C)c1ccc(NC(=O)Oc2ccc3c(c2)[C@]2(C)CCN(C)[C@@H]2N3C)cc1,0.05,chembal.csv,1,NKJRRVBTMYRXRB-GGAORHGYSA-N,379.504,4.79,44.81,1,4,3,4,2
CHEMBL417915,CC(C)c1ccc(NC(=O)Oc2ccc3c(c2)[C@]2(C)CCN(C)C2N3C)cc1,0.05,chembal.csv,1,NKJRRVBTMYRXRB-YANBTOMASA-N,379.504,4.79,44.81,1,4,3,4,2
CHEMBL1173090,CC(C)c1ccc(NC(=O)Oc2ccc3c(c2)[C@]2(C)CC[N+](C)(CCc4ccccc4)C2N3C)cc1,0.051,chembal.csv,1,QAOKOBSRMLDYEY-WWKUNUPPSA-O,484.664,6.548,41.57,1,3,6,5,3
CHEMBL205940,CNC(=O)Oc1ccc2c(c1)[C@@]1(C)CCO[C@H]1N2C,0.056,chembal.csv,1,LXTKNVLLWOLCOV-TZMCWYRMSA-N,262.309,1.859,50.8,1,4,1,3,1
CHEMBL130672,Cc1ccc(NC(=O)Oc2ccc3c(c2)[C@]2(C)CCN(C)[C@@H]2N3C)cc1C,0.066,chembal.csv,1,ZNMNCVVGCVWVBQ-IRLDBZIGSA-N,365.477,4.283,44.81,1,4,2,4,2
CHEMBL74950,COc1ccc(NC(=O)Oc2ccc3c(c2)[C@]2(C)CCN(C)[C@@H]2N3C)cc1,0.071,chembal.csv,1,FYXWOKCKADGGGY-CTNGQTDRSA-N,367.449,3.675,54.04,1,5,3,4,2
CHEMBL293720,CC(C)c1ccc(NC(=O)Oc2ccc3c(c2)[C@]2(C)CCN(C)C2N3Cc2ccccc2)cc1,0.085,chembal.csv,1,BNHHOLFSTKWHNP-ACEFPKFPSA-N,455.602,6.36,44.81,1,4,5,5,3
CHEMBL319541,CN1CC[C@@]2(C)c3cc(OC(=O)Nc4ccccc4)ccc3N(Cc3ccccc3)C12,0.0853,chembal.csv,1,UUQLGETXWSEMFB-JKGBFCRXSA-N,413.521,5.237,44.81,1,4,4,5,3
CHEMBL1173604,CNC(=O)Oc1ccc2c(c1)[C@]1(C)CC[N+](C)(C)C1N2C,0.13,chembal.csv,1,HVEHGQRVGLFZTA-WMCAAGNKSA-O,290.387,1.919,41.57,1,3,1,3,1
CHEMBL300808,CC(C)c1ccc(NC(=O)Oc2ccc3c(c2)[C@]2(C)CCN(Cc4ccccc4)C2N3Cc2ccccc2)cc1,0.132,chembal.csv,1,VUWBYSXJTSFIKC-XZEQTHJSSA-N,531.7,7.931,44.81,1,4,7,6,4
CHEMBL1172913,Cc1ccccc1NC(=O)Oc1ccc2c(c1)[C@]1(C)CC[N+](C)(C)C1N2C,0.14,chembal.csv,1,XHZNIFLABLRQGZ-IAXKEJLGSA-O,366.485,4.12,41.57,1,3,2,4,2
CHEMBL131598,Cc1cccc(NC(=O)Oc2ccc3c(c2)[C@]2(C)CCN(C)[C@@H]2N3C)c1,0.165,chembal.csv,1,PQDJUEVCRHUXJT-CTNGQTDRSA-N,351.45,3.975,44.81,1,4,2,4,2
CHEMBL335962,Cc1cccc(NC(=O)Oc2ccc3c(c2)[C@]2(C)CCN(C)[C@@H]2N3C)c1C,0.17,chembal.csv,1,UHTNKHARCXSTEU-IRLDBZIGSA-N,365.477,4.283,44.81,1,4,2,4,2
CHEMBL1173605,CN1c2ccc(OC(=O)Nc3ccccc3)cc2[C@]2(C)CC[N+](C)(C)C12,0.21,chembal.csv,1,QFIKEMJSULRLJK-QWAKEFERSA-O,352.458,3.811,41.57,1,3,2,4,2
CHEMBL130956,Cc1ccc(NC(=O)Oc2ccc3c(c2)[C@]2(C)CCN(C)[C@@H]2N3C)cc1,0.25,chembal.csv,1,HSSFUESYZZQIIN-CTNGQTDRSA-N,351.45,3.975,44.81,1,4,2,4,2
CHEMBL340867,Cc1cccc(C)c1NC(=O)Oc1ccc2c(c1)[C@]1(C)CCN(C)[C@@H]1N2C,0.29,chembal.csv,1,SKPQWJYRAXPOCN-IRLDBZIGSA-N,365.477,4.283,44.81,1,4,2,4,2
CHEMBL121810,CCc1ccccc1NC(=O)Oc1ccc2c(c1)[C@]1(C)CCN(C)O[C@@H]1N2C,0.31,chembal.csv,1,ZOBDWFRKFSPCRB-UNMCSNQZSA-N,381.476,4.161,54.04,1,5,3,4,2
CHEMBL308043,CN(C)C(=O)Oc1ccc2c(c1)[C@]1(C)CCN(C)[C@@H]1N2C,0.42,chembal.csv,1,IUHMWLMDASQDJQ-ZBFHGGJFSA-N,289.379,2.116,36.02,0,4,1,3,1
CHEMBL337675,Cc1ccc(C)c(NC(=O)Oc2ccc3c(c2)[C@]2(C)CCN(C)[C@@H]2N3C)c1,0.49,chembal.csv,1,CVZBWJAXPTZWBP-IRLDBZIGSA-N,365.477,4.283,44.81,1,4,2,4,2
CHEMBL76135,C[C@@]12CCN(Cc3ccccc3)C1N(Cc1ccccc1)c1ccc(OC(=O)Nc3ccccc3)cc12,0.513,chembal.csv,1,WWDUYDXEHWHZTJ-AUPVMFHISA-N,489.619,6.807,44.81,1,4,6,6,4
CHEMBL418917,CN1CC[C@@]2(C)c3cc(OC(=O)Nc4ccccc4)ccc3NC12,0.516,chembal.csv,1,AGMUUBYEBVEYGU-NNBQYGFHSA-N,323.396,3.642,53.6,2,4,2,4,2
CHEMBL54014,Cc1ccccc1NC(=O)Oc1ccc2c(c1)[C@]1(C)CCN(C)C1N2Cc1ccccc1,0.6,chembal.csv,1,GUUSRQYNMVBLTK-GPNIZQGCSA-N,427.548,5.545,44.81,1,4,4,5,3
CHEMBL80247,CN1c2ccc(OC(=O)Nc3ccccc3)cc2[C@]2(C)CCNC12,0.612,chembal.csv,1,ITTCFQIHBIBVEN-NNBQYGFHSA-N,323.396,3.324,53.6,2,4,2,4,2
CHEMBL292695,Cc1ccccc1NC(=O)Oc1ccc2c(c1)[C@]1(C)CCN(Cc3ccccc3)C1N2Cc1ccccc1,0.641,chembal.csv,1,YSHGAURKQQQQLD-STJUJJKNSA-N,503.646,7.116,44.81,1,4,6,6,4
CHEMBL130270,CC(C)c1ccccc1NC(=O)Oc1ccc2c(c1)[C@]1(C)CCN(C)[C@@H]1N2C,0.65,chembal.csv,1,LZCXRMUTKSVDOD-GGAORHGYSA-N,379.504,4.79,44.81,1,4,3,4,2
CHEMBL538852,CNC(=O)Oc1ccc2c(c1)[C@]1(C)CC[N@@+](C)([O-])[C@@H]1N2C,0.66,chembal.csv,1,CWTQKLHIHKZUQO-DHSIGJKJSA-N,291.351,1.786,64.63,1,4,1,3,1
CHEMBL440497,CNC(=O)Oc1ccc2c(c1)[C@@]1(C)CCN(Cc3ccccc3)C1N2Cc1ccccc1,0.776,chembal.csv,1,YSZQKPILONCHJM-ZCJYOONXSA-N,427.548,4.915,44.81,1,4,5,5,3
CHEMBL131210,Cc1cc(C)cc(NC(=O)Oc2ccc3c(c2)[C@]2(C)CCN(C)[C@@H]2N3C)c1,0.798,chembal.csv,1,MMFNDUBHUKJLAW-IRLDBZIGSA-N,365.477,4.283,44.81,1,4,2,4,2
CHEMBL123831,CN1CC[C@@]2(C)c3cc(OC(=O)Nc4ccccc4)ccc3N(C)[C@H]2O1,0.815,chembal.csv,1,JMNTUMBNMVKSOA-ICSRJNTNSA-N,353.422,3.598,54.04,1,5,2,4,2
4811,CNC(=O)Oc1ccc2c(c1)C1(C)CCN(C)C1N2C,0.016,pubchem.csv,1,PIJVFDBKTWXHHD-UHFFFAOYSA-N,275.352,1.774,44.81,1,4,1,3,1
11403114,CNC(=O)Oc1ccc2c(c1)[C@]1(C)CCN(C)C1N2C,0.016,pubchem.csv,1,PIJVFDBKTWXHHD-WUJWULDRSA-N,275.352,1.774,44.81,1,4,1,3,1
23645288,CNC(=O)Oc1ccc2c(c1)[C@@]1(C)CCOC1N2C,0.056,pubchem.csv,1,LXTKNVLLWOLCOV-TYZXPVIJSA-N,262.309,1.859,50.8,1,4,1,3,1
23645291,CCCCCCCNC(=O)Oc1ccc2c(c1)[C@]1(C)CCN(C)C1N2C,0.005,pubchem.csv,1,RRGMXBQMCUKRLH-QWAKEFERSA-N,359.514,4.115,44.81,1,4,7,3,1
23645352,CNC(=O)Oc1ccc2c(c1)[C@]1(C)CC[N@@+](C)(O)[C@@H]1N2C,0.66,pubchem.csv,1,SVOYLRHVYYXCFK-DHSIGJKJSA-O,292.359,1.678,61.8,2,4,1,3,1
CHEMBL5173013,CCCCN(CCc1cn(C(=O)N(C)C)c2ccccc12)CCC1CCCCCC1,0.00087,chembal.csv,1,QDJMTTIOPFFFNG-UHFFFAOYSA-N,411.634,6.176,28.48,0,3,9,3,2
CHEMBL5435281,CN(CCC1CCCCCC1)Cc1c[nH]c2c(OC(=O)N(C)C)cccc12,0.00176,chembal.csv,1,PUQVZTVXJSQDBH-UHFFFAOYSA-N,371.525,5.021,48.57,1,3,6,3,2
CHEMBL5189830,CN(C)C1CCC(CCN(CCCc2c[nH]c3ccccc23)CCC2CCCCCC2)CC1,0.0019,chembal.csv,1,SDHJEPJJARZDKU-UHFFFAOYSA-N,451.743,7.274,22.27,1,2,11,4,2
CHEMBL5190737,CCCCN(CCCc1cccc2ccccc12)CCC1CCCCCC1,0.0019,chembal.csv,1,HAKXZSGXOKOWJV-UHFFFAOYSA-N,365.605,7.235,3.24,0,1,10,3,2
CHEMBL5190129,CCCCN(CCC1CCCCCC1)Cc1ccc(OC(=O)N(C)C)c2ccccc12,0.0019,chembal.csv,1,ZPQCQCBRYIFSRA-UHFFFAOYSA-N,424.629,6.863,32.78,0,3,9,3,2
CHEMBL4787418,CCCCN[C@@H](Cc1c[nH]c2ccccc12)C(=O)NCCC1CCN(Cc2ccccc2)CC1,0.002,chembal.csv,1,HXSAUIIDIMVOET-NDEPHWFRSA-N,460.666,4.887,60.16,3,3,12,4,3
CHEMBL5186889,CCCCN(CCc1c[nH]c2c(OC(=O)C(C)C)cccc12)CCC1CCCCCC1,0.0022,chembal.csv,1,QUOFUFOKIMRNON-UHFFFAOYSA-N,426.645,6.734,45.33,1,3,11,3,2
CHEMBL5179799,CCCCN(CCC1CCCCCC1)Cc1cc2ccccc2cc1OC(=O)N(C)C,0.0022,chembal.csv,1,OUWMJIFTWNPRQV-UHFFFAOYSA-N,424.629,6.863,32.78,0,3,9,3,2
CHEMBL5184276,CCCC[N+](C)(CCCc1c[nH]c2ccccc12)CCC1CCCCCC1,0.0023,chembal.csv,1,HHCYMSNTCQTAOH-UHFFFAOYSA-N,369.617,6.708,15.79,1,0,10,3,2
CHEMBL5172799,CCCCN(CCC1CCCCCC1)Cc1cc(OC(=O)N(C)C)c2ccccc2c1,0.0024,chembal.csv,1,YFKHDWWVYBTYBD-UHFFFAOYSA-N,424.629,6.863,32.78,0,3,9,3,2
CHEMBL5206702,CCCCN(CCCc1c[nH]c2ccccc12)CCC1CCCCCC1,0.0024,chembal.csv,1,SLKJYPXPCOVIKY-UHFFFAOYSA-N,354.582,6.563,19.03,1,1,10,3,2
CHEMBL4750731,CCCCN[C@@H](Cc1c[nH]c2ccccc12)C(=O)NCCC1CCCN(Cc2ccccc2)CC1,0.0028,chembal.csv,1,GZBQVFPQSQFJCG-PEFOLFAWSA-N,474.693,5.277,60.16,3,3,12,4,3
CHEMBL5199183,CCCCN(C)[C@@H](Cc1c[nH]c2ccccc12)CN(C)CCC1CCCCCC1,0.003,chembal.csv,1,JNHBUJVXUSKTKS-DEOSSOPVSA-N,397.651,6.103,22.27,1,2,11,3,2
CHEMBL5208984,CCCCN(CCC1CCCCCC1)Cc1c[nH]c2cc(Br)ccc12,0.0036,chembal.csv,1,AYGVJFVZEGDFHV-UHFFFAOYSA-N,405.424,6.893,19.03,1,1,8,3,2
CHEMBL5394478,C#CCCCCCCCCCN(C)C(=O)Oc1cccc2c(CN(C)CCC3CCCCCC3)c[nH]c12,0.003773,chembal.csv,1,XVBCFWNSQCHPTI-UHFFFAOYSA-N,507.763,8.145,48.57,1,3,15,3,2
CHEMBL4785796,CCCCN[C@@H](Cc1c[nH]c2ccccc12)C(=O)NCCC1CCN(CCc2ccccc2)CC1,0.0038,chembal.csv,1,WNBOTKANJUIEOD-LJAQVGFWSA-N,474.693,4.93,60.16,3,3,13,4,3
CHEMBL5209876,CN(C)c1ccc(/C=C/CN(CCCc2c[nH]c3ccccc23)CCC2CCCCCC2)cc1,0.0046,chembal.csv,1,FDBMHTIQDCPJAS-UKTHLTGXSA-N,457.706,7.542,22.27,1,2,11,4,3
CHEMBL5187323,CCCCN(CCC1CCCCCC1)Cc1cc(O)c2ccccc2c1,0.0047,chembal.csv,1,FWRDTRMMEIYUQN-UHFFFAOYSA-N,353.55,6.508,23.47,1,2,8,3,2
CHEMBL5204132,CCCCN(CCCc1cc2ccccc2[nH]1)CCC1CCCCCC1,0.0047,chembal.csv,1,ZNUFMBOGIVSUAE-UHFFFAOYSA-N,354.582,6.563,19.03,1,1,10,3,2
CHEMBL5187420,c1ccc2c(CCCN(CCC3CCCCCC3)CCC3CCCCC3)c[nH]c2c1,0.0049,chembal.csv,1,DXVFVBXROXFFKZ-UHFFFAOYSA-N,408.674,7.733,19.03,1,1,10,4,2
CHEMBL5209132,CCCCN1CCN(CCCC2CCCCCC2)C[C@@H]1Cc1c[nH]c2ccccc12,0.005,chembal.csv,1,QPCIUQNDTDPGOD-VWLOTQADSA-N,409.662,6.247,22.27,1,2,9,4,2
CHEMBL5169405,CCCCN(CCc1c[nH]c2ccccc12)CCC1CCCCCC1,0.005,chembal.csv,1,POFMUWPBTDXKKG-UHFFFAOYSA-N,340.555,6.173,19.03,1,1,9,3,2
CHEMBL5179129,CCCCN(CCCc1ccc2ccccc2c1)CCC1CCCCCC1,0.0050999999999999,chembal.csv,1,KMKCXYMLJIFEDS-UHFFFAOYSA-N,365.605,7.235,3.24,0,1,10,3,2
CHEMBL5426763,CN(CCC1CCCCCC1)Cc1c[nH]c2c(OC(=O)N3CCCCC3)cccc12,0.00528,chembal.csv,1,WPZXTEAEXAJKLC-UHFFFAOYSA-N,411.59,5.945,48.57,1,3,6,4,2
CHEMBL5177932,CCCCN(CCc1c(-c2ccccc2OC(=O)N(C)C)[nH]c2ccccc12)CCC1CCCCCC1,0.0054,chembal.csv,1,HWNYUUQDHGAUON-UHFFFAOYSA-N,503.731,7.9,48.57,1,3,11,4,3
CHEMBL4790897,CCCCN[C@@H](Cc1c[nH]c2ccccc12)C(=O)NCCC1CCN(c2ccccc2)CC1,0.0056,chembal.csv,1,OMOPSQMYPFJDOT-MHZLTWQESA-N,446.639,4.892,60.16,3,3,11,4,3
CHEMBL5169453,CCCCN(CCOc1cccc2c(OC(=O)N(C)C)cccc12)CCC1CCCCCC1,0.0058,chembal.csv,1,HPKITNCURKBAEB-UHFFFAOYSA-N,454.655,6.742,42.01,0,4,11,3,2
CHEMBL4758457,CCCCN[C@@H](Cc1c[nH]c2ccccc12)C(=O)NCCC1CCCN(Cc2c(F)c(F)cc(F)c2F)CC1,0.0059,chembal.csv,1,IGQZTNXZBSUXHG-OHMHCFLMSA-N,546.653,5.834,60.16,3,3,12,4,3
CHEMBL5201274,CCCCN(CCCc1c[nH]c2ccc(F)cc12)CCC1CCCCCC1,0.006,chembal.csv,1,VMIOIFUEAOFBFO-UHFFFAOYSA-N,372.572,6.702,19.03,1,1,10,3,2
CHEMBL5179979,c1ccc2c(c1)CCC2CCN(CCCc1c[nH]c2ccccc12)CCC1CCCCCC1,0.0063,chembal.csv,1,PJDHJUINRQMJDU-UHFFFAOYSA-N,442.691,7.883,19.03,1,1,10,5,3
CHEMBL5206620,CCCCN(CCC1CCCCCC1)CCC1CCc2ccccc21,0.0065,chembal.csv,1,FAUOWXRWVHDOGJ-UHFFFAOYSA-N,341.583,6.569,3.24,0,1,9,3,1
CHEMBL4760883,CCCCN[C@@H](Cc1c[nH]c2ccccc12)C(=O)NCCC1CCCC(c2ccccc2)C1,0.0066,chembal.csv,1,INCLVSXDXRYFKE-WWGLSMKPSA-N,445.651,5.949,56.92,3,2,11,4,3
CHEMBL5201118,CCCCN(CCc1c[nH]c2ccc(OC(=O)N(C)C)cc12)CCC1CCCCCC1,0.0069,chembal.csv,1,VCWDFTWDXGSMGM-UHFFFAOYSA-N,427.633,6.233,48.57,1,3,10,3,2
CHEMBL5431791,C#CCN(C)C(=O)Oc1cccc2c(CN(C)CCC3CCCCCC3)c[nH]c12,0.00775,chembal.csv,1,BTEJXTBVWONFFU-UHFFFAOYSA-N,395.547,5.024,48.57,1,3,7,3,2
CHEMBL5182671,CN(CCc1c[nH]c2ccccc12)CCC1CCCCCC1,0.0085,chembal.csv,1,RDTAUTSQXMIWOP-UHFFFAOYSA-N,298.474,5.003,19.03,1,1,6,3,2
CHEMBL5208849,CCCCN1CN(CCC2CCCCCC2)C[C@@H]1Cc1c[nH]c2ccccc12,0.0087,chembal.csv,1,YQIJZUKMSKJFPT-QHCPKHFHSA-N,381.608,5.815,22.27,1,2,8,4,2
CHEMBL4752348,CCCCN[C@@H](Cc1c[nH]c2ccccc12)C(=O)NCCC1CCCN(Cc2ccccc2)C1,0.009,chembal.csv,1,IXOCBGQTUBYBTN-AZKKKJBWSA-N,460.666,4.887,60.16,3,3,12,4,3
CHEMBL5179505,CCCCN[C@H](CNCCC1CCCCCC1)Cc1c[nH]c2ccccc12,0.0101,chembal.csv,1,PEEBEGVGFMFKQC-QFIPXVFZSA-N,369.597,5.419,39.85,3,2,11,3,2
CHEMBL5410208,C#CCN(C)C(=O)Oc1ccc2c(CN(C)CCC3CCCCCC3)c[nH]c2c1,0.01015,chembal.csv,1,VIMYNAVDKFZSJY-UHFFFAOYSA-N,395.547,5.024,48.57,1,3,7,3,2
CHEMBL5395691,CCN(C)C(=O)Oc1cccc2c(CN(C)CCC3CCCCCC3)c[nH]c12,0.01041,chembal.csv,1,ONFFSANHYPZSAW-UHFFFAOYSA-N,385.552,5.411,48.57,1,3,7,3,2
CHEMBL5183253,CN1CCN(CCC2CCCCCC2)C[C@@H]1Cc1c[nH]c2ccccc12,0.0105,chembal.csv,1,XSBOVJKKJVDOBL-NRFANRHFSA-N,353.554,4.687,22.27,1,2,5,4,2
CHEMBL5407369,CN(CCC1CCCCCC1)Cc1c[nH]c2c(OC(=O)N3CCOCC3)cccc12,0.01142,chembal.csv,1,WRQPYUZDNIDAKI-UHFFFAOYSA-N,413.562,4.791,57.8,1,4,6,4,2
CHEMBL5396394,CN(CCC1CCCCCC1)Cc1c[nH]c2c(OC(=O)N(C)Cc3ccccc3)cccc12,0.01159,chembal.csv,1,GQWXRMJFBBWGBU-UHFFFAOYSA-N,447.623,6.591,48.57,1,3,8,4,3
CHEMBL5201014,CCCCN(CCOc1ccc2ccc(OC(=O)N(C)C)cc2c1)CCC1CCCCCC1,0.0117,chembal.csv,1,RVORUKDDDQQCTE-UHFFFAOYSA-N,454.655,6.742,42.01,0,4,11,3,2
CHEMBL5400593,C#CCCCN(C)C(=O)Oc1cccc2c(CN(C)CCC3CCCCCC3)c[nH]c12,0.0122899999999999,chembal.csv,1,DRGVFCJQZHOVEJ-UHFFFAOYSA-N,423.601,5.804,48.57,1,3,9,3,2
CHEMBL5435599,CN(CCC1CCCCCC1)Cc1c[nH]c2c(OC(=O)N(C)N(C)C)cccc12,0.01315,chembal.csv,1,HHOQFQNZGOWBHS-UHFFFAOYSA-N,400.567,4.867,51.81,1,4,7,3,2
CHEMBL5201181,CCCCN(CCC1CCCCCC1)Cc1c[nH]c2ccccc12,0.0133,chembal.csv,1,CTXCUTVDDQBWCJ-UHFFFAOYSA-N,326.528,6.131,19.03,1,1,8,3,2
CHEMBL5182875,CCCCN(CCc1c(-c2ccccc2O)[nH]c2ccccc12)CCC1CCCCCC1,0.0168,chembal.csv,1,JZLQSKALJZPJKI-UHFFFAOYSA-N,432.652,7.546,39.26,2,2,10,4,3
CHEMBL5421921,C#CCN(CC)C(=O)Oc1cccc2c(CN(C)CCC3CCCCCC3)c[nH]c12,0.02194,chembal.csv,1,RYFYERZCXQBRAD-UHFFFAOYSA-N,409.574,5.414,48.57,1,3,8,3,2
CHEMBL4790886,CCCCN[C@@H](Cc1c[nH]c2ccccc12)C(=O)NCCC1CCCCCC1,0.022,chembal.csv,1,LDOSYPMIOHKIEJ-QHCPKHFHSA-N,383.58,4.945,56.92,3,2,10,3,2
CHEMBL5186857,CCCCN(CCc1c[nH]c2c(O)cccc12)CCC1CCCCCC1,0.0277,chembal.csv,1,OCHGFFIEJDIPAT-UHFFFAOYSA-N,356.554,5.879,39.26,2,2,9,3,2
CHEMBL5178828,CCCCN(CCCc1c[nH]c2ccccc12)CCC1CCN(Cc2ccccc2)CC1,0.0293,chembal.csv,1,SZOBDUWPNZYVFT-UHFFFAOYSA-N,431.668,6.505,22.27,1,2,12,4,3
CHEMBL5189102,CCCCN(CCc1c[nH]c2cc(O)ccc12)CCC1CCCCCC1,0.0296,chembal.csv,1,KRICXPIAKQTZMM-UHFFFAOYSA-N,356.554,5.879,39.26,2,2,9,3,2
CHEMBL5170179,c1ccc2c(CCNCCC3CCCCCC3)c[nH]c2c1,0.0315,chembal.csv,1,KKCCFJLKYWLUFQ-UHFFFAOYSA-N,284.447,4.661,27.82,2,1,6,3,2
CHEMBL5399188,C#CCN(CC#C)C(=O)Oc1cccc2c(CN(C)CCC3CCCCCC3)c[nH]c12,0.03275,chembal.csv,1,YMGWTTBRRFFMLN-UHFFFAOYSA-N,419.569,5.027,48.57,1,3,8,3,2
CHEMBL5200993,CCCCN(CCc1c[nH]c2ccc(O)cc12)CCC1CCCCCC1,0.0335,chembal.csv,1,ZJMGSKVMXSUXBO-UHFFFAOYSA-N,356.554,5.879,39.26,2,2,9,3,2
CHEMBL5183251,CCCCN(CCC1CCCCCC1)Cc1cc2ccccc2cc1O,0.0337,chembal.csv,1,WJILKOOXLPILKO-UHFFFAOYSA-N,353.55,6.508,23.47,1,2,8,3,2
CHEMBL5405546,CN(CCC1CCCCCC1)Cc1c[nH]c2cc(OC(=O)N(C)C)ccc12,0.04562,chembal.csv,1,YMWARYCMQGOOCM-UHFFFAOYSA-N,371.525,5.021,48.57,1,3,6,3,2
CHEMBL5183795,CCCCN(CCCC1CCNc2ccccc21)CCC1CCCCCC1,0.0548,chembal.csv,1,LZHPZAUDIOJOSE-UHFFFAOYSA-N,370.625,6.829,15.27,1,2,10,3,1
CHEMBL5171829,CCCCN(CCc1c[nH]c2cc(OC(=O)N(C)C)ccc12)CCC1CCCCCC1,0.0569,chembal.csv,1,DNYFOFJVAKFTIO-UHFFFAOYSA-N,427.633,6.233,48.57,1,3,10,3,2
CHEMBL5180743,CN(CCC1CCCCCC1)Cc1c[nH]c2ccccc12,0.0604,chembal.csv,1,UCPFUBIWOUIAIG-UHFFFAOYSA-N,284.447,4.96,19.03,1,1,5,3,2
CHEMBL5405929,CCN(CC)C(=O)Oc1cccc2c(CN(C)CCC3CCCCCC3)c[nH]c12,0.06095,chembal.csv,1,DSKDAAYTNXQGJV-UHFFFAOYSA-N,399.579,5.801,48.57,1,3,8,3,2
CHEMBL4776346,CCCCN(CCCC)[C@@H](Cc1c[nH]c2ccccc12)C(=O)N1CCC(Cc2ccccc2)CC1,0.076,chembal.csv,1,ASLZFWPWGCTKQN-PMERELPUSA-N,473.705,6.463,39.34,1,2,12,4,3
CHEMBL5428978,C#CCN(C(=O)Oc1cccc2c(CN(C)CCC3CCCCCC3)c[nH]c12)C(C)C,0.0804899999999999,chembal.csv,1,GAIKGEKRGGHCMZ-UHFFFAOYSA-N,423.601,5.803,48.57,1,3,8,3,2
CHEMBL5200717,CCCCN(CCC1CCCCCC1)Cc1c[nH]c2ncccc12,0.083,chembal.csv,1,JEMGSQSXLSAENK-UHFFFAOYSA-N,327.516,5.526,31.92,1,2,8,3,2
CHEMBL5180679,CCCCN(CCC1CCCCCC1)Cc1c[nH]c2cc(C#N)ccc12,0.0837,chembal.csv,1,HQZWZPYKQXOHMI-UHFFFAOYSA-N,351.538,6.002,42.82,1,2,8,3,2
CHEMBL5394683,CC(C)N(C(=O)Oc1ccc2c(CN(C)CCC3CCCCCC3)c[nH]c2c1)C(C)C,0.08623,chembal.csv,1,LAMQUJNDYPKKMT-UHFFFAOYSA-N,427.633,6.578,48.57,1,3,8,3,2
CHEMBL4787212,CCCCN[C@@H](Cc1c[nH]c2ccccc12)C(=O)NCCC1CCCN(Cc2ccc(OC)cc2)CC1,0.1,chembal.csv,1,UDBFPLNBZWUERI-FZNWDQQTSA-N,504.719,5.286,69.39,3,4,13,4,3
CHEMBL5178072,CCCC[N+]([O-])(CCc1c[nH]c2ccccc12)CCC1CCCCCC1,0.1069,chembal.csv,1,IBYKMYNUVIYRGE-UHFFFAOYSA-N,356.554,6.186,38.85,1,1,9,3,2
CHEMBL5440735,CC(C)N(C)C(=O)Oc1cccc2c(CN(C)CCC3CCCCCC3)c[nH]c12,0.1142,chembal.csv,1,GTXNGJDFXPHWOA-UHFFFAOYSA-N,399.579,5.799,48.57,1,3,7,3,2
CHEMBL5192664,CCCCN(CCC1CCCCCC1)Cc1cn(OC(=O)N(C)C)c2ccccc12,0.133,chembal.csv,1,YDDBFPXJGMVSMN-UHFFFAOYSA-N,413.606,5.714,37.71,0,4,9,3,2
CHEMBL5429608,CN(CCC1CCCCCC1)Cc1c[nH]c2c(OC(=O)N(C)C(C)(C)C)cccc12,0.147,chembal.csv,1,IFCAAEQXMGKTFX-UHFFFAOYSA-N,413.606,6.189,48.57,1,3,6,3,2
CHEMBL5412829,CON(C)C(=O)Oc1cccc2c(CN(C)CCC3CCCCCC3)c[nH]c12,0.1579,chembal.csv,1,VGOWRMCVCDHGIZ-UHFFFAOYSA-N,387.524,4.952,57.8,1,4,7,3,2
CHEMBL5174586,CCCCN(CCCc1c[nH]c2ccccc12)CCC1CCC(N(C)C)CC1,0.2054,chembal.csv,1,QFFUOKWOGRXHRN-UHFFFAOYSA-N,383.624,5.713,22.27,1,2,11,3,2
CHEMBL5407856,CC(C)N(C(=O)Oc1cccc2c(CN(C)CCC3CCCCCC3)c[nH]c12)C(C)C,0.2301,chembal.csv,1,OKXFQHMUKASRBY-UHFFFAOYSA-N,427.633,6.578,48.57,1,3,8,3,2
CHEMBL5200103,CN(CCC1CCCCCC1)Cc1cccc2[nH]ccc12,0.3485,chembal.csv,1,HSYNJVJJCTZAIX-UHFFFAOYSA-N,284.447,4.96,19.03,1,1,5,3,2
CHEMBL5408499,CN(CCC1CCCCCC1)Cc1c[nH]c2c(O)cccc12,0.3733,chembal.csv,1,MNMQAHKGWMLPCY-UHFFFAOYSA-N,300.446,4.666,39.26,2,2,5,3,2
CHEMBL4791899,CCCCN[C@@H](Cc1ccccc1)C(=O)NCCC1CCCCCC1,0.609,chembal.csv,1,VMJNVGGLSQMZAO-NRFANRHFSA-N,344.543,4.464,41.13,2,2,10,2,1
CHEMBL5178834,CN(CCC1CCCCCC1)Cc1c(-c2nnn[nH]2)[nH]c2ccccc12,0.9287,chembal.csv,1,MHQOSPNBNYUNIK-UHFFFAOYSA-N,352.486,4.14,73.49,2,4,6,4,3
CHEMBL4741226,CCCCN[C@@H](Cc1c[nH]c2ccccc12)C(=O)N1CCCC1c1ccccc1,0.99,chembal.csv,1,JJANQVGMMMOETH-UXMRNZNESA-N,389.543,4.832,48.13,2,2,8,4,3
CHEMBL54470,CC(C)c1ccc(NC(=O)Oc2ccc3c(c2)[C@]2(C)CCNC2N3)cc1,0.001,chembal.csv,1,ZIGIADNCAWZUAB-QWAKEFERSA-N,351.45,4.424,62.39,3,4,3,4,2
CHEMBL4089082,CC(C)c1ccc(NC(=O)Oc2ccc3c(c2)[C@]2(C)CCN[C@@H]2N3)cc1,0.001,chembal.csv,1,ZIGIADNCAWZUAB-CTNGQTDRSA-N,351.45,4.424,62.39,3,4,3,4,2
CHEMBL309667,CNC(=O)Oc1ccc2c(c1)[C@]1(C)CCNC1N2,0.0024,chembal.csv,1,JZTYZCGIRWVERO-YUZLPWPTSA-N,247.298,1.407,62.39,3,4,1,3,1
CHEMBL204895,CCNC(=O)Oc1ccc2c(c1)[C@]1(C)CCO[C@@H]1O2,0.003,chembal.csv,1,ZEZHVLKHFYAVTB-OCCSQVGLSA-N,263.293,2.191,56.79,1,4,2,3,1
CHEMBL369554,CCNC(=O)Oc1ccc2c(c1)C1(C)CCOC1O2,0.006,chembal.csv,1,ZEZHVLKHFYAVTB-UHFFFAOYSA-N,263.293,2.191,56.79,1,4,2,3,1
CHEMBL5090683,CCNC(=O)Oc1ccc2c(c1)[C@]1(C)CCOC1O2,0.006,chembal.csv,1,ZEZHVLKHFYAVTB-PYMCNQPYSA-N,263.293,2.191,56.79,1,4,2,3,1
CHEMBL206642,CC(C)c1ccc(NC(=O)Oc2ccc3c(c2)[C@]2(C)CCO[C@@H]2O3)cc1,0.013,chembal.csv,1,QIYIAVWWIGXXBQ-CTNGQTDRSA-N,353.418,4.817,56.79,1,4,3,4,2
CHEMBL204732,CC(C)c1ccc(NC(=O)Oc2ccc3c(c2)[C@@]2(C)CO[C@H](C2)O3)cc1,0.015,chembal.csv,1,KOFCNZPCQOBXHD-PZJWPPBQSA-N,353.418,4.817,56.79,1,4,3,4,2
CHEMBL178132,CC(C)c1ccc(NC(=O)Oc2ccc3c(c2)[C@]2(C)CCOC2N3C)cc1,0.017,chembal.csv,1,NPANUSRHFVUOKM-IAXKEJLGSA-N,366.461,4.875,50.8,1,4,3,4,2
CHEMBL382207,CC(C)c1ccc(NC(=O)Oc2ccc3c(c2)[C@]2(C)CCO[C@@H]2N3C)cc1,0.017,chembal.csv,1,NPANUSRHFVUOKM-UNMCSNQZSA-N,366.461,4.875,50.8,1,4,3,4,2
CHEMBL178792,CC(C)c1ccc(NC(=O)Oc2ccc3c(c2)C2(C)COC(C2)O3)cc1,0.022,chembal.csv,1,KOFCNZPCQOBXHD-UHFFFAOYSA-N,353.418,4.817,56.79,1,4,3,4,2
CHEMBL205826,CC(C)c1ccc(NC(=O)Oc2ccc3c(c2)[C@@]2(C)CCO[C@H]2N3C)cc1,0.023,chembal.csv,1,NPANUSRHFVUOKM-IFMALSPDSA-N,366.461,4.875,50.8,1,4,3,4,2
CHEMBL380830,CCNC(=O)Oc1ccc2c(c1)[C@@]1(C)CO[C@H](C1)O2,0.023,chembal.csv,1,RAANAGIDXYTUAW-GXTWGEPZSA-N,263.293,2.191,56.79,1,4,2,3,1
CHEMBL362704,CCNC(=O)Oc1ccc2c(c1)C1(C)COC(C1)O2,0.024,chembal.csv,1,RAANAGIDXYTUAW-UHFFFAOYSA-N,263.293,2.191,56.79,1,4,2,3,1
CHEMBL179320,CC(C)c1ccc(NC(=O)Oc2ccc3c(c2)C2(C)CCOC2O3)cc1,0.027,chembal.csv,1,QIYIAVWWIGXXBQ-UHFFFAOYSA-N,353.418,4.817,56.79,1,4,3,4,2
CHEMBL1242981,CC(C)c1ccc(NC(=O)Oc2ccc3c(c2)[C@]2(C)CCOC2O3)cc1,0.027,chembal.csv,1,QIYIAVWWIGXXBQ-QWAKEFERSA-N,353.418,4.817,56.79,1,4,3,4,2
CHEMBL377283,CCNC(=O)Oc1ccc2c(c1)[C@@]1(C)CCO[C@H]1O2,0.028,chembal.csv,1,ZEZHVLKHFYAVTB-GXTWGEPZSA-N,263.293,2.191,56.79,1,4,2,3,1
CHEMBL206237,CC(C)c1ccc(NC(=O)Oc2ccc3c(c2)[C@@]2(C)CCO[C@H]2O3)cc1,0.04,chembal.csv,1,QIYIAVWWIGXXBQ-PZJWPPBQSA-N,353.418,4.817,56.79,1,4,3,4,2
CHEMBL4068410,CC(C)c1ccc(NC(=O)Oc2ccc3c(c2)[C@]2(C)CCC(C)[C@@H]2C3C)cc1,0.05,chembal.csv,1,YHZXHXHCQKEXCC-XGFZBELQSA-N,377.528,6.842,38.33,1,2,3,4,2
CHEMBL205321,CC(C)c1ccc(NC(=O)Oc2ccc3c(c2)[C@]2(C)CO[C@@H](C2)O3)cc1,0.054,chembal.csv,1,KOFCNZPCQOBXHD-CTNGQTDRSA-N,353.418,4.817,56.79,1,4,3,4,2
CHEMBL294208,CC(C)c1ccc(NC(=O)Oc2ccc3c(c2)[C@]2(C)CCN(C)C2N3)cc1,0.078,chembal.csv,1,WZMBVGKJFPMNGN-IAXKEJLGSA-N,365.477,4.766,53.6,2,4,3,4,2
CHEMBL205967,CCNC(=O)Oc1ccc2c(c1)[C@]1(C)CO[C@@H](C1)O2,0.12,chembal.csv,1,RAANAGIDXYTUAW-OCCSQVGLSA-N,263.293,2.191,56.79,1,4,2,3,1
CHEMBL75743,CNC(=O)Oc1ccc2c(c1)[C@@]1(C)CCNC1N2,0.237,chembal.csv,1,JZTYZCGIRWVERO-GLGOKHISSA-N,247.298,1.407,62.39,3,4,1,3,1
CHEMBL54864,Cc1ccccc1NC(=O)Oc1ccc2c(c1)[C@]1(C)CCNC1N2,0.396,chembal.csv,1,HFXBBZYSRYHHRW-NNBQYGFHSA-N,323.396,3.609,62.39,3,4,2,4,2
CHEMBL419470,C[C@@]12CCNC1Nc1ccc(OC(=O)Nc3ccccc3)cc12,0.897,chembal.csv,1,ZTNAPMRRYAYAIK-DAFXYXGESA-N,309.369,3.3,62.39,3,4,2,4,2
CHEMBL309351,C[C@]12CCNC1Nc1ccc(OC(=O)Nc3ccccc3)cc12,0.952,chembal.csv,1,ZTNAPMRRYAYAIK-UHUGOGIASA-N,309.369,3.3,62.39,3,4,2,4,2
23645278,CCNC(=O)Oc1ccc2c(c1)[C@@]1(C)CCOC1O2,0.028,pubchem.csv,1,ZEZHVLKHFYAVTB-TYZXPVIJSA-N,263.293,2.191,56.79,1,4,2,3,1
23645281,CC(C)c1ccc(NC(=O)Oc2ccc3c(c2)[C@@]2(C)CCOC2O3)cc1,0.04,pubchem.csv,1,QIYIAVWWIGXXBQ-VGAJERRHSA-N,353.418,4.817,56.79,1,4,3,4,2
23645282,CCNC(=O)Oc1ccc2c(c1)[C@@]1(C)COC(C1)O2,0.023,pubchem.csv,1,RAANAGIDXYTUAW-TYZXPVIJSA-N,263.293,2.191,56.79,1,4,2,3,1
23645283,CCNC(=O)Oc1ccc2c(c1)[C@]1(C)COC(C1)O2,0.12,pubchem.csv,1,RAANAGIDXYTUAW-PYMCNQPYSA-N,263.293,2.191,56.79,1,4,2,3,1
23645286,CC(C)c1ccc(NC(=O)Oc2ccc3c(c2)[C@]2(C)COC(C2)O3)cc1,0.054,pubchem.csv,1,KOFCNZPCQOBXHD-QWAKEFERSA-N,353.418,4.817,56.79,1,4,3,4,2
23645293,CC(C)c1ccc(NC(=O)Oc2ccc3c(c2)[C@@]2(C)COC(C2)O3)cc1,0.015,pubchem.csv,1,KOFCNZPCQOBXHD-VGAJERRHSA-N,353.418,4.817,56.79,1,4,3,4,2
23645295,CC(C)c1ccc(NC(=O)Oc2ccc3c(c2)[C@@]2(C)CCOC2N3C)cc1,0.023,pubchem.csv,1,NPANUSRHFVUOKM-LWMIZPGFSA-N,366.461,4.875,50.8,1,4,3,4,2
CHEMBL187870,CCCCCCCNC(=O)Oc1cccc2c1OCC1CCN(C)C21,0.00126,chembal.csv,1,LCLQRXYSCAZUJT-UHFFFAOYSA-N,346.471,4.131,50.8,1,4,7,3,1
CHEMBL521589,CN(C)C(=O)Oc1cc(OC(=O)N(C)C)cc(C(O)CNC(C)(C)C)c1,0.003,chembal.csv,1,ANZXOIAKUNOVQU-UHFFFAOYSA-N,367.446,2.229,91.34,2,6,5,1,1
CHEMBL4098455,CCN(C)C(=O)Oc1cc(OC(=O)N(C)CC)cc(C(O)CNC(C)(C)CC)c1,0.00712,chembal.csv,1,YITYTBZFPWLRCG-UHFFFAOYSA-N,409.527,3.399,91.34,2,6,9,1,1
CHEMBL4096024,CCC(C)(C)NCC(O)c1cc(OC(=O)N(C)C)cc(OC(=O)N(C)C)c1,0.00728,chembal.csv,1,SYWTZCLVKUGBKA-UHFFFAOYSA-N,381.473,2.619,91.34,2,6,7,1,1
CHEMBL130098,CSc1nc(-c2ccc(Cl)cc2)nn1C(=O)N(C)C,0.01,chembal.csv,1,BCRUIWHBJPICOM-UHFFFAOYSA-N,296.783,2.85,51.02,0,5,2,2,2
CHEMBL190322,CNC(=O)Oc1cccc2c1SCC1CCN(C)C21,0.0105,chembal.csv,1,HDQBOOHWHLECAC-UHFFFAOYSA-N,278.377,2.503,41.57,1,4,1,3,1
CHEMBL189907,CNC(=O)Oc1cccc2c1CCC1CCN(C)C21,0.0245,chembal.csv,1,RPFDRSCDZJIZNM-UHFFFAOYSA-N,260.337,2.344,41.57,1,3,1,3,1
CHEMBL363557,CCNC(=O)Oc1cccc2c1CCC1CCN(C)C21,0.0303,chembal.csv,1,QJKKNTBZVBEQGM-UHFFFAOYSA-N,274.364,2.734,41.57,1,3,2,3,1
CHEMBL42531,CCCN(c1ccncc1F)n1cc(C)c2cc(OC(=O)NC)ccc21,0.031,chembal.csv,1,SDDAWVZASDNIOK-UHFFFAOYSA-N,356.401,3.882,59.39,1,5,5,3,3
CHEMBL187385,CCNC(=O)Oc1cccc2c1OCC1CCN(C)C21,0.04441,chembal.csv,1,OZZLFEZFCLBCIV-UHFFFAOYSA-N,276.336,2.18,50.8,1,4,2,3,1
CHEMBL5220560,CCC(C)(C)NCC(O)c1cc(O)cc(OC(=O)N(C)C)c1,0.05,chembal.csv,1,AMMYGOHPPALBLV-UHFFFAOYSA-N,310.394,2.264,82.03,3,5,6,1,1
CHEMBL336524,CCSc1nc(-c2ccc(Cl)cc2)nn1C(=O)N(C)C,0.05,chembal.csv,1,HELKFUZDNOHCMJ-UHFFFAOYSA-N,310.81,3.24,51.02,0,5,3,2,2
CHEMBL189906,CNC(=O)Oc1cccc2c1OCC1CCN(C)C21,0.0594,chembal.csv,1,UKFCIGJAJAIROZ-UHFFFAOYSA-N,262.309,1.79,50.8,1,4,1,3,1
CHEMBL337714,CSc1nc(-c2ccc(C(F)(F)F)cc2)nn1C(=O)N(C)C,0.1,chembal.csv,1,PUBHZTNJRAPIMN-UHFFFAOYSA-N,330.335,3.216,51.02,0,5,2,2,2
CHEMBL334395,CCCSc1nc(-c2ccc(Cl)cc2)nn1C(=O)N(C)C,0.1,chembal.csv,1,PSJHEFSSEIFFSU-UHFFFAOYSA-N,324.837,3.63,51.02,0,5,4,2,2
CHEMBL335033,CSc1nc(-c2ccc3ccccc3c2)nn1C(=O)N(C)C,0.13,chembal.csv,1,FCWFKSMUNCZMFT-UHFFFAOYSA-N,312.398,3.35,51.02,0,5,2,3,3
CHEMBL5188267,CCCCNC(=O)O[C@@H]1C[C@H]2O[C@@H](OC(=O)CCCCC3CCSS3)C[C@H]2O1,0.17,chembal.csv,1,RCFGPZUQMRQWSU-FFDCSCEMSA-N,433.592,4,83.09,1,8,10,3,0
CHEMBL295462,CNC(=O)Oc1ccc2c(c1)c(C)cn2Nc1ccncc1F,0.19,chembal.csv,1,GUHMRCCRDRBMHO-UHFFFAOYSA-N,314.32,3.077,68.18,2,5,3,3,3
CHEMBL133388,CSc1nc(-c2ccc(C)cc2)nn1C(=O)N(C)C,0.2,chembal.csv,1,BTBHHMNHCCVBKZ-UHFFFAOYSA-N,276.365,2.505,51.02,0,5,2,2,2
CHEMBL130478,CSc1nc(-c2ccc(OC(F)(F)F)cc2)nn1C(=O)N(C)C,0.2,chembal.csv,1,FBOHEFQKBNWFPO-UHFFFAOYSA-N,346.334,3.095,60.25,0,6,3,2,2
CHEMBL371787,CC(NC(=O)Oc1cccc2c1OCC1CCN(C)C21)c1ccccc1,0.209,chembal.csv,1,GDJCEUYIQJRPFO-UHFFFAOYSA-N,352.434,3.921,50.8,1,4,3,4,2
CHEMBL338720,CSc1nc(-c2ccc(-c3ccccc3)cc2)nn1C(=O)N(C)C,0.23,chembal.csv,1,YKUXAAJJGAYTRC-UHFFFAOYSA-N,338.436,3.864,51.02,0,5,3,3,3
CHEMBL336276,CCCCCCSc1nc(-c2ccc(C)cc2)nn1C(=O)N(C)C,0.3,chembal.csv,1,WNOVRIVBMAIXOK-UHFFFAOYSA-N,346.5,4.456,51.02,0,5,7,2,2
CHEMBL1784955,C[C@@H](c1cccc(OC(=O)N(C)[C@@H](C)Cc2ccccc2)c1)N(C)C,0.334,chembal.csv,1,QGKSWUZOCNWHHA-IRXDYDNUSA-N,340.467,4.371,32.78,0,3,6,2,2
CHEMBL4166349,CCN(C)C(=O)Oc1cccc(CCNC(=O)CCCCC2CCSS2)c1,0.34,chembal.csv,1,AQVRXHXIMMRAKE-UHFFFAOYSA-N,410.605,4.51,58.64,1,5,10,2,1
CHEMBL4174650,CCN(C)C(=O)Oc1cccc(NC(=O)CCCCC2CCSS2)c1,0.356,chembal.csv,1,IJIZELZKMWGYRB-UHFFFAOYSA-N,382.551,4.79,58.64,1,5,8,2,1
CHEMBL4166749,CCN(C)C(=O)Oc1cccc(CNC(=O)CCCCC2CCSS2)c1,0.378,chembal.csv,1,JUAVIZNHBLORJY-UHFFFAOYSA-N,396.578,4.467,58.64,1,5,9,2,1
CHEMBL1912063,COc1cccc(C(C)N(C)CCCNC(=O)CCCCC2CCSS2)c1,0.398,chembal.csv,1,IEDFSYAYEIZFGF-UHFFFAOYSA-N,410.649,4.908,41.57,1,5,12,2,1
CHEMBL188274,CNC(=O)Oc1cccc(C(C)N(C)C)c1,0.406,chembal.csv,1,KQOUPMYYRQWZLI-UHFFFAOYSA-N,222.288,2.027,41.57,1,3,3,1,1
CHEMBL336538,COc1ccc(-c2nc(SC)n(C(=O)N(C)C)n2)cc1,0.41,chembal.csv,1,RMOMJDZNOXKMFY-UHFFFAOYSA-N,292.364,2.205,60.25,0,6,3,2,2
CHEMBL1784956,C[C@H](Cc1ccccc1)NC(=O)Oc1cccc([C@H](C)N(C)C)c1,0.416,chembal.csv,1,HKJROXHSAHRDAO-CVEARBPZSA-N,326.44,4.029,41.57,1,3,6,2,2
CHEMBL4170157,CCN(C)C(=O)Oc1cccc(CCNC(=O)c2cc(O)c(O)c(O)c2)c1,0.452,chembal.csv,1,BABCYRKFETVCKL-UHFFFAOYSA-N,374.393,2.226,119.33,4,6,6,2,2
CHEMBL131320,Cc1ccc(-c2nc(SCC(F)(F)F)n(C(=O)N(C)C)n2)cc1,0.46,chembal.csv,1,MYAOJPWDGLEXIZ-UHFFFAOYSA-N,344.362,3.438,51.02,0,5,3,2,2
CHEMBL5219350,CCN1/C(=C/C(C)=O)Sc2ccc(OC(=O)OCCOCCNC(=O)c3cc4c(OC(=O)N(C)C)cccc4[n+](C)c3)cc21,0.482,chembal.csv,1,QKXVJVUEXIBPQT-NTFVMDSBSA-O,623.708,4.049,127.59,1,10,11,4,3
CHEMBL4176974,CCN(C)C(=O)Oc1cccc(NC(=O)c2cc(=O)c3ccccc3o2)c1,0.507,chembal.csv,1,UHRSSIRDHAWGFH-UHFFFAOYSA-N,366.373,3.496,88.85,1,5,4,3,3
CHEMBL4173608,CCN(C)C(=O)Oc1cccc(CCNC(=O)c2cc(=O)c3ccccc3o2)c1,0.511,chembal.csv,1,TWEUHVZHTLEEIL-UHFFFAOYSA-N,394.427,3.216,88.85,1,5,6,3,3
CHEMBL1173603,C[n+]1cccc(OC(=O)Nc2ccccc2)c1,0.55,chembal.csv,1,HFCGFRPAGMNQAZ-UHFFFAOYSA-O,229.259,2.122,42.21,1,2,2,2,2
CHEMBL3828679,CCCCCCCCCC(C)C1OCc2c[n+](C)c(C)c(OC(=O)N(C)C)c2CO1,0.59,chembal.csv,1,KPKDJUQXQCVKAW-UHFFFAOYSA-N,421.602,5.03,51.88,0,4,10,2,1
CHEMBL4162892,CCN(C)C(=O)Oc1cccc(CNC(=O)c2cc(=O)c3ccccc3o2)c1,0.65,chembal.csv,1,ZYPPMTHXORRIOO-UHFFFAOYSA-N,380.4,3.174,88.85,1,5,5,3,3
CHEMBL4761198,CCN(C)C(=O)Oc1cccc(CNCCc2c[nH]c3cc(F)ccc23)c1,0.835,chembal.csv,1,QZGAFMLTVWNDEJ-UHFFFAOYSA-N,369.44,4.09,57.36,2,3,7,3,3
CHEMBL812,CN(C)C(=O)Oc1ccc[n+](C)c1,0.9,chembal.csv,1,RVOLLAQWKVFTGE-UHFFFAOYSA-N,181.215,0.571,33.42,0,2,1,1,1
CHEMBL290628,CCCCNC(=O)Oc1ccc2c(c1)c(C)cn2N(CCC)c1ccncc1F,0.92,chembal.csv,1,PTXWLJMKMSWCDU-UHFFFAOYSA-N,398.482,5.052,59.39,1,5,8,3,3
11323955,CNC(=O)Oc1cccc2c1CC[C@@H]1CCN(C)[C@H]21,0.0245,pubchem.csv,1,RPFDRSCDZJIZNM-YGRLFVJLSA-N,260.337,2.344,41.57,1,3,1,3,1
11381352,CCNC(=O)Oc1cccc2c1CC[C@@H]1CCN(C)[C@H]21,0.0303,pubchem.csv,1,QJKKNTBZVBEQGM-ABAIWWIYSA-N,274.364,2.734,41.57,1,3,2,3,1
11460126,CNC(=O)Oc1cccc2c1SC[C@@H]1CCN(C)[C@H]21,0.0105,pubchem.csv,1,HDQBOOHWHLECAC-CABZTGNLSA-N,278.377,2.503,41.57,1,4,1,3,1
11461127,CCNC(=O)Oc1cccc2c1OC[C@@H]1CCN(C)[C@H]21,0.04441,pubchem.csv,1,OZZLFEZFCLBCIV-GWCFXTLKSA-N,276.336,2.18,50.8,1,4,2,3,1
11463218,CCCCCCCNC(=O)Oc1cccc2c1OC[C@@H]1CCN(C)[C@H]21,0.00126,pubchem.csv,1,LCLQRXYSCAZUJT-YJBOKZPZSA-N,346.471,4.131,50.8,1,4,7,3,1
23645350,CC(NC(=O)Oc1cccc2c1OC[C@@H]1CCN(C)[C@H]21)c1ccccc1,0.209,pubchem.csv,1,GDJCEUYIQJRPFO-LEKXZLICSA-N,352.434,3.921,50.8,1,4,3,4,2
CHEMBL5411063,CC(C)(C)OC(=O)NCCOCCOc1ccc(-c2cc(=O)c3ccccc3o2)cc1,0.002,chembal.csv,1,KVRZSPSQDRXJKJ-UHFFFAOYSA-N,425.481,4.38,87,1,6,8,3,3
CHEMBL5273737,COc1ccc(-c2cc(=O)c3ccc(OCCN4CCN(CCO)CC4)cc3o2)cc1,0.02156,chembal.csv,1,GBQCLUQNACGFMJ-UHFFFAOYSA-N,424.497,2.457,75.38,1,7,8,4,3
CHEMBL5278007,COc1ccc(-c2cc(=O)c3ccc(OCCN4CCC(C)CC4)cc3o2)cc1,0.02466,chembal.csv,1,PZLKJPRPEJQHPN-UHFFFAOYSA-N,393.483,4.579,51.91,0,5,6,4,3
CHEMBL540833,CNC(=O)Oc1ccc2c(c1)CN(CCCOc1ccc3c(=O)c4ccccc4oc3c1)CC2,0.0341,chembal.csv,1,GUFZMXQAUJGGTP-UHFFFAOYSA-N,458.514,4.492,81.01,1,6,6,5,4
CHEMBL5284318,CCN(CC)CCOc1ccc2c(=O)cc(-c3ccc(OC)cc3)oc2c1,0.0491,chembal.csv,1,HDCMDGLXHFWWIA-UHFFFAOYSA-N,367.445,4.189,51.91,0,5,8,3,3
CHEMBL5276955,COc1ccc(-c2cc(=O)c3ccc(OCCN4CCOCC4)cc3o2)cc1,0.0543299999999999,chembal.csv,1,AXGABLVKANFJCV-UHFFFAOYSA-N,381.428,3.18,61.14,0,6,6,4,3
CHEMBL5285784,COc1ccc(-c2cc(=O)c3ccc(OCCN4CCCC4)cc3o2)cc1,0.06946,chembal.csv,1,IIVOUTDXRQRWCT-UHFFFAOYSA-N,365.429,3.943,51.91,0,5,6,4,3
CHEMBL4790416,C#CCOc1ccc(-c2cc(-c3ccc(OCCN4CCOCC4)cc3)nc(N)n2)cc1,0.66,chembal.csv,1,SZNDVDHYJXHIKM-UHFFFAOYSA-N,430.508,3.116,82.73,1,7,8,4,3
CHEMBL4470448,Cc1c(C)c2ccc(OCC3CCN(Cc4cccc(OCCCO)c4)CC3)cc2oc1=O,0.74,chembal.csv,1,QLFPNOYDCBXGNI-UHFFFAOYSA-N,451.563,4.462,72.14,1,6,9,4,3
CHEMBL4578377,Cc1c(C)c2ccc(OCC3CCN(Cc4cccc(OCCCO[N+](=O)[O-])c4)CC3)cc2oc1=O,0.8,chembal.csv,1,XOEFPFRIFYUXTJ-UHFFFAOYSA-N,496.56,4.678,104.28,0,8,11,4,3
CHEMBL3262479,CN1c2ccc(OCc3ccccc3)cc2C(=O)N2CCc3c([nH]c4ccccc34)C21,0.88,chembal.csv,1,NKKITZOSLYEBJO-UHFFFAOYSA-N,409.489,4.894,48.57,1,3,3,6,4
CHEMBL3586577,Cc1c(C)c2ccc(OCCCCCNCc3ccccc3)cc2oc1=O,0.95,chembal.csv,1,RRFSDOVSDCRXPJ-UHFFFAOYSA-N,365.473,4.749,51.47,1,4,9,3,3
CHEMBL4207101,O=C(CNCc1cc(F)cc(F)c1)Nc1ccc2nc3n(c(=O)c2c1)CCC3,0.00235,chembal.csv,1,NLUCFDWSIZAJOW-UHFFFAOYSA-N,384.386,2.349,76.02,2,5,5,4,3
CHEMBL4205426,CCCCCCCCCCCCCCCCNCC(=O)Nc1ccc2nc3n(c(=O)c2c1)CCC3,0.00435,chembal.csv,1,KMZLIUYTTDFDDT-UHFFFAOYSA-N,482.713,6.352,76.02,2,5,18,3,2
CHEMBL4217746,CCCCCCNCC(=O)Nc1ccc2nc3n(c(=O)c2c1)CCC3,0.0105,chembal.csv,1,YJLNHZBJXDIDAF-UHFFFAOYSA-N,342.443,2.451,76.02,2,5,8,3,2
CHEMBL4212275,C#CCNCC(=O)Nc1ccc2nc3n(c(=O)c2c1)CCC3,0.0124,chembal.csv,1,WELYXMQWLDVBEU-UHFFFAOYSA-N,296.33,0.504,76.02,2,5,4,3,2
CHEMBL5403451,Cc1ccccc1NC(=O)CN(Cc1ccc2ccccc2c1)CC(C)C,0.016,chembal.csv,1,ULIOAMNTKXKLNZ-UHFFFAOYSA-N,360.501,5.245,32.34,1,2,7,3,3
CHEMBL4207386,CC(C)=CCNCC(=O)Nc1ccc2nc3n(c(=O)c2c1)CCC3,0.0163,chembal.csv,1,JDAXIWBYOWTFLG-UHFFFAOYSA-N,326.4,1.837,76.02,2,5,5,3,2
CHEMBL4212713,C=CCNCC(=O)Nc1ccc2nc3n(c(=O)c2c1)CCC3,0.0166,chembal.csv,1,GIXIYLOKYKETBF-UHFFFAOYSA-N,298.346,1.057,76.02,2,5,5,3,2
CHEMBL4874266,CC(C)(C)c1cccc(CNC[C@@H](O)[C@H](Cc2ccccc2)NC(=O)C(c2ccccc2)c2ccccc2)c1,0.02,chembal.csv,1,FDZZTBAHBJUANF-AJQTZOPKSA-N,520.717,5.994,61.36,3,3,11,4,4
CHEMBL4210020,O=C(CNCCCc1ccccc1)Nc1ccc2nc3n(c(=O)c2c1)CCC3,0.0207,chembal.csv,1,QUSVCPDTRANDHH-UHFFFAOYSA-N,376.46,2.504,76.02,2,5,7,4,3
CHEMBL4217139,CCCCCCCCCCCCNCC(=O)Nc1ccc2nc3n(c(=O)c2c1)CCC3,0.0268,chembal.csv,1,PGXWNRJZBFQJBN-UHFFFAOYSA-N,426.605,4.792,76.02,2,5,14,3,2
CHEMBL44080,CCCN(c1ccncc1F)n1cc(C)c2cc(OC(=O)NCc3ccccc3)ccc21,0.027,chembal.csv,1,NSXZYACTNFGWSM-UHFFFAOYSA-N,432.499,5.452,59.39,1,5,7,4,4
CHEMBL5414031,CCCN(CC(=O)Nc1ccccc1C)Cc1ccc2ccccc2c1,0.027,chembal.csv,1,UFXPVHHQTFAOAI-UHFFFAOYSA-N,346.474,4.999,32.34,1,2,7,3,3
CHEMBL4202749,N#Cc1ccccc1CNCC(=O)Nc1ccc2nc3n(c(=O)c2c1)CCC3,0.0299,chembal.csv,1,VUICJISLOSHCML-UHFFFAOYSA-N,373.416,1.943,99.81,2,6,5,4,3
CHEMBL4208869,CCCCCCCCCCNCC(=O)Nc1ccc2nc3n(c(=O)c2c1)CCC3,0.0372,chembal.csv,1,WSPCNBULOYNLKA-UHFFFAOYSA-N,398.551,4.012,76.02,2,5,12,3,2
CHEMBL5396685,O=C(CC(c1ccccc1)c1ccccc1)NC[C@@H](O)CNCC1CCCCC1,0.04,chembal.csv,1,AGQFRFDHZZBREO-QHCPKHFHSA-N,394.559,3.856,61.36,3,3,10,3,2
CHEMBL4203988,CCCCCCCCNCC(=O)Nc1ccc2nc3n(c(=O)c2c1)CCC3,0.0457,chembal.csv,1,YCPMQTFIOCKGEL-UHFFFAOYSA-N,370.497,3.231,76.02,2,5,10,3,2
CHEMBL5433771,O=C(CC(c1ccccc1)c1ccccc1)NC[C@H](O)CNCC1CCCCC1,0.07,chembal.csv,1,AGQFRFDHZZBREO-HSZRJFAPSA-N,394.559,3.856,61.36,3,3,10,3,2
CHEMBL5401934,O=C(CC(c1ccccc1)c1ccccc1)NCC(O)CNCC1CCCCC1,0.07,chembal.csv,1,AGQFRFDHZZBREO-UHFFFAOYSA-N,394.559,3.856,61.36,3,3,10,3,2
CHEMBL4851264,CC(C)c1cccc(CNC[C@@H](O)[C@H](Cc2ccccc2)NC(=O)C(c2ccccc2)c2ccccc2)c1,0.08,chembal.csv,1,JNNOQIIIKZZGMK-AJQTZOPKSA-N,506.69,5.82,61.36,3,3,12,4,4
CHEMBL4217666,C=CCCNCC(=O)Nc1ccc2nc3n(c(=O)c2c1)CCC3,0.0815,chembal.csv,1,QEFYWXQDHADMAB-UHFFFAOYSA-N,312.373,1.447,76.02,2,5,6,3,2
CHEMBL5421371,O=C(NC[C@@H](O)CNCC1CCCCC1)C(c1ccccc1)c1ccccc1,0.1,chembal.csv,1,FUOOCCYGXAKPCY-QFIPXVFZSA-N,380.532,3.466,61.36,3,3,9,3,2
CHEMBL5425456,CC(C)(C)c1cccc(CNCC(O)CNC(=O)C(c2ccccc2)c2ccccc2)c1,0.1,chembal.csv,1,TYSLCNCHLZPVES-UHFFFAOYSA-N,430.592,4.383,61.36,3,3,9,3,3
CHEMBL4218829,O=C(CNCc1ccccc1[N+](=O)[O-])Nc1ccc2nc3n(c(=O)c2c1)CCC3,0.103,chembal.csv,1,IIPHMRRBNSABHE-UHFFFAOYSA-N,393.403,1.979,119.16,2,7,6,4,3
CHEMBL4208322,CCCCNCC(=O)Nc1ccc2nc3n(c(=O)c2c1)CCC3,0.107,chembal.csv,1,BYPMOXKLMWETND-UHFFFAOYSA-N,314.389,1.671,76.02,2,5,6,3,2
CHEMBL4210517,Cc1ccccc1CNCC(=O)Nc1ccc2nc3n(c(=O)c2c1)CCC3,0.107,chembal.csv,1,MKVRLRPVYJXCMO-UHFFFAOYSA-N,362.433,2.379,76.02,2,5,5,4,3
CHEMBL4205651,O=C(CNCc1ccccc1F)Nc1ccc2nc3n(c(=O)c2c1)CCC3,0.108,chembal.csv,1,ABTANIOYSSLHPL-UHFFFAOYSA-N,366.396,2.21,76.02,2,5,5,4,3
CHEMBL4214932,O=C(CNCc1ccccc1)Nc1ccc2nc3n(c(=O)c2c1)CCC3,0.145,chembal.csv,1,OHIUTRCFRLCSIV-UHFFFAOYSA-N,348.406,2.071,76.02,2,5,5,4,3
CHEMBL5431415,CC(C)(C)c1ccc(CNCC(O)CNC(=O)CC(c2ccccc2)c2ccccc2)cc1,0.16,chembal.csv,1,SIQBNBDAWQXJFN-UHFFFAOYSA-N,444.619,4.773,61.36,3,3,10,3,3
CHEMBL5435772,CC(C)(C)c1cccc(CNCC(O)CNC(=O)CC(c2ccccc2)c2ccccc2)c1,0.18,chembal.csv,1,FHYXNOQJXBMOOA-UHFFFAOYSA-N,444.619,4.773,61.36,3,3,10,3,3
CHEMBL5425810,CCCCN(CC(=O)Nc1ccccc1C)Cc1ccc2ccccc2c1,0.18,chembal.csv,1,QQVAYJRQVBERGT-UHFFFAOYSA-N,360.501,5.389,32.34,1,2,8,3,3
CHEMBL4639105,COc1cc2cc(NC(=O)CCCNCc3ccccc3)c(=O)oc2cc1OC,0.181,chembal.csv,1,GNNIJJBFVPDBRB-UHFFFAOYSA-N,396.443,3.319,89.8,2,6,9,3,3
CHEMBL4862200,CC(C)(C)CNC[C@@H](O)[C@H](Cc1ccccc1)NCC(c1ccccc1)c1ccccc1,0.19,chembal.csv,1,VYNVIHJDBGWNKO-WUFINQPMSA-N,430.636,5.016,44.29,3,3,11,3,3
CHEMBL4857933,CC(C)(C)c1ccc(CNC[C@H](O)[C@H](Cc2ccccc2)NC(=O)C(c2ccccc2)c2ccccc2)cc1,0.2,chembal.csv,1,HIHITZUYLBWQEI-ACHIHNKUSA-N,520.717,5.994,61.36,3,3,11,4,4
CHEMBL5414920,O=C(NCC(O)CNCC1CCCCC1)C(c1ccccc1)c1ccccc1,0.21,chembal.csv,1,FUOOCCYGXAKPCY-UHFFFAOYSA-N,380.532,3.466,61.36,3,3,9,3,2
CHEMBL5439292,COc1cccc(CNCC(O)CNC(=O)CC(c2ccccc2)c2ccccc2)c1,0.25,chembal.csv,1,ASQUMXWOQSHYDY-UHFFFAOYSA-N,418.537,3.484,70.59,3,4,11,3,3
CHEMBL5413749,CC(C)c1cccc(CNCC(O)CNC(=O)CC(c2ccccc2)c2ccccc2)c1,0.26,chembal.csv,1,LHYAJFLALQIPKQ-UHFFFAOYSA-N,430.592,4.599,61.36,3,3,11,3,3
CHEMBL5436917,O=C(CC(c1ccccc1)c1ccccc1)NCC(O)CNCc1ccccc1,0.28,chembal.csv,1,LYPYECBUODEXHF-UHFFFAOYSA-N,388.511,3.476,61.36,3,3,10,3,3
CHEMBL5436125,CCN(CC)CCN(CC(=O)Nc1ccccc1C)Cc1ccc2ccccc2c1,0.29,chembal.csv,1,GGTMEVKAHJJUQB-UHFFFAOYSA-N,403.57,4.931,35.58,1,3,10,3,3
CHEMBL5411568,CC(C)(C)c1ccc(CNCC(O)CNC(=O)C(c2ccccc2)c2ccccc2)cc1,0.3,chembal.csv,1,GNMVSYOKROHOMO-UHFFFAOYSA-N,430.592,4.383,61.36,3,3,9,3,3
CHEMBL4854010,O[C@H](CNCc1ccccc1)[C@H](Cc1ccccc1)NCC(c1ccccc1)c1ccccc1,0.32,chembal.csv,1,ZZHQZFYDXFWGDL-IOWSJCHKSA-N,450.626,5.17,44.29,3,3,12,4,4
CHEMBL3087676,O=C(Cc1ccccc1Nc1c(Cl)cccc1Cl)NCCCNCCCNC1=CC(=O)C(NCCCNCCCNC(=O)Cc2ccccc2Nc2c(Cl)cccc2Cl)=CC1=O,0.36,chembal.csv,1,OWEZYYQDVVGJQA-UHFFFAOYSA-N,922.786,7.643,164.52,8,10,26,5,4
CHEMBL5418088,O=C(CC(c1ccccc1)c1ccccc1)NCC(O)CNCc1cccc(C(F)(F)F)c1,0.41,chembal.csv,1,FNAZQUMHXDGESK-UHFFFAOYSA-N,456.508,4.494,61.36,3,3,10,3,3
CHEMBL4877962,COc1cccc(CNC[C@@H](O)[C@H](Cc2ccccc2)NC(=O)CC(c2ccccc2)c2ccccc2)c1,0.44,chembal.csv,1,LDNMOSILVHRALK-AJQTZOPKSA-N,508.662,5.095,70.59,3,4,13,4,4
CHEMBL4855794,CC(C)(C)CNC[C@@H](O)[C@H](Cc1ccccc1)NC(=O)C(c1ccccc1)c1ccccc1,0.45,chembal.csv,1,SGKQSSMGZUXLMP-IZZNHLLZSA-N,444.619,4.543,61.36,3,3,10,3,3
CHEMBL4876288,CC(C)c1cccc(CNC[C@@H](O)[C@H](Cc2ccccc2)NC(=O)CC(c2ccccc2)c2ccccc2)c1,0.5,chembal.csv,1,FSNRTXIQLFBFDM-SZAHLOSFSA-N,520.717,6.21,61.36,3,3,13,4,4
CHEMBL4854460,O=S(=O)(c1ccccc1)n1ccc2c(OCCNCC3CCCCC3)cccc21,0.5511,chembal.csv,1,MBFYHWHICKMNAR-UHFFFAOYSA-N,412.555,4.427,60.33,1,5,8,4,3
CHEMBL4866859,O[C@@H](CNCc1ccccc1)[C@H](Cc1ccccc1)NCCC(c1ccccc1)c1ccccc1,0.63,chembal.csv,1,SXFRVTNEKMZFOT-ACHIHNKUSA-N,464.653,5.56,44.29,3,3,13,4,4
CHEMBL4856694,O=C(N[C@@H](Cc1ccccc1)[C@@H](O)CNCc1cccc(C(F)(F)F)c1)C(c1ccccc1)c1ccccc1,0.67,chembal.csv,1,TVGSEUZKRHWEAC-VMPREFPWSA-N,532.606,5.716,61.36,3,3,11,4,4
CHEMBL5395541,O=C(NCC(O)CNCc1cccc(C(F)(F)F)c1)C(c1ccccc1)c1ccccc1,0.7,chembal.csv,1,ZBDLPSZZKVJYPT-UHFFFAOYSA-N,442.481,4.104,61.36,3,3,9,3,3
CHEMBL5439275,O=C(NC[C@H](O)CNCC1CCCCC1)C(c1ccccc1)c1ccccc1,0.72,chembal.csv,1,FUOOCCYGXAKPCY-JOCHJYFZSA-N,380.532,3.466,61.36,3,3,9,3,2
CHEMBL4164186,O=C(Nc1cc(Cl)nc(Cl)c1)OCCCCCNCc1c[nH]c2ccccc12,0.828,chembal.csv,1,DSFLCZDOVKMNEJ-UHFFFAOYSA-N,421.328,5.378,79.04,3,4,9,3,3
CHEMBL5278053,O=C(CCN1CCCC1)Nc1ccc2c(c1)CN1CCc3c([nH]c4ccccc34)C1=N2,0.84,chembal.csv,1,LWYDBOHLFCMJNH-UHFFFAOYSA-N,413.525,4.042,63.73,2,4,4,6,3
CHEMBL4851448,CC(C)(C)c1ccc(CNC[C@@H](O)[C@H](Cc2ccccc2)NC(=O)CC(c2ccccc2)c2ccccc2)cc1,0.88,chembal.csv,1,APFPMBCRUQDCQZ-SZAHLOSFSA-N,534.744,6.384,61.36,3,3,12,4,4
CHEMBL3122167,CCNC(=O)c1ccc2nc(-c3ccc(Cl)cc3)c3c(c2c1)NCCC3,0.92,chembal.csv,1,KBNHGKIAHMMUCH-UHFFFAOYSA-N,365.864,4.663,54.02,2,3,3,4,3
CHEMBL4858536,C[C@H](NC[C@@H](O)[C@H](Cc1ccccc1)NCC(c1ccccc1)c1ccccc1)c1ccccc1,0.92,chembal.csv,1,COHDKWGFXGVKNA-FWGANANOSA-N,464.653,5.731,44.29,3,3,12,4,4
CHEMBL3361277,O=S(=O)(CCCNCCNc1cccc2ccccc12)NCCNc1cccc2ccccc12,0.93,chembal.csv,1,PCOTXNMSKROTSK-UHFFFAOYSA-N,476.646,4.416,82.26,4,5,13,4,4
10002413,O=C1c2ccccc2C(=O)N1CCCCCCNc1c2ccccc2nc2ccccc12,0.0078,pubchem.csv,1,ZULDSVIFWWBRHT-UHFFFAOYSA-N,423.516,5.657,62.3,1,4,8,5,4
10322257,O=C1c2ccccc2C(=O)N1CCCCCCCCCNc1c2ccccc2nc2ccccc12,0.09,pubchem.csv,1,GCWZDWSWXHKWHX-UHFFFAOYSA-N,465.597,6.827,62.3,1,4,11,5,4
10433216,O=C1c2ccccc2C(=O)N1CCCCCCCNc1c2ccccc2nc2ccccc12,0.711,pubchem.csv,1,QMCZMUBYGSLVEH-UHFFFAOYSA-N,437.543,6.047,62.3,1,4,9,5,4
23644787,c1ccc(CNc2c3c(nc4ccccc24)-c2ccccc2C3)cc1,0.5,pubchem.csv,1,OGGXCRITTGXQJB-UHFFFAOYSA-N,322.411,5.418,24.92,1,2,3,5,4
CHEMBL4458217,CCOc1ccc(Cc2nc3cc(C(=O)N(CC)CC)ccc3n2CCNc2c3c(nc4ccccc24)CCCC3)cc1,0.002512,chembal.csv,1,RUDKRUDNBKIVLP-UHFFFAOYSA-N,575.757,7.047,72.28,1,6,11,6,5
CHEMBL5170582,CCCCCCCNC(=O)Oc1ccc(Cc2nc3cc(C(=O)NCCC(C)C)ccc3n2CCC(C)C)cc1,0.0037,chembal.csv,1,PBVQGIYWSGZIFT-UHFFFAOYSA-N,548.772,7.508,85.25,2,5,16,3,3
CHEMBL4441666,CCOc1ccc(Cc2nc3cc(C(=O)NCCCNc4c5c(nc6ccccc46)CCCC5)ccc3n2CCC(C)C)cc1,0.00631,chembal.csv,1,GMPFGFALXNLDAY-UHFFFAOYSA-N,603.811,7.731,81.07,2,6,13,6,5
CHEMBL5187045,CCN(CC)C(=O)c1ccc2c(c1)nc(Cc1ccc(OC(=O)N3CCC3)cc1)n2CCC(C)C,0.00631,chembal.csv,1,HTNKYLZCROSXPM-UHFFFAOYSA-N,476.621,5.36,67.67,0,5,9,4,3
CHEMBL5411758,CCN(CC)C(=O)c1ccc2c(c1)nc(Cc1ccccc1)n2CCC(C)C,0.0064,chembal.csv,1,LZKBTCQYBSXKFD-UHFFFAOYSA-N,377.532,5.155,38.13,0,3,8,3,3
CHEMBL4447210,CCOc1ccc(Cc2nc3cc(C(=O)NCCSSCCNc4c5c(nc6ccccc46)CCCC5)ccc3n2CCC(C)C)cc1,0.01259,chembal.csv,1,GJNQPCWPXQPEOZ-UHFFFAOYSA-N,681.972,8.722,81.07,2,8,16,6,5
CHEMBL5179658,CCCCCCCNC(=O)Oc1ccc(Cc2nc3cc(C(=O)N(CC)CC)ccc3n2CCC(C)C)cc1,0.01259,chembal.csv,1,GIAJXBVCANDIRN-UHFFFAOYSA-N,534.745,7.214,76.46,1,5,15,3,3
CHEMBL5198516,CCCCCCCNC(=O)Oc1ccc(Cc2nc3cc(C(=O)Nc4ccccc4)ccc3n2CCC(C)C)cc1,0.0155,chembal.csv,1,NJGDBYQVHKTKOH-UHFFFAOYSA-N,554.735,7.984,85.25,2,5,14,4,4
CHEMBL5189021,CCCCCCCNC(=O)Oc1ccc(Cc2nc3cc(C(=O)N4CCCCC4)ccc3n2CCC(C)C)cc1,0.0306,chembal.csv,1,DMOAIGPIPAOVKX-UHFFFAOYSA-N,546.756,7.358,76.46,1,5,13,4,3
CHEMBL4588547,CCOc1ccc(Cc2nc3cc(C(=O)NCCNc4c5c(nc6ccccc46)CCCC5)ccc3n2CCC(C)C)cc1,0.03981,chembal.csv,1,UIKPRYUVBQFRSX-UHFFFAOYSA-N,589.784,7.341,81.07,2,6,12,6,5
CHEMBL5404463,CCN(CC)C(=O)c1ccc2c(c1)nc(Cc1ccc(OC(=O)NC3CC3)cc1)n2CCC(C)C,0.07,chembal.csv,1,WQLNYWUJHDKKSW-UHFFFAOYSA-N,476.621,5.406,76.46,1,5,10,4,3
CHEMBL5170719,CCN(CC)C(=O)c1ccc2c(c1)nc(Cc1ccc(OC(=O)NCCCCCCN3CCc4ccccc4C3)cc1)n2CCC(C)C,0.0765,chembal.csv,1,YBILVISNRAVIPV-UHFFFAOYSA-N,651.896,7.862,79.7,1,6,16,5,4
CHEMBL4456083,CCOc1ccc(Cc2nc3cc(C(=O)N(CC)CC)ccc3n2CCCCCCNc2c3c(nc4ccccc24)CCCC3)cc1,0.07943,chembal.csv,1,UTGZBXOXPAIMOK-UHFFFAOYSA-N,631.865,8.607,72.28,1,6,15,6,5
CHEMBL4558335,CCOc1ccc(Cc2nc3cc(C(=O)NCCCCCCNc4c5c(nc6ccccc46)CCCC5)ccc3n2CCC(C)C)cc1,0.07943,chembal.csv,1,IMOLICJGVYGXAG-UHFFFAOYSA-N,645.892,8.901,81.07,2,6,16,6,5
CHEMBL5201804,CCCCCCCNC(=O)Oc1ccc(Cc2nc3cc(C(=O)N(CC)CC)ccc3n2CCN2CCCCC2)cc1,0.0914,chembal.csv,1,UHBNUHALRRHSEI-UHFFFAOYSA-N,575.798,6.654,79.7,1,6,15,4,3
CHEMBL5183869,CCN(CC)C(=O)c1ccc2c(c1)nc(Cc1ccc(OC(=O)N3CCCC3)cc1)n2CCC(C)C,0.12589,chembal.csv,1,OTAPKDHJFYJWDL-UHFFFAOYSA-N,490.648,5.75,67.67,0,5,9,4,3
CHEMBL5422050,CCOc1ccc(Cc2nc3cc(OC(=O)N4CCC4)ccc3n2CCC(C)C)cc1,0.15,chembal.csv,1,ZJWOQJYRYQBQGK-UHFFFAOYSA-N,421.541,5.276,56.59,0,5,8,4,3
CHEMBL4464883,CCOc1ccc(Cc2nc3cc(C(=O)NCCCCNc4c5c(nc6ccccc46)CCCC5)ccc3n2CCC(C)C)cc1,0.15849,chembal.csv,1,YWNNZVOAUVSVFF-UHFFFAOYSA-N,617.838,8.121,81.07,2,6,14,6,5
CHEMBL5425753,CCN(CC)C(=O)c1ccc2c(c1)nc(Cc1ccc(OC(=O)NCc3ccccc3)cc1)n2CCC(C)C,0.19,chembal.csv,1,YEDMNOZIAFUYSZ-UHFFFAOYSA-N,526.681,6.444,76.46,1,5,11,4,4
CHEMBL4545532,CCOc1ccc(Cc2nc3cc(C(=O)N(CC)CCCCNc4c5c(nc6ccccc46)CCCC5)ccc3n2CCC(C)C)cc1,0.25119,chembal.csv,1,KVXNLJPGYFESSM-UHFFFAOYSA-N,645.892,8.853,72.28,1,6,15,6,5
CHEMBL4453905,CCOc1ccc(Cc2nc3cc(C(=O)NCCCCCNc4c5c(nc6ccccc46)CCCC5)ccc3n2CCC(C)C)cc1,0.25119,chembal.csv,1,BQKOWNFTPBQPCP-UHFFFAOYSA-N,631.865,8.511,81.07,2,6,15,6,5
CHEMBL5409303,CCN(C)C(=O)Oc1ccc(Cc2nc3cc(C(=O)N(CC)CC)ccc3n2CCC(C)C)cc1,0.31623,chembal.csv,1,LVCCZHVUVJNRLU-UHFFFAOYSA-N,478.637,5.606,67.67,0,5,10,3,3
CHEMBL5395270,CCN(CC)C(=O)c1ccc2c(c1)nc(Cc1ccc(OC(=O)N(C)Cc3ccccc3)cc1)n2CCC(C)C,0.39,chembal.csv,1,HQVRKEQGOOXDCP-UHFFFAOYSA-N,540.708,6.786,67.67,0,5,11,4,4
CHEMBL4473438,CCOc1ccc(Cc2nc3cc(C(=O)N(CC)CC)ccc3n2CCCCNc2c3c(nc4ccccc24)CCCC3)cc1,0.39811,chembal.csv,1,BLVUOIKRKMBLEC-UHFFFAOYSA-N,603.811,7.827,72.28,1,6,13,6,5
CHEMBL4456433,CCOc1ccc(Cc2nc3cc(C(=O)N(CC)CC)ccc3n2CCOCCOCCNc2c3c(nc4ccccc24)CCCC3)cc1,0.39811,chembal.csv,1,QWAXIXJFJWHJOJ-UHFFFAOYSA-N,663.863,7.08,90.74,1,8,17,6,5
CHEMBL4458929,CCOc1ccc(Cc2nc3cc(C(=O)N(CC)CC)ccc3n2CCCNc2c3c(nc4ccccc24)CCCC3)cc1,0.50119,chembal.csv,1,ZVJIYGXYCVEXOA-UHFFFAOYSA-N,589.784,7.437,72.28,1,6,12,6,5
CHEMBL5424787,CCN(CC)C(=O)c1ccc2c(c1)nc(Cc1ccc(OC(=O)N(C)C)cc1)n2CCC(C)C,0.62,chembal.csv,1,SKPVSXMCZMZIKN-UHFFFAOYSA-N,464.61,5.216,67.67,0,5,9,3,3
CHEMBL4583716,CCOc1ccc(Cc2nc3cc(C(=O)N(CC)CC)ccc3n2CCCCCNc2c3c(nc4ccccc24)CCCC3)cc1,0.63096,chembal.csv,1,GWZNJBBWDDNMOZ-UHFFFAOYSA-N,617.838,8.217,72.28,1,6,14,6,5
CHEMBL5403457,CCNC(=O)Oc1ccc(Cc2nc3cc(C(=O)N(CC)CC)ccc3n2CCC(C)C)cc1,0.79433,chembal.csv,1,TXXAHZQJZKGCET-UHFFFAOYSA-N,464.61,5.264,76.46,1,5,10,3,3
CHEMBL5421463,CCCN(C)C(=O)Oc1ccc(Cc2nc3cc(C(=O)N(CC)CC)ccc3n2CCC(C)C)cc1,1,chembal.csv,1,CMTWRVDDBPJIFL-UHFFFAOYSA-N,492.664,5.996,67.67,0,5,11,3,3
CHEMBL4798419,CNC(=O)c1sc(-c2ccnc(NC(=O)CNCCCCCCCCNc3c4c(nc5ccccc35)CCCC4)c2)nc1OCC1CC1,0.0032,chembal.csv,1,OAPINTTTYXBPJU-UHFFFAOYSA-N,669.896,6.761,130.16,4,9,18,6,4
CHEMBL4800403,CNC(=O)c1sc(-c2ccnc(NC(=O)CNCCCCCCNc3c4c(nc5ccccc35)CCCC4)c2)nc1OCC1CC1,0.0081999999999999,chembal.csv,1,XJSGAZQHWZKYFW-UHFFFAOYSA-N,641.842,5.981,130.16,4,9,16,6,4
CHEMBL4754192,O=C(NCCCNc1c2c(nc3ccccc13)CCCC2)c1sc(-c2ccnc(NC(=O)C3CCC3)c2)nc1OCC1CC1,0.0307,chembal.csv,1,HZTZFAQVGYSTHZ-UHFFFAOYSA-N,610.784,6.392,118.13,3,8,12,7,4
CHEMBL4756997,CNC(=O)c1sc(-c2ccnc(NC(=O)CNCCCCNc3c4c(nc5ccccc35)CCCC4)c2)nc1OCC1CC1,0.0482999999999999,chembal.csv,1,RTZCOIZFSLQMHI-UHFFFAOYSA-N,613.788,5.201,130.16,4,9,14,6,4
CHEMBL4286601,COc1nc(-c2ccnc(NC(=O)C3CC3)c2)sc1C(=O)NCCNc1c2c(nc3ccccc13)CCCC2,0.051,chembal.csv,1,PAFLSTUCWRQLGI-UHFFFAOYSA-N,542.665,4.831,118.13,3,8,9,6,4
CHEMBL4746403,CCCNC(=O)c1sc(-c2ccnc(NC(=O)CNCCNc3c4c(nc5ccccc35)CCCC4)c2)nc1OCC1CC1,0.0895,chembal.csv,1,YPWPKJLJKMSERN-UHFFFAOYSA-N,613.788,5.201,130.16,4,9,14,6,4
CHEMBL4290039,COc1nc(-c2ccnc(NC(=O)C3CC3)c2)sc1C(=O)NCCCCCCNc1c2c(nc3ccccc13)CCCC2,0.1,chembal.csv,1,BHHVWPMBOQGGMM-UHFFFAOYSA-N,598.773,6.392,118.13,3,8,13,6,4
CHEMBL4789145,CNC(=O)c1sc(-c2ccnc(NC(=O)CNCCNc3c4c(nc5ccccc35)CCCC4)c2)nc1OCC1CC1,0.1498,chembal.csv,1,MYLYCZDLVLCRLU-UHFFFAOYSA-N,585.734,4.421,130.16,4,9,12,6,4
CHEMBL4288850,NC(=O)c1sc(-c2ccnc(NC(=O)C3CC3)c2)nc1OCCNc1c2c(nc3ccccc13)CCCC2,0.15,chembal.csv,1,NPERTJUHSMWYIC-UHFFFAOYSA-N,528.638,4.57,132.12,3,8,9,6,4
CHEMBL4758531,CC(=O)Nc1cc(-c2nc(OCC3CC3)c(C(=O)NCCCNc3c4c(nc5ccccc35)CCCC4)s2)ccn1,0.1734,chembal.csv,1,VMJFCOMMBQFXOH-UHFFFAOYSA-N,570.719,5.611,118.13,3,8,11,6,4
CHEMBL4753347,NC(=O)c1sc(-c2ccnc(NC(=O)CNCCNc3c4c(nc5ccccc35)CCCC4)c2)nc1OCC1CC1,0.1898,chembal.csv,1,FOAOMODSQTYPSH-UHFFFAOYSA-N,571.707,4.16,144.15,4,9,12,6,4
CHEMBL4781117,O=C(NCCCNc1c2c(nc3ccccc13)CCCC2)c1sc(-c2ccnc(NC(=O)C3CC3)c2)nc1OCC1CC1,0.2159,chembal.csv,1,VVVCUWUORGMTNG-UHFFFAOYSA-N,596.757,6.001,118.13,3,8,12,7,4
CHEMBL4759230,CNC(=O)c1sc(-c2ccnc(NC(=O)CNCCNc3c4c(nc5ccccc35)CCCC4)c2)nc1OCC(C)(C)C,0.2356,chembal.csv,1,FNOUTFPQMJNBDX-UHFFFAOYSA-N,601.777,5.057,130.16,4,9,11,5,4
CHEMBL4278686,COc1nc(-c2ccnc(NC(=O)C3CC3)c2)sc1C(=O)NCCCNc1c2c(nc3ccccc13)CCCC2,0.26,chembal.csv,1,XYSJVXMQSXKJCN-UHFFFAOYSA-N,556.692,5.221,118.13,3,8,10,6,4
CHEMBL4749327,CNC(=O)c1sc(-c2ccnc(NC(=O)CNCCNc3c4c(nc5ccccc35)CCCC4)c2)nc1OC,0.2624,chembal.csv,1,UJBNMVVJVRQAIM-UHFFFAOYSA-N,545.669,3.641,130.16,4,9,10,5,4
CHEMBL4749678,CNC(=O)c1sc(-c2ccnc(NC(=O)CNCCNc3c4c(nc5ccccc35)CCCC4)c2)nc1OCC1CCC1,0.2767,chembal.csv,1,JOQXVIOUNWJRIL-UHFFFAOYSA-N,599.761,4.811,130.16,4,9,12,6,4
CHEMBL4787169,CNC(=O)c1sc(-c2ccnc(NC(=O)CNCCNc3c4c(nc5ccccc35)CCCC4)c2)nc1OC(C)C,0.3301,chembal.csv,1,IOTWCKHUEXDRAB-UHFFFAOYSA-N,573.723,4.419,130.16,4,9,11,5,4
CHEMBL4761239,CCNC(=O)c1sc(-c2ccnc(NC(=O)CNCCNc3c4c(nc5ccccc35)CCCC4)c2)nc1OCC1CC1,0.5124,chembal.csv,1,STHYVJPMYDZLQB-UHFFFAOYSA-N,599.761,4.811,130.16,4,9,13,6,4
CHEMBL4777788,CNC(=O)c1sc(-c2ccnc(NC(=O)CNCCNc3c4c(nc5cc(Cl)ccc35)CCCC4)c2)nc1OCC1CC1,0.6129,chembal.csv,1,WFLNSPBNQAGFFF-UHFFFAOYSA-N,620.179,5.074,130.16,4,9,12,6,4
CHEMBL4750284,CNC(=O)c1sc(-c2ccnc(NC(=O)CNCCNc3c4c(nc5ccccc35)CCCC4)c2)nc1OCC(C)C,0.6194,chembal.csv,1,XGMUXKFWISFHAG-UHFFFAOYSA-N,587.75,4.667,130.16,4,9,12,5,4
CHEMBL3410089,COc1nc(-c2ccnc(NC(=O)C3CC3)c2)sc1C(N)=O,1,chembal.csv,1,CYADPSMQNARVII-UHFFFAOYSA-N,318.358,1.661,107.2,2,6,5,3,2
CHEMBL4785004,CNC(=O)c1sc(-c2ccnc(NC(=O)CNCCNc3c4c(nc5ccc(OC)cc35)CCCC4)c2)nc1OCC1CC1,1,chembal.csv,1,FPBXMXPANNHQSO-UHFFFAOYSA-N,615.76,4.429,139.39,4,10,13,6,4
CHEMBL5402537,COc1cccc(CN(CCCc2ccccc2F)C2CCC2)c1OCc1ccccc1,0.004,chembal.csv,1,KZOIYQAEEQKJSB-UHFFFAOYSA-N,433.567,6.401,21.7,0,3,11,4,3
CHEMBL5408893,COc1cccc(CN(CCCc2ccccc2F)C2CCCC2)c1OCc1ccccc1,0.006,chembal.csv,1,FYWXJXBXCQTTSJ-UHFFFAOYSA-N,447.594,6.791,21.7,0,3,11,4,3
CHEMBL5424979,CCCN(CCCc1ccccc1F)Cc1cccc(OC)c1OCc1ccccc1,0.02,chembal.csv,1,DUOPRJWZFHQVKM-UHFFFAOYSA-N,421.556,6.258,21.7,0,3,12,3,3
CHEMBL5412993,CCCN(CCCc1cccc(F)c1)Cc1cccc(OC)c1OCc1ccccc1,0.039,chembal.csv,1,PVWOHBJJSZMHOP-UHFFFAOYSA-N,421.556,6.258,21.7,0,3,12,3,3
CHEMBL5399726,C=CCN(CCCc1ccccc1)Cc1cccc(OC)c1OCc1ccccc1,0.04,chembal.csv,1,SVXMEHXVFJELMR-UHFFFAOYSA-N,401.55,5.895,21.7,0,3,12,3,3
CHEMBL5406889,CCCN(C/C=C/c1ccccc1)Cc1cccc(OC)c1OCc1ccccc1,0.04,chembal.csv,1,XERPAGDNNWMAJR-LFIBNONCSA-N,401.55,6.2,21.7,0,3,11,3,3
CHEMBL5396049,CCCN(CCCc1ccccc1)Cc1cccc(OC)c1OCc1ccccc1,0.04,chembal.csv,1,JDJMOTDYLQBOAX-UHFFFAOYSA-N,403.566,6.119,21.7,0,3,12,3,3
CHEMBL5404420,CCCCCCN(CCCc1ccccc1)Cc1cccc(OC)c1OCc1ccccc1,0.04,chembal.csv,1,KYZRZGDNPYMLJD-UHFFFAOYSA-N,445.647,7.289,21.7,0,3,15,3,3
CHEMBL5429690,CCN(CCCc1ccccc1)Cc1cccc(OC)c1OCc1ccccc1,0.06,chembal.csv,1,ZRUHOKMTPNASJY-UHFFFAOYSA-N,389.539,5.729,21.7,0,3,11,3,3
CHEMBL5409611,CCCN(CCCc1ccc(O)cc1)Cc1cccc(OC)c1OCc1ccccc1,0.07,chembal.csv,1,GGYFCNQBDMCUCG-UHFFFAOYSA-N,419.565,5.825,41.93,1,4,12,3,3
CHEMBL5420941,C=CCCN(CCCc1ccccc1)Cc1cccc(OC)c1OCc1ccccc1,0.07,chembal.csv,1,YVPURIRKCPFONU-UHFFFAOYSA-N,415.577,6.285,21.7,0,3,13,3,3
CHEMBL5420880,CCCN(CCc1ccc(O)cc1)Cc1cccc(OC)c1OCc1ccccc1,0.09,chembal.csv,1,YPBKAYPMWDVXPV-UHFFFAOYSA-N,405.538,5.435,41.93,1,4,11,3,3
CHEMBL5431601,COc1cccc(CNCCCc2ccccc2)c1OCc1ccccc1,0.09,chembal.csv,1,WWVSYCYAGKNWCO-UHFFFAOYSA-N,361.485,4.997,30.49,1,3,10,3,3
CHEMBL5418400,COc1cccc(CN(C)CCCc2ccccc2)c1OCc1ccccc1,0.1,chembal.csv,1,OELVLYQHNFSXET-UHFFFAOYSA-N,375.512,5.339,21.7,0,3,10,3,3
CHEMBL5420247,CCCN(CCCc1ccc(F)cc1)Cc1cccc(OC)c1OCc1ccccc1,0.1,chembal.csv,1,LAGPSDXQNKBDNJ-UHFFFAOYSA-N,421.556,6.258,21.7,0,3,12,3,3
CHEMBL5434636,COc1cccc(CNC(C)CCc2ccccc2)c1OCc1ccccc1,0.13,chembal.csv,1,DBXYHCNRRFTCMW-UHFFFAOYSA-N,375.512,5.385,30.49,1,3,10,3,3
CHEMBL5398273,CCCN(CCCc1cccc(O)c1)Cc1cccc(OC)c1OCc1ccccc1,0.16,chembal.csv,1,FVZNCFBRSAZAHZ-UHFFFAOYSA-N,419.565,5.825,41.93,1,4,12,3,3
CHEMBL5415204,COc1cccc(CNCC(C)c2ccccc2)c1OCc1ccccc1,0.16,chembal.csv,1,NOEWFGQADFZDJZ-UHFFFAOYSA-N,361.485,5.168,30.49,1,3,9,3,3
CHEMBL5433937,COc1cccc(CNCCCCc2ccccc2)c1OCc1ccccc1,0.2,chembal.csv,1,QSOGCYXOBFCDPM-UHFFFAOYSA-N,375.512,5.387,30.49,1,3,11,3,3
CHEMBL5439067,COc1cccc(CNCCc2ccc(O)cc2)c1OCc1ccccc1,0.2,chembal.csv,1,CCXQHLTVKKGQQD-UHFFFAOYSA-N,363.457,4.312,50.72,2,4,9,3,3
CHEMBL5403494,C#CCOc1ccc(CCN(CC#C)Cc2cccc(OC)c2OCc2ccccc2)cc1,0.2,chembal.csv,1,PDHFTLXREXGLIL-UHFFFAOYSA-N,439.555,4.964,30.93,0,4,12,3,3
CHEMBL5413699,CCCN(CCCc1ccccc1O)Cc1cccc(OC)c1OCc1ccccc1,0.22,chembal.csv,1,BQSASZSZALQMLC-UHFFFAOYSA-N,419.565,5.825,41.93,1,4,12,3,3
CHEMBL5417071,C#CCN(CCCc1ccccc1)Cc1cccc(OC)c1OCc1ccccc1,0.23,chembal.csv,1,NEGWCBWZQDATKS-UHFFFAOYSA-N,399.534,5.342,21.7,0,3,11,3,3
CHEMBL5417185,COc1cccc(CN(CCCCc2ccccc2)CCCC(C)C)c1OCc1ccccc1,0.29,chembal.csv,1,DSZDXSCWGPYJPH-UHFFFAOYSA-N,459.674,7.535,21.7,0,3,15,3,3
CHEMBL5400996,C=CCN(CCc1ccccc1OC)Cc1cccc(OC)c1OCc1ccccc1,0.3,chembal.csv,1,YYVCGNUNGSYWQD-UHFFFAOYSA-N,417.549,5.514,30.93,0,4,12,3,3
CHEMBL5431372,C=CCN(CCc1ccc(O)cc1)Cc1cccc(OC)c1OCc1ccccc1,0.3,chembal.csv,1,JQGACRKFGZFEGI-UHFFFAOYSA-N,403.522,5.211,41.93,1,4,11,3,3
CHEMBL5401121,CCN(CCc1ccc(O)cc1)Cc1cccc(OC)c1OCc1ccccc1,0.3,chembal.csv,1,GSJTXWCZUKQGBY-UHFFFAOYSA-N,391.511,5.044,41.93,1,4,10,3,3
CHEMBL5434763,COc1ccc(CCNCc2cccc(OC)c2OCc2ccccc2)cc1,0.4,chembal.csv,1,KXHGBGABADQNLW-UHFFFAOYSA-N,377.484,4.615,39.72,1,4,10,3,3
CHEMBL5420342,C=CCN(CCc1ccccc1)Cc1cccc(OC)c1OCc1ccccc1,0.4,chembal.csv,1,LBTIRZXPHGFAHL-UHFFFAOYSA-N,387.523,5.505,21.7,0,3,11,3,3
CHEMBL5404050,COc1cccc(CNCCc2ccccc2)c1OCc1ccccc1,0.4,chembal.csv,1,PDCCOTBOASCRAX-UHFFFAOYSA-N,347.458,4.607,30.49,1,3,9,3,3
CHEMBL5441139,CCCN(CCc1ccccc1)Cc1cccc(OC)c1OCc1ccccc1,0.5,chembal.csv,1,HENPCYMBYQIFRE-UHFFFAOYSA-N,389.539,5.729,21.7,0,3,11,3,3
CHEMBL5436185,CCN(CCc1ccccc1)Cc1cccc(OC)c1OCc1ccccc1,0.6,chembal.csv,1,UQBTVCUCOTWWFK-UHFFFAOYSA-N,375.512,5.339,21.7,0,3,10,3,3
CHEMBL5429766,CCCN(CCc1ccccc1OC)Cc1cccc(OC)c1OCc1ccccc1,0.7,chembal.csv,1,VAHIKDUDURLDAG-UHFFFAOYSA-N,419.565,5.738,30.93,0,4,12,3,3
CHEMBL5408610,CCCCCCN(CCCCc1ccccc1)Cc1cccc(OC)c1OCc1ccccc1,0.7,chembal.csv,1,XEUKRSOBAQBIJF-UHFFFAOYSA-N,459.674,7.679,21.7,0,3,16,3,3
CHEMBL5434452,CCN(CCc1ccccc1OC)Cc1cccc(OC)c1OCc1ccccc1,0.7,chembal.csv,1,FJVAKATVCRTSIH-UHFFFAOYSA-N,405.538,5.347,30.93,0,4,11,3,3
CHEMBL5438175,COc1ccccc1CCN(C)Cc1cccc(OC)c1OCc1ccccc1,0.8,chembal.csv,1,ZVCPIKFBHJPQIU-UHFFFAOYSA-N,391.511,4.957,30.93,0,4,10,3,3
CHEMBL5428694,COc1ccccc1CCNCc1cccc(OC)c1OCc1ccccc1,0.8,chembal.csv,1,WUZWEFHPBMKKNS-UHFFFAOYSA-N,377.484,4.615,39.72,1,4,10,3,3
CHEMBL5425341,CCN(CCc1cccc(OC)c1)Cc1cccc(OC)c1OCc1ccccc1,0.9,chembal.csv,1,UCGAXVQAIHBBQR-UHFFFAOYSA-N,405.538,5.347,30.93,0,4,11,3,3
CHEMBL5430829,CCOc1ccc(CCN(CC)Cc2cccc(OC)c2OCc2ccccc2)cc1,0.9,chembal.csv,1,LHOSCMZVIITQBD-UHFFFAOYSA-N,419.565,5.738,30.93,0,4,12,3,3
CHEMBL5434796,CCCN(CCc1cccc(OC)c1)Cc1cccc(OC)c1OCc1ccccc1,0.9,chembal.csv,1,XRZLMLZWCBJKMY-UHFFFAOYSA-N,419.565,5.738,30.93,0,4,12,3,3
CHEMBL534932,CC1=CC2Cc3nc4cc(Cl)ccc4c(NCCCCCCCCNc4c5c(nc6ccccc46)CCCC5)c3C(C1)C2,0.00474,chembal.csv,1,XXFJVXFGCDTSND-UHFFFAOYSA-N,593.259,10.176,49.84,2,4,11,7,4
CHEMBL557155,CC1=CC2Cc3nc4cc(Cl)ccc4c(NCCCCCCCNc4c5c(nc6ccccc46)CCCC5)c3C(C1)C2,0.0067,chembal.csv,1,DBUWWODVSCMGDY-UHFFFAOYSA-N,579.232,9.786,49.84,2,4,10,7,4
CHEMBL4744528,COc1cc(CNC(=O)Cc2cn(CCCCC3=CC4Cc5nc6cc(Cl)ccc6c(N)c5C(C3)C4)nn2)ccc1O,0.0073,chembal.csv,1,WMCRFEREEQOYQN-UHFFFAOYSA-N,587.124,5.482,128.18,3,8,10,6,4
CHEMBL538573,CC1=CC2Cc3nc4cc(Cl)ccc4c(NCCCCCCCNc4c5c(nc6cc(Cl)ccc46)CCCC5)c3C(C1)C2,0.00738,chembal.csv,1,GCPORJYZTJZXFH-UHFFFAOYSA-N,613.677,10.439,49.84,2,4,10,7,4
CHEMBL555666,CC1=CC2Cc3nc4cc(Cl)ccc4c(NCCCCCCNc4c5c(nc6ccccc46)CCCC5)c3C(C1)C2,0.00769,chembal.csv,1,HLRVNJVVXBHFTE-UHFFFAOYSA-N,565.205,9.396,49.84,2,4,9,7,4
CHEMBL539599,CC1=CC2Cc3nc4cc(Cl)ccc4c(NCCCCCCCCNc4c5c(nc6cc(Cl)ccc46)CCCC5)c3C(C1)C2,0.0078,chembal.csv,1,JVAZMJIFYNHUQW-UHFFFAOYSA-N,627.704,10.829,49.84,2,4,11,7,4
CHEMBL555214,CC1=CC2Cc3nc4cc(Cl)ccc4c(NCCCCCCNc4c5c(nc6cc(Cl)ccc46)CCCC5)c3C(C1)C2,0.014,chembal.csv,1,YNGVZJKKHQZTOO-UHFFFAOYSA-N,599.65,10.049,49.84,2,4,9,7,4
CHEMBL208599,CCC1=CC2Cc3nc4cc(Cl)ccc4c(N)c3[C@@H](C1)C2,0.0158,chembal.csv,1,QTPHSDHUHXUYFE-KIYNQFGBSA-N,298.817,4.857,38.91,1,2,1,4,2
CHEMBL2113368,CC1=C[C@@H]2Cc3nc4cc(Cl)ccc4c(NCCCN(C)CCCCNc4c5c(nc6ccccc46)CCCC5)c3[C@H](C1)C2,0.0163999999999999,chembal.csv,1,JPBICZJGLXJNKG-RRPNLBNLSA-N,608.274,8.937,53.08,2,5,11,7,4
CHEMBL3216554,CC1=CC2Cc3nc4cc(Cl)ccc4c(NCCCCCCCCCCNc4c5c(nc6ccccc46)CCCC5)c3C(C1)C2,0.0266,chembal.csv,1,SWOKEIJMLYUVPF-UHFFFAOYSA-N,621.313,10.956,49.84,2,4,13,7,4
CHEMBL3216778,CC1=CC2Cc3nc4cc(Cl)ccc4c(NCCCCCCCCCNc4c5c(nc6cc(Cl)ccc46)CCCC5)c3C(C1)C2,0.0272,chembal.csv,1,IMMJGBGHWQTBLQ-UHFFFAOYSA-N,641.731,11.219,49.84,2,4,12,7,4
CHEMBL4754487,COc1cc(CNC(=O)CCCCCCNc2c3c(nc4cc(Cl)ccc24)CC2C=C(C)CC3C2)ccc1O,0.0306,chembal.csv,1,JGUYMIZRMYBDGV-UHFFFAOYSA-N,548.127,7.277,83.48,3,5,11,5,3
CHEMBL2113367,CC1=C[C@@H]2Cc3nc4cc(Cl)ccc4c(NCCCN(C)CCCCNc4c5c(nc6cc(Cl)ccc46)CCCC5)c3[C@H](C1)C2,0.0311,chembal.csv,1,XGUXGMNSUSHHSV-IZZNHLLZSA-N,642.719,9.591,53.08,2,5,11,7,4
CHEMBL4866930,CC1=CC2Cc3nc4cc(Cl)ccc4c(NCCCCCCCCCNC(=O)c4ccc[nH]c4=O)c3C(C1)C2,0.0319,chembal.csv,1,MFZFTIAUXVYCFV-UHFFFAOYSA-N,547.143,7.145,86.88,3,4,12,5,3
CHEMBL341658,CCC1=CC2Cc3nc4cc(F)ccc4c(N)c3C(C1)C2,0.0324,chembal.csv,1,XDJOJDHEYDJBLQ-UHFFFAOYSA-N,282.362,4.342,38.91,1,2,1,4,2
CHEMBL143094,CCC1=CC2Cc3nc4cc(C)cc(C)c4c(N)c3C(C1)C2,0.0326,chembal.csv,1,GOVGODJNGLRRGL-UHFFFAOYSA-N,292.426,4.82,38.91,1,2,1,4,2
CHEMBL4782921,COc1cc(CNC(=O)CCCCCCCCNc2c3c(nc4cc(Cl)ccc24)CC2C=C(C)CC3C2)ccc1O,0.0361,chembal.csv,1,MDZYWOBROPAKNM-UHFFFAOYSA-N,576.181,8.057,83.48,3,5,13,5,3
CHEMBL4859103,CC1=CC2Cc3nc4cc(Cl)ccc4c(NCCCCCCCCCNC(=O)c4cc(O)cc(O)c4)c3C(C1)C2,0.043,chembal.csv,1,LODADOWHBHYNFI-UHFFFAOYSA-N,562.154,7.868,94.48,4,5,12,5,3
CHEMBL3216116,CC1=CC2Cc3nc4cc(Cl)ccc4c(NCCCCCCCCCNc4c5c(nc6ccccc46)CCCC5)c3C(C1)C2,0.0433,chembal.csv,1,PHMROSHDKYSTRK-UHFFFAOYSA-N,607.286,10.566,49.84,2,4,12,7,4
CHEMBL2011487,CC1=CC2Cc3nc4cc(Cl)ccc4c(NCCCN(C)CCCNc4c5c(nc6ccccc46)CCCC5)c3C(C1)C2,0.0442,chembal.csv,1,YFDJQAZBRSGJIT-UHFFFAOYSA-N,594.247,8.547,53.08,2,5,10,7,4
CHEMBL4856400,CC1=CC2Cc3nc4cc(Cl)ccc4c(NCCCCCCNC(=O)[C@@H](N)Cc4c[nH]c5ccccc45)c3C(C1)C2,0.0457,chembal.csv,1,HHLHIZQJSGEGON-BSYJTBJZSA-N,570.181,7.024,95.83,4,4,11,6,4
CHEMBL3216557,CC1=C[C@H]2Cc3nc4cc(Cl)ccc4c(NCCCCCCCNc4c5c(nc6cc(Cl)ccc46)CCCC5)c3[C@@H](C1)C2,0.0474,chembal.csv,1,GCPORJYZTJZXFH-RPBOFIJWSA-N,613.677,10.439,49.84,2,4,10,7,4
CHEMBL4862716,CC1=CC2Cc3nc4cc(Cl)ccc4c(NCCCCCCCCCNS(=O)(=O)c4cn[nH]c4)c3C(C1)C2,0.0503,chembal.csv,1,XVFMIEFXOOYHGW-UHFFFAOYSA-N,556.176,6.728,99.77,3,5,13,5,3
CHEMBL2011495,CC1=CC2Cc3nc4cc(Cl)ccc4c(NCCCN(C)CCCNc4c5c(nc6cc(Cl)ccc46)CCCC5)c3C(C1)C2,0.0513,chembal.csv,1,DLMKTWKCMCVAMJ-UHFFFAOYSA-N,628.692,9.201,53.08,2,5,10,7,4
CHEMBL4748114,COc1cc(CNC(=O)CCCCCCCNc2c3c(nc4cc(Cl)ccc24)CC2C=C(C)CC3C2)ccc1O,0.0518,chembal.csv,1,RCGLPLMTBKSXHW-UHFFFAOYSA-N,562.154,7.667,83.48,3,5,12,5,3
CHEMBL4743210,COc1cc(CNC(=O)CCCCNc2c3c(nc4cc(Cl)ccc24)CC2C=C(C)CC3C2)ccc1O,0.0522,chembal.csv,1,HEYGXZLHMDENBS-UHFFFAOYSA-N,520.073,6.497,83.48,3,5,9,5,3
CHEMBL4794769,COc1cc(CNC(=O)CCCC/C=C/CCCNc2c3c(nc4cc(Cl)ccc24)CC2C=C(C)CC3C2)ccc1O,0.0531,chembal.csv,1,KNKNYKQOFRQZRV-HWKANZROSA-N,588.192,8.224,83.48,3,5,13,5,3
CHEMBL325338,CCC1=CC2Cc3nc4ccccc4c(N)c3C(C1)C2,0.0633,chembal.csv,1,RNTAEWUQJLKDIO-UHFFFAOYSA-N,264.372,4.203,38.91,1,2,1,4,2
CHEMBL4863615,CC1=CC2Cc3nc4cc(Cl)ccc4c(NCCCCCCCCC(=O)Nc4cn[nH]c4)c3C(C1)C2,0.064,chembal.csv,1,KQBINWYKLBXRPW-UHFFFAOYSA-N,506.094,7.389,82.7,3,4,11,5,3
CHEMBL4874244,CC1=CC2Cc3nc4cc(Cl)ccc4c(NCCCCCNC(=O)[C@@H](N)Cc4c[nH]c5ccccc45)c3C(C1)C2,0.0683,chembal.csv,1,JMYMKXIXWAGFRX-SRDVKXRDSA-N,556.154,6.634,95.83,4,4,10,6,4
CHEMBL4788434,COc1cc(CNC(=O)CCCCCNc2c3c(nc4cc(Cl)ccc24)CC2C=C(C)CC3C2)ccc1O,0.07,chembal.csv,1,AUFZKQKTTGOKEM-UHFFFAOYSA-N,534.1,6.887,83.48,3,5,10,5,3
CHEMBL4854913,CC1=CC2Cc3nc4cc(Cl)ccc4c(NCCCCCCCCC(=O)N4CCNC(=O)C4)c3C(C1)C2,0.0748,chembal.csv,1,ZBIXRKNNTMNYEM-UHFFFAOYSA-N,523.121,5.985,74.33,2,4,10,5,2
CHEMBL4848527,CC1=CC2Cc3nc4cc(Cl)ccc4c(NCCCCCCCCC(=O)NCc4cc[nH]c(=O)c4)c3C(C1)C2,0.0757999999999999,chembal.csv,1,GJLRIIBNLFEURH-UHFFFAOYSA-N,547.143,7.032,86.88,3,4,12,5,3
CHEMBL3216779,CC1=CC2Cc3nc4cc(Cl)ccc4c(NCCCCCCCCCCNc4c5c(nc6cc(Cl)ccc46)CCCC5)c3C(C1)C2,0.0766,chembal.csv,1,LUGRPYHMYKPOKB-UHFFFAOYSA-N,655.758,11.609,49.84,2,4,13,7,4
CHEMBL4741162,COc1cc(CNC(=O)CCCC/C=C/CNc2c3c(nc4cc(Cl)ccc24)CC2C=C(C)CC3C2)ccc1O,0.0781,chembal.csv,1,KGKBOIZOJSSJCG-FNORWQNLSA-N,560.138,7.443,83.48,3,5,11,5,3
CHEMBL4878434,CC1=CC2Cc3nc4cc(Cl)ccc4c(NCCCCCCCNC(=O)[C@@H](N)Cc4c[nH]c5ccccc45)c3C(C1)C2,0.0845,chembal.csv,1,VMMAQHJFFZODBW-DHCVZJGKSA-N,584.208,7.414,95.83,4,4,12,6,4
CHEMBL3216556,CC1=C[C@@H]2Cc3nc4cc(Cl)ccc4c(NCCCCCCCNc4c5c(nc6cc(Cl)ccc46)CCCC5)c3[C@H](C1)C2,0.0868,chembal.csv,1,GCPORJYZTJZXFH-LOSJGSFVSA-N,613.677,10.439,49.84,2,4,10,7,4
CHEMBL4872514,COc1cc(CNC(=O)CCCCCCCCNc2c3c(nc4cc(Cl)ccc24)CC2C=C(C)CC3C2)ccn1,0.0885,chembal.csv,1,REJJQNQSWRYGAY-UHFFFAOYSA-N,561.17,7.747,76.14,2,5,13,5,3
CHEMBL322281,CC1=CC2Cc3nc4ccccc4c(N)c3C(C1)C2,0.089,chembal.csv,1,NQPUWKFWGHITSP-UHFFFAOYSA-N,250.345,3.813,38.91,1,2,0,4,2
CHEMBL142491,CCC1=CC2Cc3nc4cccc(F)c4c(N)c3C(C1)C2,0.109,chembal.csv,1,TUVOGCOVFCKQFT-UHFFFAOYSA-N,282.362,4.342,38.91,1,2,1,4,2
CHEMBL322343,CCC1=CC2Cc3nc4cc(C)ccc4c(N)c3C(C1)C2,0.115,chembal.csv,1,FWOPZBFHVIAVRG-UHFFFAOYSA-N,278.399,4.512,38.91,1,2,1,4,2
CHEMBL3216777,CC1=C[C@@H]2Cc3nc4cc(Cl)ccc4c(NCCCCCCCNc4c5c(nc6ccccc46)CCCC5)c3[C@H](C1)C2,0.133,chembal.csv,1,DBUWWODVSCMGDY-IZZNHLLZSA-N,579.232,9.786,49.84,2,4,10,7,4
CHEMBL4524111,CC1=C[C@@H]2Cc3nc4cc(F)ccc4c(N)c3[C@H](C1)C2,0.138,chembal.csv,1,CPGLYAIYMGVIIO-WDEREUQCSA-N,268.335,3.952,38.91,1,2,0,4,2
CHEMBL3217208,CC1=C[C@H]2Cc3nc4cc(Cl)ccc4c(NCCCCCCCNc4c5c(nc6ccccc46)CCCC5)c3[C@@H](C1)C2,0.139,chembal.csv,1,DBUWWODVSCMGDY-FTJBHMTQSA-N,579.232,9.786,49.84,2,4,10,7,4
CHEMBL140476,CC1=CC2Cc3nc4cc(Cl)ccc4c(N)c3C(C1)C2,0.153,chembal.csv,1,UKCBMHDZLYYTMI-UHFFFAOYSA-N,284.79,4.466,38.91,1,2,0,4,2
CHEMBL2021616,CC1=C[C@H]2Cc3nc4cc(Cl)ccc4c(N)c3[C@@H](C1)C2,0.17,chembal.csv,1,UKCBMHDZLYYTMI-MNOVXSKESA-N,284.79,4.466,38.91,1,2,0,4,2
CHEMBL5188116,CC1=C[C@H]2Cc3nc4cc(Cl)ccc4c(NCCCCC(=O)N4CCC(NC(=O)Nc5ccc(OC(F)(F)F)cc5)CC4)c3[C@@H](C1)C2,0.179,chembal.csv,1,VPHLBLQNXMWQOL-PKTZIBPZSA-N,670.176,8.178,95.59,3,5,9,6,3
CHEMBL3355581,COc1cc(CCC(=O)/C=C/c2ccc(CNc3c4c(nc5cc(Cl)ccc35)CC3CC(C)=CC4C3)cc2)cc(CN(C)C)c1O,0.181,chembal.csv,1,AXRSIKMWRLWTDO-FMIVXFBMSA-N,636.236,8.487,74.69,2,6,11,6,4
CHEMBL335355,CCC1=CC2Cc3nc4cc(F)cc(F)c4c(N)c3C(C1)C2,0.194,chembal.csv,1,AQTFLSFWSDSMCO-UHFFFAOYSA-N,300.352,4.481,38.91,1,2,1,4,2
CHEMBL4280612,Nc1c2c(nc3cc(Cl)ccc13)C[C@H]1C=C(CCCCn3cc(CO)nn3)C[C@H]2C1,0.21,chembal.csv,1,MHMXFYDLGYPRNA-HOTGVXAUSA-N,423.948,4.401,89.85,2,6,6,5,3
CHEMBL2007996,CC1=C[C@@H]2Cc3nc4cc(Cl)ccc4c(N)c3[C@H](C1)C2,0.222,chembal.csv,1,UKCBMHDZLYYTMI-WDEREUQCSA-N,284.79,4.466,38.91,1,2,0,4,2
CHEMBL4569343,CC[C@@H](CN1CCCC1=O)C(=O)NCCCCCCCNc1c2c(nc3cc(Cl)ccc13)C[C@H]1C=C(C)C[C@@H]2C1,0.232,chembal.csv,1,GJARULZXVOTKRA-CCDWMCETSA-N,565.202,7.011,74.33,2,4,13,5,2
CHEMBL3233831,CC1=C[C@H]2Cc3nc4cc(Cl)ccc4c(NCCCCCCCCCNC(=O)c4cc(O)c5c(c4)C(=O)c4cccc(O)c4C5=O)c3[C@@H](C1)C2,0.265,chembal.csv,1,VZYCFKMNVCPCHV-RPBOFIJWSA-N,692.256,8.643,128.62,4,7,12,7,4
CHEMBL4782267,COc1cc(CNC(=O)c2ccc(CNc3c4c(nc5cc(Cl)ccc35)CC3C=C(C)CC4C3)cc2)ccc1O,0.29,chembal.csv,1,JAUVXAJRIZCOSF-UHFFFAOYSA-N,554.09,7.141,83.48,3,5,7,6,4
CHEMBL139819,CCC1=CC2Cc3nc4cccc(Cl)c4c(N)c3C(C1)C2,0.331,chembal.csv,1,CCZAEYNRTVFBFH-UHFFFAOYSA-N,298.817,4.857,38.91,1,2,1,4,2
CHEMBL575613,CC1=CC2Cc3nc4ncccc4c(N)c3C(C1)C2,0.342,chembal.csv,1,YGJVNJHITFLVDP-UHFFFAOYSA-N,251.333,3.208,51.8,1,3,0,4,2
CHEMBL3304357,CC1=CC2Cc3nc4cc(Cl)ccc4c(NCCCCCCCCNC(=O)c4cc(O)c5c(c4)C(=O)c4cccc(O)c4C5=O)c3C(C1)C2,0.35,chembal.csv,1,SRHFLJYMGNBGDH-UHFFFAOYSA-N,678.229,8.253,128.62,4,7,11,7,4
CHEMBL109870,CC1=CC2Cc3nc4cc(C)ccc4c(N)c3C(C1)C2,0.449,chembal.csv,1,CPLWNEHDSYQUBC-UHFFFAOYSA-N,264.372,4.121,38.91,1,2,0,4,2
CHEMBL3234040,CC1=CC2Cc3nc4cc(Cl)ccc4c(NCc4ccc(CNC(=O)c5cc(O)c6c(c5)C(=O)c5cccc(O)c5C6=O)cc4)c3C(C1)C2,0.51,chembal.csv,1,BMUWOXBZGNXOSU-UHFFFAOYSA-N,670.165,7.613,128.62,4,7,6,8,5
CHEMBL322106,CCC1=CC2Cc3nc4cccc(C)c4c(N)c3C(C1)C2,0.512,chembal.csv,1,BQFPNTRMMCXTTQ-UHFFFAOYSA-N,278.399,4.512,38.91,1,2,1,4,2
CHEMBL3233832,CC1=C[C@@H]2Cc3nc4cc(Cl)ccc4c(NCCCCCCCCCNC(=O)c4cc(O)c5c(c4)C(=O)c4cccc(O)c4C5=O)c3[C@H](C1)C2,0.513,chembal.csv,1,VZYCFKMNVCPCHV-LOSJGSFVSA-N,692.256,8.643,128.62,4,7,12,7,4
CHEMBL109869,CC1=CC2Cc3nc4cccc(F)c4c(N)c3C(C1)C2,0.543,chembal.csv,1,HXXFZJUEWKJOGB-UHFFFAOYSA-N,268.335,3.952,38.91,1,2,0,4,2
CHEMBL415799,CC1=CC2Cc3nc4cc(Cl)ccc4c(N)c3C(C1)C2N,0.601,chembal.csv,1,UEGRKPLAHWHWQQ-UHFFFAOYSA-N,299.805,3.404,64.93,2,3,0,4,2
CHEMBL5207628,CC1=C[C@@H]2Cc3nc4cc(Cl)ccc4c(NCCCCC(=O)N4CCC(NC(=O)Nc5ccc(OC(F)(F)F)cc5)CC4)c3[C@H](C1)C2,0.615,chembal.csv,1,VPHLBLQNXMWQOL-XZOQPEGZSA-N,670.176,8.178,95.59,3,5,9,6,3
CHEMBL3233830,CC1=CC2Cc3nc4cc(Cl)ccc4c(NCCCCCCCCCNC(=O)c4cc(O)c5c(c4)C(=O)c4cccc(O)c4C5=O)c3C(C1)C2,0.62,chembal.csv,1,VZYCFKMNVCPCHV-UHFFFAOYSA-N,692.256,8.643,128.62,4,7,12,7,4
CHEMBL3234039,CC1=CC2Cc3nc4cc(Cl)ccc4c(NCCCCCCCCCCCNC(=O)c4cc(O)c5c(c4)C(=O)c4cccc(O)c4C5=O)c3C(C1)C2,0.645,chembal.csv,1,CTMZZPSVNCEBPA-UHFFFAOYSA-N,720.31,9.424,128.62,4,7,14,7,4
CHEMBL3355580,COc1cc(CCC(=O)/C=C/c2ccc(CNc3c4c(nc5cc(Cl)ccc35)CC3CC(C)=CC4C3)cc2)ccc1O,0.742,chembal.csv,1,ANZARKBILMMHER-YRNVUSSQSA-N,579.14,8.426,71.45,2,5,9,6,4
CHEMBL142816,CCC1=CC2Cc3nc4ccc(Cl)cc4c(N)c3C(C1)C2,0.762,chembal.csv,1,RROMZQOFYWOWAP-UHFFFAOYSA-N,298.817,4.857,38.91,1,2,1,4,2
CHEMBL574974,CCC1=CC2Cc3nc4cc(Cl)ccc4c(NCCN=[N+]=[N-])c3C(C1)C2,0.824,chembal.csv,1,HQUSYPKQXVWTEX-UHFFFAOYSA-N,367.884,5.997,73.68,1,3,5,4,2
CHEMBL3233826,CC1=CC2Cc3nc4cc(Cl)ccc4c(NCCCCCNC(=O)c4cc(O)c5c(c4)C(=O)c4cccc(O)c4C5=O)c3C(C1)C2,0.95,chembal.csv,1,HVTMTNROSRDITI-UHFFFAOYSA-N,636.148,7.083,128.62,4,7,8,7,4
CHEMBL143290,CC1=CC2Cc3nc4cc(F)cc(F)c4c(N)c3C(C1)C2,0.963,chembal.csv,1,NKJPXDDMWQSODY-UHFFFAOYSA-N,286.325,4.091,38.91,1,2,0,4,2
CHEMBL3355579,COc1cc(CCC(=O)/C=C/CCCNc2c3c(nc4cc(Cl)ccc24)CC2CC(C)=CC3C2)ccc1O,0.982,chembal.csv,1,XLIOMHFQNGCWAV-GQCTYLIASA-N,531.096,7.549,71.45,2,5,10,5,3
10015862,CC1=C[C@@H]2Cc3nc4cc(F)ccc4c(N)c3C(C1)C2,0.138,pubchem.csv,1,CPGLYAIYMGVIIO-VUWPPUDQSA-N,268.335,3.952,38.91,1,2,0,4,2
CHEMBL2152545,CCCCCCCNC(=O)Oc1ccc2c(c1)CN1CCc3ccccc3C1N2C,0.0064,chembal.csv,1,NRSCUZWEMZYPRV-UHFFFAOYSA-N,407.558,5.252,44.81,1,4,7,4,2
CHEMBL4458430,CN1c2ccc(OC(=O)NCCCCCCn3cnc4ccccc43)cc2CN2CCc3ccccc3C21,0.0074,chembal.csv,1,LMNBPSWANWAFLT-UHFFFAOYSA-N,509.654,5.892,62.63,1,6,8,6,4
CHEMBL4567099,CN1c2ccc(OC(=O)NCCCCCCCCCCN3CCOCC3)cc2CN2CCc3ccccc3C21,0.01148,chembal.csv,1,FGIRYRPHYPRPJZ-UHFFFAOYSA-N,534.745,5.735,57.28,1,6,12,5,2
CHEMBL3787613,CCCCCCCNC(=O)Oc1ccc2c(c1)CN(C)C(c1cccs1)N2C,0.013,chembal.csv,1,UWWRFVZRXFROOL-UHFFFAOYSA-N,401.576,5.387,44.81,1,5,8,3,2
CHEMBL4457445,CN1c2ccc(OC(=O)NCCCCCCn3ccnc3)cc2CN2CCc3ccccc3C21,0.01318,chembal.csv,1,XMSZHCDGDDKYTG-UHFFFAOYSA-N,459.594,4.739,62.63,1,6,8,5,3
CHEMBL4566207,CN1c2ccc(OC(=O)NCCCCCCCCN3CCOCC3)cc2CN2CCc3ccccc3C21,0.0198,chembal.csv,1,BOOZPFJGYOUKMQ-UHFFFAOYSA-N,506.691,4.955,57.28,1,6,10,5,2
CHEMBL4538361,CN1c2ccc(OC(=O)NCCCCCCN3CCc4ccccc4C3)cc2CN2CCc3ccccc3C21,0.0267,chembal.csv,1,SDPLMMYTUWIQAU-UHFFFAOYSA-N,524.709,5.9,48.05,1,5,8,6,3
CHEMBL4467762,CN1c2ccc(OC(=O)NCCCCCCCCN3CCc4ccccc4C3)cc2CN2CCc3ccccc3C21,0.03236,chembal.csv,1,GFZWJMNHQLZSGU-UHFFFAOYSA-N,552.763,6.681,48.05,1,5,10,6,3
CHEMBL4583273,CN1c2ccc(OC(=O)NCCCCCCN3CCCC3)cc2CN2CCc3ccccc3C21,0.0343,chembal.csv,1,ZJLQVNQXVJLIGI-UHFFFAOYSA-N,462.638,4.938,48.05,1,5,8,5,2
CHEMBL4440639,CN1c2ccc(OC(=O)NCCCCCCCCCCN3CCc4ccccc4C3)cc2CN2CCc3ccccc3C21,0.04169,chembal.csv,1,UPSLFJVDTFDESY-UHFFFAOYSA-N,580.817,7.461,48.05,1,5,12,6,3
CHEMBL5220673,CCCCCCCNC(=O)Oc1ccc2c(c1)CN1CCc3ccc(/N=N\c4ccccc4)cc3C1N2C,0.0445,chembal.csv,1,YYFAPCBCSCQDFB-YHZPTAEISA-N,511.67,7.668,69.53,1,6,9,5,3
CHEMBL4454960,CN1c2ccc(OC(=O)NCCCCCCN3CCOCC3)cc2CN2CCc3ccccc3C21,0.0489799999999999,chembal.csv,1,VTWLCCKOONFZLR-UHFFFAOYSA-N,478.637,4.174,57.28,1,6,8,5,2
CHEMBL4559112,CN1c2ccc(OC(=O)NCCCCN3CCOCC3)cc2CN2CCc3ccccc3C21,0.05012,chembal.csv,1,DZZQKPIISYOWGF-UHFFFAOYSA-N,450.583,3.394,57.28,1,6,6,5,2
CHEMBL3262489,CCCCCCCNC(=O)Oc1ccc2c(c1)CN1CCc3c([nH]c4ccccc34)C1N2C,0.077,chembal.csv,1,HKHKOTPYNYYBTG-UHFFFAOYSA-N,446.595,5.733,60.6,2,4,7,5,3
CHEMBL4554810,CN1c2ccc(OC(=O)NCCCCCCN3CCNCC3)cc2CN2CCc3ccccc3C21,0.0805999999999999,chembal.csv,1,OPVRRWGRYQZZJM-UHFFFAOYSA-N,477.653,3.747,60.08,2,6,8,5,2
CHEMBL4553968,CN1c2ccc(OC(=O)NCCCCCCN3CCCCC3)cc2CN2CCc3ccccc3C21,0.08318,chembal.csv,1,GHSNUWWKAOQNSM-UHFFFAOYSA-N,476.665,5.328,48.05,1,5,8,5,2
CHEMBL5220069,COc1ccc2[nH]cc(CCC(=O)CCCCCCNC(=O)Oc3ccc4c(c3)CN3CCc5ccccc5C3N4C)c2c1,0.102,chembal.csv,1,QWFVAMIJRYZDJQ-UHFFFAOYSA-N,594.756,6.924,86.9,2,6,12,6,4
CHEMBL5078611,COc1ccc2[nH]cc(CCNC(=O)CCCCCCNC(=O)Oc3ccc4c(c3)CN3CCc5ccccc5C3N4C)c2c1,0.102,chembal.csv,1,MVMQNBRFWZONNJ-UHFFFAOYSA-N,609.771,6.081,98.93,3,6,12,6,4
CHEMBL5084655,COc1cc(/C=C/C(=O)NCCCCNC(=O)Oc2ccc3c(c2)CN2CCc4ccccc4C2N3C)ccc1O,0.102,chembal.csv,1,SKFATRLUVYBNSY-GXDHUFHOSA-N,556.663,4.606,103.37,3,7,9,5,3
CHEMBL4530184,CN1c2ccc(OC(=O)NCCCCCCN3CCN(C(=O)OC(C)(C)C)CC3)cc2CN2CCc3ccccc3C21,0.12303,chembal.csv,1,JWDZYMWCIUELOK-UHFFFAOYSA-N,577.77,5.395,77.59,1,7,8,5,2
CHEMBL5081534,COc1ccc2[nH]cc(CCNC(=O)CCCCNC(=O)Oc3ccc4c(c3)CN3CCc5ccccc5C3N4C)c2c1,0.12589,chembal.csv,1,XCNXTQCSKATNGX-UHFFFAOYSA-N,581.717,5.301,98.93,3,6,10,6,4
CHEMBL5086269,COc1cc(/C=C/C(=O)NCCCCCCNC(=O)Oc2ccc3c(c2)CN2CCc4ccccc4C2N3C)ccc1O,0.16596,chembal.csv,1,ZUVUYXIECOMIRX-FOWTUZBSSA-N,584.717,5.386,103.37,3,7,11,5,3
CHEMBL4457554,CN1c2ccc(OC(=O)NCCCCN3CCc4ccccc4C3)cc2CN2CCc3ccccc3C21,0.19055,chembal.csv,1,RFYZVVPCRZWWHF-UHFFFAOYSA-N,496.655,5.12,48.05,1,5,6,6,3
CHEMBL5079424,CN1c2ccc(OC(=O)NCCCCNC(=O)/C=C/c3ccccc3)cc2CN2CCc3ccccc3C21,0.21878,chembal.csv,1,TVYYKZMVNIBRPZ-DTQAZKPQSA-N,510.638,4.892,73.91,2,5,8,5,3
CHEMBL5090856,Cc1c(C)c2c(c(C)c1O)CCC(C)(C(=O)NCCCCCCNC(=O)Oc1ccc3c(c1)CN1CCc4ccccc4C1N3C)O2,0.255,chembal.csv,1,MCVNQICJOWJYHJ-UHFFFAOYSA-N,640.825,6.373,103.37,3,7,9,6,3
CHEMBL5089028,CN1c2ccc(OC(=O)NCCCCCCNC(=O)/C=C/c3ccccc3)cc2CN2CCc3ccccc3C21,0.442,chembal.csv,1,JLUNMAOWHJLLLM-OBGWFSINSA-N,538.692,5.672,73.91,2,5,10,5,3
CHEMBL5079144,COc1ccc2[nH]cc(CCNC(=O)CCNC(=O)Oc3ccc4c(c3)CN3CCc5ccccc5C3N4C)c2c1,0.47863,chembal.csv,1,HBQSDFMWPWOTOM-UHFFFAOYSA-N,553.663,4.521,98.93,3,6,8,6,4
CHEMBL5087359,Cc1c(C)c2c(c(C)c1O)CCC(C)(C(=O)NCCCCNC(=O)Oc1ccc3c(c1)CN1CCc4ccccc4C1N3C)O2,0.791,chembal.csv,1,POUJFNAGPSJFIW-UHFFFAOYSA-N,612.771,5.593,103.37,3,7,7,6,3
CHEMBL4437800,CN1c2ccc(OC(=O)NCCCN3CCOCC3)cc2CN2CCc3ccccc3C21,0.93325,chembal.csv,1,RBLHRNGWLBENLR-UHFFFAOYSA-N,436.556,3.004,57.28,1,6,5,5,2
164675714,CCCCCCCNC(=O)Oc1ccc2c(c1)CN1CCc3ccc(N=Nc4ccccc4)cc3C1N2C,0.0445,pubchem.csv,1,YYFAPCBCSCQDFB-UHFFFAOYSA-N,511.67,7.668,69.53,1,6,9,5,3
CHEMBL5422760,Cc1ccc(NCCCSC[C@@H]2CCCN3CCCC[C@H]23)c2c(=O)c3ccccc3sc12,0.007,chembal.csv,1,RTSVPQGEMHVGDV-NZQKXSOJSA-N,466.716,6.523,32.34,1,5,7,5,3
CHEMBL4781157,O=C(CCCCN1CCC2c3ccccc3NC2C1)Nc1ccc(/C=C2\CCn3c2nc2ccccc2c3=O)cc1,0.03275,chembal.csv,1,URKUVOOMGFZKSL-DARPEHSRSA-N,545.687,5.733,79.26,2,6,7,7,4
CHEMBL4742248,O=C(CCCN1CCC2c3ccccc3NC2C1)Oc1ccc(/C=C2\CCn3c2nc2ccccc2c3=O)cc1,0.04415,chembal.csv,1,JJZULEDSKWBYDC-BSYVCWPDSA-N,532.644,5.31,76.46,1,7,6,7,4
CHEMBL4518992,Cc1nn(CC(=O)N/N=C/c2ccc(Br)cc2O)c(=O)n1-c1ccc(C(=O)N/N=C/c2ccc(Br)cc2O)cc1,0.0486,chembal.csv,1,BGPPKBFEWOJUDS-GTBNVNCYSA-N,671.306,3.193,163.2,4,10,8,4,4
CHEMBL4514263,COc1ccc(/C=N/NC(=O)Cn2nc(C)n(-c3ccc(C(=O)N/N=C/c4ccc(OC)cc4)cc3)c2=O)cc1,0.0486,chembal.csv,1,FNFARHRRHGLYQK-RKMZGRCJSA-N,541.568,2.274,141.2,2,10,10,4,4
CHEMBL4516351,Cc1nn(CC(=O)N/N=C/c2ccc(Cl)cc2)c(=O)n1-c1ccc(C(=O)N/N=C/c2ccc(Cl)cc2)cc1,0.0557,chembal.csv,1,VXOMGIIQSPHLCF-VMTVTTGYSA-N,550.406,3.563,122.74,2,8,8,4,4
CHEMBL4755968,O=C(CCN1CCC2c3ccccc3NC2C1)Oc1ccc(/C=C2\CCn3c2nc2ccccc2c3=O)cc1,0.06918,chembal.csv,1,NKGAOXISUWKUFF-ZBJSNUHESA-N,518.617,4.92,76.46,1,7,5,7,4
CHEMBL4518438,Cc1nn(CC(=O)N/N=C/c2ccccc2)c(=O)n1-c1ccc(C(=O)N/N=C/c2ccccc2)cc1,0.0702,chembal.csv,1,UUXGUHRRRWGLJM-ODBZBXGJSA-N,481.516,2.257,122.74,2,8,8,4,4
CHEMBL4544630,Cc1nn(CC(=O)N/N=C/c2cccc(Br)c2)c(=O)n1-c1ccc(C(=O)N/N=C/c2cccc(Br)c2)cc1,0.0937,chembal.csv,1,MEJIZAOYTQIGPW-VMTVTTGYSA-N,639.308,3.782,122.74,2,8,8,4,4
CHEMBL4447626,Cc1nn(CC(=O)N/N=C/c2ccc(Br)cc2)c(=O)n1-c1ccc(C(=O)N/N=C/c2ccc(Br)cc2)cc1,0.1253,chembal.csv,1,GOJHKUQOTUCVQG-VMTVTTGYSA-N,639.308,3.782,122.74,2,8,8,4,4
CHEMBL4800679,O=C(CCCN1CCC2c3ccccc3NC2C1)Nc1ccc(/C=C2\CCn3c2nc2ccccc2c3=O)cc1,0.21514,chembal.csv,1,NCLQKIGNYKOMFH-BSYVCWPDSA-N,531.66,5.343,79.26,2,6,6,7,4
CHEMBL4776843,O=C(CN1CCC2c3ccccc3NC2C1)Oc1ccc(/C=C2\CCn3c2nc2ccccc2c3=O)cc1,0.23831,chembal.csv,1,GOMMQUCIBUSEBS-HEHNFIMWSA-N,504.59,4.53,76.46,1,7,4,7,4
CHEMBL5438801,Cc1ccc(NCCC[C@@H]2CCCN3CCCC[C@H]23)c2c(=O)c3ccccc3oc12,0.3,chembal.csv,1,PLFDOJBDYAWUKJ-DENIHFKCSA-N,404.554,5.711,45.48,1,4,5,5,3
CHEMBL5290033,Cc1ccc(NCC[C@@H]2CCCN3CCCC[C@H]23)c2c(=O)c3ccccc3oc12,0.37,chembal.csv,1,DALMBCBRULLIPO-GHTZIAJQSA-N,390.527,5.321,45.48,1,4,4,5,3
CHEMBL4791642,O=C(CCCCN1CCC2c3ccccc3NC2C1)Oc1ccc(/C=C2\CCn3c2nc2ccccc2c3=O)cc1,0.42228,chembal.csv,1,ZDDBXKYJPCPAEW-DARPEHSRSA-N,546.671,5.7,76.46,1,7,7,7,4
CHEMBL4800260,COc1cc2c(cc1OC)C(=O)/C(=C/c1ccc(N3CC[N+](C)(Cc4ccccc4)CC3)cc1)C2,0.43,chembal.csv,1,RHKFYLMTJHZFRB-KOEQRZSOSA-N,469.605,4.993,38.77,0,4,6,5,3
CHEMBL4791075,COc1cc2c(cc1OC)C(=O)/C(=C/c1ccc(N3CC[N+](C)(Cc4cccc(Cl)c4)CC3)cc1)C2,0.43,chembal.csv,1,JTTAUOGRTGUCHJ-BUVRLJJBSA-N,504.05,5.646,38.77,0,4,6,5,3
CHEMBL5286183,Cc1ccc(NCC[C@@H]2CCCN3CCCC[C@H]23)c2c(=O)c3ccccc3sc12,0.46,chembal.csv,1,BENIBYVETVNODM-GHTZIAJQSA-N,406.595,5.79,32.34,1,4,4,5,3
CHEMBL4763981,O=C(CCCCCN1CCC2c3ccccc3NC2C1)Nc1ccc(/C=C2\CCn3c2nc2ccccc2c3=O)cc1,0.48553,chembal.csv,1,VFERHOUHYWLGSW-YYDJUVGSSA-N,559.714,6.123,79.26,2,6,8,7,4
CHEMBL4750451,O=C(CCCCCN1CCC2c3ccccc3NC2C1)Oc1ccc(/C=C2\CCn3c2nc2ccccc2c3=O)cc1,0.50707,chembal.csv,1,YGDFHMALLNHJGR-YYDJUVGSSA-N,560.698,6.09,76.46,1,7,8,7,4
CHEMBL4798157,O=C(CN1CCC2c3ccccc3NC2C1)Nc1ccc(/C=C2\CCn3c2nc2ccccc2c3=O)cc1,0.59615,chembal.csv,1,ZOPDHBMTDUNEER-HEHNFIMWSA-N,503.606,4.563,79.26,2,6,4,7,4
CHEMBL1771556,COc1cc2c(cc1OC)CN(c1cc[n+](Cc3ccc(C[n+]4ccc(N5CCCCC5)cc4)cc3)cc1)CC2,0.62,chembal.csv,1,UOZATCLUCGFJDA-UHFFFAOYSA-N,536.72,4.928,32.7,0,4,8,6,4
CHEMBL4778690,COc1cc2c(cc1OC)C(=O)/C(=C/c1ccc(N3CC[N+](C)(Cc4cccc(Br)c4)CC3)cc1)C2,0.65,chembal.csv,1,HYDRUOPHTWMPFN-BUVRLJJBSA-N,548.501,5.756,38.77,0,4,6,5,3
CHEMBL5419364,COc1ccc2sc3c(C)ccc(NCC[C@@H]4CCCN5CCCC[C@H]45)c3c(=O)c2c1,0.71,chembal.csv,1,QDOARVWOVAHJIU-PGRDOPGGSA-N,436.621,5.798,41.57,1,5,5,5,3
CHEMBL4757466,O=C(CCN1CCC2c3ccccc3NC2C1)Nc1ccc(/C=C2\CCn3c2nc2ccccc2c3=O)cc1,0.72595,chembal.csv,1,ARMJZDJUAIIGAI-ZBJSNUHESA-N,517.633,4.953,79.26,2,6,5,7,4
CHEMBL508781,COc1cc2c3cc1Oc1c(O)c(OC)cc4c1[C@H](Cc1ccc(cc1)Oc1cc(ccc1O)C[C@H]3N(C)CC2)N(C)CC4,0.8,chembal.csv,1,LFFQVHXIFJLJSP-IZLXSDGUSA-N,594.708,6.556,83.86,2,8,2,8,4
CHEMBL4780352,COc1cc2c(cc1OC)C(=O)/C(=C/c1ccc(OCCCCN[N+]3(C)CCN(c4ccc(/C=C5\Cc6cc(OC)c(OC)cc6C5=O)cc4)CC3)cc1)C2,0.83,chembal.csv,1,GBKMYMXLDBAPCS-RSVUCGLWSA-N,744.909,6.996,95.56,1,9,14,7,4
CHEMBL5431870,Cc1ccc(NCC[C@@H]2CCCN3CCCC[C@H]23)c2c(=O)c3cc(O)ccc3sc12,0.9,chembal.csv,1,DTVPCBIZJATWPE-LAUBAEHRSA-N,422.594,5.495,52.57,2,5,4,5,3
CHEMBL5436261,COc1ccc2sc3c(N)ccc(NCC[C@@H]4CCCN5CCCC[C@H]45)c3c(=O)c2c1,0.99,chembal.csv,1,CFBPNQLXDNLVNE-HRAATJIYSA-N,437.609,5.072,67.59,2,6,5,5,3
CHEMBL5416136,CCCCN(CCCc1ccccc1)Cc1ccc2ccccc2c1,0.011,chembal.csv,1,NAKYNKMYONGAHY-UHFFFAOYSA-N,331.503,6.075,3.24,0,1,9,3,3
CHEMBL1642977,CC(C)(C)c1cc[n+](CCCCCCCC[n+]2ccc(C(C)(C)C)cc2)cc1,0.016,chembal.csv,1,BGWSJOXUYWABSA-UHFFFAOYSA-N,382.636,5.897,7.76,0,0,9,2,2
CHEMBL594629,CC(C)(C)c1cc[n+](CCCCCCCCCCCC[n+]2ccc(C(C)(C)C)cc2)cc1,0.019,chembal.csv,1,YOMWUZRONLGHHJ-UHFFFAOYSA-N,438.744,7.458,7.76,0,0,13,2,2
CHEMBL5405011,CC(C)CN(CCCc1ccccc1)Cc1ccc2ccccc2c1,0.024,chembal.csv,1,QPZCQZRXCJHWCT-UHFFFAOYSA-N,331.503,5.931,3.24,0,1,8,3,3
CHEMBL5435700,CCCN(CCCc1ccccc1)Cc1ccc2ccccc2c1,0.03,chembal.csv,1,YNZZDLPGQNWRQR-UHFFFAOYSA-N,317.476,5.685,3.24,0,1,8,3,3
CHEMBL1642979,CC(C)(C)c1cc[n+](CCCCCCCCCC[n+]2ccc(C(C)(C)C)cc2)cc1,0.06,chembal.csv,1,JAZQZHGMPOIYPF-UHFFFAOYSA-N,410.69,6.678,7.76,0,0,11,2,2
CHEMBL225577,c1ccc2c(c1)ccc[n+]2CCCCCCCCCC[n+]1cccc2ccccc21,0.1,chembal.csv,1,YZDRSBRUONQQBH-UHFFFAOYSA-N,398.594,6.389,7.76,0,0,11,4,4
CHEMBL105537,c1ccc2c[n+](CCCCCCCCCCCC[n+]3ccc4ccccc4c3)ccc2c1,0.1,chembal.csv,1,ZZPJJAPKSCPCSZ-UHFFFAOYSA-N,426.648,7.169,7.76,0,0,13,4,4
CHEMBL1642980,CC(C)(C)c1cc[n+](CCCCCCCCCCC[n+]2ccc(C(C)(C)C)cc2)cc1,0.11,chembal.csv,1,PIAWAKHRHZZEIK-UHFFFAOYSA-N,424.717,7.068,7.76,0,0,12,2,2
CHEMBL1642978,CC(C)(C)c1cc[n+](CCCCCCCCC[n+]2ccc(C(C)(C)C)cc2)cc1,0.15,chembal.csv,1,RYHRXPJGDAFICN-UHFFFAOYSA-N,396.663,6.288,7.76,0,0,10,2,2
CHEMBL4292192,CCN(CC)c1ccc(/C=C/c2cc(N3CCCCC3)c3ccccc3n2)cc1,0.2,chembal.csv,1,ABUXRHQYNOLAJI-NTCAYCPXSA-N,385.555,6.242,19.37,0,3,6,4,3
CHEMBL1762003,c1ccc2c(c1)ccc[n+]2Cc1ccc2ccc(C[n+]3cccc4ccccc43)cc2c1,0.2,chembal.csv,1,WPOFAFLYGQHUBW-UHFFFAOYSA-N,412.536,5.818,7.76,0,0,4,6,6
CHEMBL4067639,C[n+]1c(/C=C/c2cc3ccccc3[nH]2)cc(N2CCOCC2)c2ccccc21,0.3,chembal.csv,1,BTDVKDAIQDCWJD-UHFFFAOYSA-O,370.476,4.153,32.14,1,2,3,5,4
CHEMBL187404,c1cc(C[n+]2ccc(N3CCCCC3)cc2)cc(-c2cccc(C[n+]3ccc(N4CCCCC4)cc3)c2)c1,0.33,chembal.csv,1,XYGKCUFPPNMELX-UHFFFAOYSA-N,504.722,6.006,14.24,0,2,7,6,4
CHEMBL3093796,c1cc[n+](CCCCCCCCC[n+]2ccc3ccccc3c2)cc1,0.35,chembal.csv,1,JUWPVFGGRPLWHB-UHFFFAOYSA-N,334.507,4.846,7.76,0,0,10,3,3
CHEMBL3093797,c1cc[n+](CCCCCCCCCC[n+]2ccc3ccccc3c2)cc1,0.37,chembal.csv,1,TVYZGBBYZJIGGJ-UHFFFAOYSA-N,348.534,5.236,7.76,0,0,11,3,3
CHEMBL104387,c1ccc2c(c1)ccc[n+]2CCCCCCCCCCCC[n+]1cccc2ccccc21,0.4,chembal.csv,1,KQWKYDIWXCLYSS-UHFFFAOYSA-N,426.648,7.169,7.76,0,0,13,4,4
CHEMBL1761994,c1ccc2c(c1)ccc[n+]2CCCCCCC[n+]1cccc2ccccc21,0.4,chembal.csv,1,BLMJGURMDNTUKU-UHFFFAOYSA-N,356.513,5.219,7.76,0,0,8,4,4
CHEMBL1669486,c1ccc2c[n+](CCCCCCCC[n+]3ccc4ccccc4c3)ccc2c1,0.4,chembal.csv,1,GMXBRECDYFCFAU-UHFFFAOYSA-N,370.54,5.609,7.76,0,0,9,4,4
CHEMBL105257,c1ccc2c(c1)ccc[n+]2CCCCCCCCCCC[n+]1cccc2ccccc21,0.5,chembal.csv,1,XZWPKRVTYLJQOV-UHFFFAOYSA-N,412.621,6.779,7.76,0,0,12,4,4
CHEMBL104553,c1ccc2c[n+](CCCCCCCCC[n+]3ccc4ccccc4c3)ccc2c1,0.6,chembal.csv,1,UTOPPHLSAAJWHX-UHFFFAOYSA-N,384.567,5.999,7.76,0,0,10,4,4
CHEMBL1669491,c1ccc(C[n+]2ccc3ccccc3c2)c(C[n+]2ccc3ccccc3c2)c1,0.6,chembal.csv,1,NBZDXRSHGICKOP-UHFFFAOYSA-N,362.476,4.665,7.76,0,0,4,5,5
CHEMBL1642975,CC(C)(C)c1cc[n+](CCCCCC[n+]2ccc(C(C)(C)C)cc2)cc1,0.6,chembal.csv,1,MJOOYCYKVGRRID-UHFFFAOYSA-N,354.582,5.117,7.76,0,0,7,2,2
CHEMBL105017,c1ccc2c(c1)ccc[n+]2CCCCCCCCC[n+]1cccc2ccccc21,0.6,chembal.csv,1,FEWPEMHIXGPAEH-UHFFFAOYSA-N,384.567,5.999,7.76,0,0,10,4,4
CHEMBL188821,c1cc(C[n+]2ccc(N3CCCCC3)cc2)ccc1C[n+]1ccc(N2CCCCC2)cc1,0.61,chembal.csv,1,SVAAENNVLVWYJB-UHFFFAOYSA-N,428.624,4.339,14.24,0,2,6,5,3
CHEMBL3093804,c1cc[n+](CCCCCCCCCCCC[n+]2cccc3ccccc32)cc1,0.68,chembal.csv,1,KZMBWUIEJCJZBV-UHFFFAOYSA-N,376.588,6.016,7.76,0,0,13,3,3
CHEMBL1669483,c1ccc2c[n+](CCCCC[n+]3ccc4ccccc4c3)ccc2c1,0.7,chembal.csv,1,HRBRHVOBBAKORO-UHFFFAOYSA-N,328.459,4.439,7.76,0,0,6,4,4
CHEMBL1761995,c1ccc2c(c1)ccc[n+]2CCCCCCCC[n+]1cccc2ccccc21,0.7,chembal.csv,1,LGGRUTTWKKNPBL-UHFFFAOYSA-N,370.54,5.609,7.76,0,0,9,4,4
CHEMBL1642976,CC(C)(C)c1cc[n+](CCCCCCC[n+]2ccc(C(C)(C)C)cc2)cc1,0.7,chembal.csv,1,JKRDVRQPPOYWTL-UHFFFAOYSA-N,368.609,5.507,7.76,0,0,8,2,2
CHEMBL3093798,c1cc[n+](CCCCCCCCCCC[n+]2ccc3ccccc3c2)cc1,0.7,chembal.csv,1,XMIICGLXEFLORP-UHFFFAOYSA-N,362.561,5.626,7.76,0,0,12,3,3
CHEMBL1761999,C(=C\C[n+]1cccc2ccccc21)\C[n+]1cccc2ccccc21,0.8,chembal.csv,1,SDYUXZXBOSJBHM-WAYWQWQTSA-N,312.416,3.824,7.76,0,0,4,4,4
CHEMBL1081810,c1cc[n+](Cc2ccc3ccc(C[n+]4ccccc4)cc3c2)cc1,0.8,chembal.csv,1,JEZXOBKWCWPNSS-UHFFFAOYSA-N,312.416,3.511,7.76,0,0,4,4,4
CHEMBL69507,C[n+]1ccc2c(c1)[nH]c1ccccc12,0.8,chembal.csv,1,UDHBHTHWWOQPBW-UHFFFAOYSA-O,183.234,2.146,19.67,1,0,0,3,3
CHEMBL3910025,COc1ccc2nc(NCCc3cc[n+](Cc4c(F)cccc4F)cc3)sc2c1,0.826,chembal.csv,1,HNIRSKKACUNWIE-UHFFFAOYSA-N,412.485,4.574,38.03,1,4,7,4,4
CHEMBL3093803,c1cc[n+](CCCCCCCCCCC[n+]2cccc3ccccc32)cc1,0.9,chembal.csv,1,OPRFDSBJETWBSK-UHFFFAOYSA-N,362.561,5.626,7.76,0,0,12,3,3
CHEMBL1669492,c1cc(C[n+]2ccc3ccccc3c2)cc(C[n+]2ccc3ccccc3c2)c1,1,chembal.csv,1,SREHLCDERLVEFU-UHFFFAOYSA-N,362.476,4.665,7.76,0,0,4,5,5
CHEMBL3093794,c1cc[n+](CCCCCCC[n+]2ccc3ccccc3c2)cc1,1,chembal.csv,1,LYSYREGAWZUWGY-UHFFFAOYSA-N,306.453,4.066,7.76,0,0,8,3,3
CHEMBL4080358,CCN(CC)c1ccc(/C=C/c2ccc3ccccc3[n+]2C)c(Cl)c1,1,chembal.csv,1,FHBVLLLZGIEOFB-UHFFFAOYSA-N,351.901,5.334,7.12,0,1,5,3,3
CHEMBL5267972,COc1ccc2[nH]cc(CCNC(=O)CN(CCCCC3CCN(Cc4ccccc4)CC3)C(=O)c3cc(=O)c4ccccc4o3)c2c1,0.0119,chembal.csv,1,LHSUEACWFJGZKG-UHFFFAOYSA-N,648.804,6.167,107.88,2,6,14,6,5
CHEMBL5419428,Nc1nonc1-c1nc2ccccc2n1CC(=O)Nc1cc(Br)cc(C(F)(F)F)c1,0.0124,chembal.csv,1,LUEKRYFILGNLFU-UHFFFAOYSA-N,481.232,4.089,111.86,2,7,4,4,4
CHEMBL5093535,Nc1nonc1-c1nc2ccccc2n1CC(=O)Nc1cnc2ccccc2c1,0.016,chembal.csv,1,FPAMWJFOROLHQH-UHFFFAOYSA-N,385.387,2.855,124.75,2,8,4,5,5
CHEMBL5083469,Nc1nonc1-c1nc2ccccc2n1CC(=O)Nc1cccc2ccccc12,0.022,chembal.csv,1,OMUDLIQJKZUZCU-UHFFFAOYSA-N,384.399,3.46,111.86,2,7,4,5,5
CHEMBL5091958,Nc1nonc1-c1nc2ccccc2n1CC(=O)Nc1cccc([N+](=O)[O-])c1,0.025,chembal.csv,1,NGOMNLMIXONWQJ-UHFFFAOYSA-N,379.336,2.215,155,2,9,5,4,4
CHEMBL5433321,Nc1nonc1-c1nc2ccccc2n1CC(=O)Nc1cc(Br)cc(Br)c1,0.0278999999999999,chembal.csv,1,PLBHSDQNBMWSKU-UHFFFAOYSA-N,492.131,3.832,111.86,2,7,4,4,4
CHEMBL5409702,Nc1nonc1-c1nc2ccccc2n1CC(=O)Nc1cc(Cl)cc(Cl)c1,0.0304,chembal.csv,1,PTNCYBDSBAWRIM-UHFFFAOYSA-N,403.229,3.614,111.86,2,7,4,4,4
CHEMBL5086584,Nc1nonc1-c1nc2ccccc2n1CC(=O)Nc1ccc(Br)c2ccccc12,0.032,chembal.csv,1,YRSTYYUBSVOIMN-UHFFFAOYSA-N,463.295,4.223,111.86,2,7,4,5,5
CHEMBL5429305,Nc1nonc1-c1nc2ccccc2n1CC(=O)Nc1cc([N+](=O)[O-])cc([N+](=O)[O-])c1,0.0346,chembal.csv,1,SGNCDLWGLSRLPO-UHFFFAOYSA-N,424.333,2.124,198.14,2,11,6,4,4
CHEMBL5431464,Nc1nonc1-c1nc2ccccc2n1CC(=O)Nc1ccc(F)cc1Br,0.0357,chembal.csv,1,QTQQLLXQVBRMJG-UHFFFAOYSA-N,431.225,3.209,111.86,2,7,4,4,4
CHEMBL5435836,N#Cc1cc(Br)cc(NC(=O)Cn2c(-c3nonc3N)nc3ccccc32)c1,0.0452,chembal.csv,1,IFFSXCHPOGNWKL-UHFFFAOYSA-N,438.245,2.941,135.65,2,8,4,4,4
CHEMBL5430550,Nc1nonc1-c1nc2ccccc2n1CC(=O)Nc1cc(F)cc(Br)c1,0.0622,chembal.csv,1,XZYCKDDEZWEITK-UHFFFAOYSA-N,431.225,3.209,111.86,2,7,4,4,4
CHEMBL5432482,Nc1nonc1-c1nc2ccccc2n1CC(=O)Nc1cc([N+](=O)[O-])cc(C(F)(F)F)c1,0.0716,chembal.csv,1,XSZBUAMQMYUQSD-UHFFFAOYSA-N,447.333,3.234,155,2,9,5,4,4
CHEMBL5395594,Nc1nonc1-c1nc2ccccc2n1CC(=O)Nc1cc(Cl)cc(Br)c1,0.0757,chembal.csv,1,FRLLBJFWKYRHBQ-UHFFFAOYSA-N,447.68,3.723,111.86,2,7,4,4,4
CHEMBL5071095,Nc1nonc1-c1nc2ccccc2n1CC(=O)Nc1ccc([N+](=O)[O-])cc1,0.08,chembal.csv,1,WAUUCBKSBSQKCF-UHFFFAOYSA-N,379.336,2.215,155,2,9,5,4,4
CHEMBL5409016,N#Cc1cc(Cl)cc(NC(=O)Cn2c(-c3nonc3N)nc3ccccc32)c1,0.0839,chembal.csv,1,KZBZRHOMVBWNKL-UHFFFAOYSA-N,393.794,2.832,135.65,2,8,4,4,4
CHEMBL5409824,Cc1cc(Cl)cc(NC(=O)Cn2c(-c3nonc3N)nc3ccccc32)c1,0.101,chembal.csv,1,JUBJKJSNNNKCJX-UHFFFAOYSA-N,382.811,3.269,111.86,2,7,4,4,4
CHEMBL5428904,Nc1nonc1-c1nc2ccccc2n1CC(=O)Nc1cc(Cl)cc(C(F)(F)F)c1,0.113,chembal.csv,1,BTXUOKGSNSBXMC-UHFFFAOYSA-N,436.781,3.979,111.86,2,7,4,4,4
CHEMBL5091918,Nc1nonc1-c1nc2ccccc2n1CC(=O)Nc1cccc(Cl)c1,0.128,chembal.csv,1,DXPZZYLMEJOKPW-UHFFFAOYSA-N,368.784,2.961,111.86,2,7,4,4,4
CHEMBL5432696,Nc1nonc1-c1nc2ccccc2n1CC(=O)Nc1cc(F)cc(Cl)c1,0.155,chembal.csv,1,BMKONAGAIXPXOF-UHFFFAOYSA-N,386.774,3.1,111.86,2,7,4,4,4
CHEMBL5425608,Nc1nonc1-c1nc2ccccc2n1CC(=O)Nc1cc(F)cc(C(F)(F)F)c1,0.155,chembal.csv,1,JGOPXTSIOCHJAP-UHFFFAOYSA-N,420.326,3.465,111.86,2,7,4,4,4
CHEMBL5075797,COC(=O)c1cccc(NC(=O)Cn2c(-c3nonc3N)nc3ccccc32)c1,0.18,chembal.csv,1,XNOITEBPBCINOM-UHFFFAOYSA-N,392.375,2.094,138.16,2,9,5,4,4
CHEMBL5086764,Nc1nonc1-c1nc2ccccc2n1CC(=O)Nc1cccc(Br)c1,0.212,chembal.csv,1,FWDMEDDTTOUNCW-UHFFFAOYSA-N,413.235,3.07,111.86,2,7,4,4,4
CHEMBL5083855,Nc1nonc1-c1nc2ccccc2n1CC(=O)Nc1ccnc2ccccc12,0.212,chembal.csv,1,CTPAZDOHWRHEMS-UHFFFAOYSA-N,385.387,2.855,124.75,2,8,4,5,5
CHEMBL5428925,Cc1cc(Br)cc(NC(=O)Cn2c(-c3nonc3N)nc3ccccc32)c1,0.218,chembal.csv,1,JNBZYWYMAYTPOE-UHFFFAOYSA-N,427.262,3.378,111.86,2,7,4,4,4
CHEMBL5427974,COC(=O)c1cc(NC(=O)Cn2c(-c3nonc3N)nc3ccccc32)cc(C(=O)OC)c1,0.222,chembal.csv,1,PTQIUVLGXUYAIN-UHFFFAOYSA-N,450.411,1.88,164.46,2,11,6,4,4
CHEMBL5077099,N#Cc1cccc(NC(=O)Cn2c(-c3nonc3N)nc3ccccc32)c1,0.25,chembal.csv,1,VIRXJIPZZFSDOC-UHFFFAOYSA-N,359.349,2.179,135.65,2,8,4,4,4
CHEMBL5398901,Cc1cc(NC(=O)Cn2c(-c3nonc3N)nc3ccccc32)cc([N+](=O)[O-])c1,0.278,chembal.csv,1,NFXMNSONDSOGEK-UHFFFAOYSA-N,393.363,2.524,155,2,9,5,4,4
CHEMBL5408001,COc1cc(NC(=O)Cn2c(-c3nonc3N)nc3ccccc32)cc(OC)c1,0.309,chembal.csv,1,JKQZRBPODKZQGN-UHFFFAOYSA-N,394.391,2.324,130.32,2,9,6,4,4
CHEMBL4638758,Cc1ccc2cc(NC(=O)Cn3c(-c4nonc4N)nc4ccccc43)ccc2n1,0.32,chembal.csv,1,LESZNGMDDFKRPH-UHFFFAOYSA-N,399.414,3.164,124.75,2,8,4,5,5
CHEMBL5407914,Cc1cc(F)cc(NC(=O)Cn2c(-c3nonc3N)nc3ccccc32)c1,0.453,chembal.csv,1,PKNLXDCEFOGZKX-UHFFFAOYSA-N,366.356,2.755,111.86,2,7,4,4,4
CHEMBL5417887,Nc1nonc1-c1nc2ccccc2n1CC(=O)Nc1ccc([N+](=O)[O-])c(Br)c1,0.73,chembal.csv,1,AHFNASODICHIRA-UHFFFAOYSA-N,458.232,2.978,155,2,9,5,4,4
CHEMBL5408157,Nc1nonc1-c1nc2ccccc2n1CC(=O)Nc1ccc([N+](=O)[O-])c(Cl)c1,0.749,chembal.csv,1,WJROXZDPQLMOHT-UHFFFAOYSA-N,413.781,2.869,155,2,9,5,4,4
CHEMBL3422163,Cc1cc(C)cc(NC(=O)Cn2c(-c3nonc3N)nc3ccccc32)c1,0.885,chembal.csv,1,RZZZQERCJNXUSH-UHFFFAOYSA-N,362.393,2.924,111.86,2,7,4,4,4
CHEMBL5422749,Nc1nonc1-c1nc2ccccc2n1CC(=O)Nc1cc(C(F)(F)F)cc(C(F)(F)F)c1,0.935,chembal.csv,1,FXQJHNAVAJWPNX-UHFFFAOYSA-N,470.333,4.345,111.86,2,7,4,4,4
CHEMBL4541077,COc1ccc2[nH]cc(CCNC(=O)CN(CCCC3CCN(Cc4ccccc4)CC3)C(=O)/C=C/c3ccc(O)c(OC)c3)c2c1,0.0175,chembal.csv,1,XCEUHRXQIRAKKN-RVDMUPIBSA-N,638.809,5.784,107.13,3,6,15,5,4
CHEMBL4536838,COc1ccc2[nH]cc(CCNC(=O)CN(CCC3CCN(Cc4ccccc4)CC3)C(=O)/C=C/c3ccc(O)c(OC)c3)c2c1,0.0218,chembal.csv,1,YVKJKOIRYVRHGO-UKTHLTGXSA-N,624.782,5.394,107.13,3,6,14,5,4
CHEMBL3628065,COc1ccc2[nH]cc(CCNC(=O)c3cc[n+](Cc4ccc(OC(=O)N(C)C)cc4)cc3)c2c1,0.08,chembal.csv,1,TWXCFTFNVPGKKH-UHFFFAOYSA-O,473.553,3.545,87.54,2,4,8,4,4
CHEMBL4855760,COc1ccc2c3c1O[C@H]1C[C@@H](O)C=C[C@@]31CCN(CCCCc1cn(CCCC(=O)NCCc3c[nH]c4ccccc34)nn1)C2,0.209,chembal.csv,1,OCGOVZKWSYWPMO-DUDRRYTISA-N,624.786,4.455,117.53,3,8,13,7,4
CHEMBL3628053,O=C(NCCc1c[nH]c2ccccc12)c1ccc[n+](Cc2ccccc2)c1,0.28,chembal.csv,1,XTCDWNYHQKTJNJ-UHFFFAOYSA-O,356.449,3.476,48.77,2,1,6,4,4
CHEMBL3822670,Cc1ccc(CN2CCC(CC(=O)NCCc3c[nH]c4ccccc34)CC2)cc1,0.29,chembal.csv,1,AIGIECZGNBILAQ-UHFFFAOYSA-N,389.543,4.437,48.13,2,2,7,4,3
CHEMBL3628054,O=C(NCCc1c[nH]c2ccccc12)c1ccc[n+](Cc2ccccc2F)c1,0.34,chembal.csv,1,WOKFBJFPZQBCAA-UHFFFAOYSA-O,374.439,3.615,48.77,2,1,6,4,4
CHEMBL3822890,Cc1ccccc1CN1CCC(C(=O)NCCc2c[nH]c3ccccc23)CC1,0.4,chembal.csv,1,VQNHLBHTNLUGAW-UHFFFAOYSA-N,375.516,4.047,48.13,2,2,6,4,3
CHEMBL4852686,COc1ccc2[nH]cc(CCNC(=O)Cn3cc(CCCCN4CC[C@@]56C=C[C@H](O)C[C@@H]5Oc5c(OC)ccc(c56)C4)nn3)c2c1,0.554,chembal.csv,1,DUJZJMXOJAJFRY-HFYPTWNKSA-N,626.758,3.684,126.76,3,9,12,7,4
CHEMBL3628186,COc1ccc2[nH]cc(CCNC(=O)CCc3cc[n+](Cc4ccc(F)cc4)cc3)c2c1,0.65,chembal.csv,1,JVEWFCQGVVKAPN-UHFFFAOYSA-O,432.519,3.943,58,2,2,9,4,4
CHEMBL3628183,COc1ccc2[nH]cc(CCNC(=O)/C=C/c3cc[n+](Cc4ccc(F)cc4)cc3)c2c1,0.71,chembal.csv,1,MUDAHBDFKMPCDS-RUDMXATFSA-O,430.503,4.024,58,2,2,8,4,4
CHEMBL3628185,COc1ccc2[nH]cc(CCNC(=O)CCc3cc[n+](Cc4cccc(F)c4)cc3)c2c1,0.72,chembal.csv,1,WCJWNPHMFIVHJI-UHFFFAOYSA-O,432.519,3.943,58,2,2,9,4,4
CHEMBL3823464,Cc1cccc(CN2CCC(CC(=O)NCCc3c[nH]c4ccccc34)CC2)c1,0.85,chembal.csv,1,QZHMJQWRHNORFP-UHFFFAOYSA-N,389.543,4.437,48.13,2,2,7,4,3
CHEMBL3628184,COc1ccc2[nH]cc(CCNC(=O)CCc3cc[n+](Cc4ccccc4F)cc3)c2c1,0.86,chembal.csv,1,CQFNFESVGNSYPU-UHFFFAOYSA-O,432.519,3.943,58,2,2,9,4,4
CHEMBL4871815,COc1ccc2c3c1O[C@H]1C[C@@H](O)C=C[C@@]31CCN(CCCCc1cn(CC(=O)NCCc3c[nH]c4ccccc34)nn1)C2,0.907,chembal.csv,1,GLSRNLVTJIASQO-MQHRBSSMSA-N,596.732,3.675,117.53,3,8,11,7,4
CHEMBL3822559,O=C(CC1CCN(Cc2ccccc2)CC1)NCCc1c[nH]c2ccccc12,0.95,chembal.csv,1,PDZMHDSORBHDFP-UHFFFAOYSA-N,375.516,4.129,48.13,2,2,7,4,3
CHEMBL4849427,COc1ccc2[nH]cc(CCNC(=O)CCCCn3cc(CCCCN4CC[C@@]56C=C[C@H](O)C[C@@H]5Oc5c(OC)ccc(c56)C4)nn3)c2c1,0.963,chembal.csv,1,GRGRSPYUJIFMHC-AEOVLEPASA-N,668.839,4.854,126.76,3,9,15,7,4
CHEMBL4537026,O=C(Nc1cccc(-c2cn(CCNc3c4c(nc5ccccc35)CCCC4)nn2)n1)Nc1cccc2c1C1CCCCN1C2=O,0.0211,chembal.csv,1,JRYNVBKKSAGWOO-UHFFFAOYSA-N,613.726,6.204,129.96,3,8,7,8,5
CHEMBL4278164,COC(=O)c1sc(-c2ccnc(NC(=O)C3CC3)c2)nc1OCCNc1c2c(nc3ccccc13)CCCC2,0.028,chembal.csv,1,XZBJACSADMRYGX-UHFFFAOYSA-N,543.649,5.258,115.33,2,9,9,6,4
CHEMBL4787590,CNC(=O)c1sc(-c2ccnc(NC(=O)C3CC3)c2)nc1OCCc1cn(CCNc2c3c(nc4ccc(OC)cc24)CCCC3)nn1,0.0375,chembal.csv,1,PZSHIDRCFNBVAW-UHFFFAOYSA-N,667.796,4.674,158.07,3,12,13,7,5
CHEMBL4593316,O=C(Nc1cc(CCc2cn(CCNc3c4c(nc5ccccc35)CCCC4)nn2)ccn1)Nc1cccc2c1C1CCCCN1C2=O,0.0657,chembal.csv,1,ZETZOOFGTLYZGU-UHFFFAOYSA-N,641.78,6.322,129.96,3,8,9,8,5
CHEMBL4516356,O=C(Nc1cc(COCc2cn(CCNc3c4c(nc5ccccc35)CCCC4)nn2)ccn1)Nc1cccc2c1C1CCCCN1C2=O,0.169,chembal.csv,1,IDMGTGWKKYHBFA-UHFFFAOYSA-N,657.779,6.254,139.19,3,9,10,8,5
CHEMBL4760288,CNC(=O)c1sc(-c2ccnc(NC(=O)C3CC3)c2)nc1OCCCc1cn(CCNc2c3c(nc4ccccc24)CCCC3)nn1,0.17,chembal.csv,1,ALRPJVIDEJKLDX-UHFFFAOYSA-N,651.797,5.055,148.84,3,11,13,7,5
CHEMBL4583650,O=C(Nc1ccc(-c2cn(CCNc3c4c(nc5ccccc35)CCCC4)nn2)cn1)Nc1cccc2c1C1CCCCN1C2=O,0.185,chembal.csv,1,OUNZLBTXEMRQQC-UHFFFAOYSA-N,613.726,6.204,129.96,3,8,7,8,5
CHEMBL4777926,CNC(=O)c1sc(-c2ccnc(NC(=O)C3CC3)c2)nc1OCCOCc1cn(-c2c3c(nc4ccccc24)CCCC3)nn1,0.2,chembal.csv,1,NQJDLURKQPSDCR-UHFFFAOYSA-N,624.727,4.517,146.04,2,11,11,7,5
CHEMBL4446287,CN(Cc1ccnc(NC(=O)Nc2cccc3c2C2CCCCN2C3=O)c1)Cc1cn(CCNc2c3c(nc4ccccc24)CCCC3)nn1,0.206,chembal.csv,1,JFZKYPJKWAMWMK-UHFFFAOYSA-N,670.822,6.169,133.2,3,9,10,8,5
CHEMBL4443468,O=C(Nc1cc(-c2cn(CCNc3c4c(nc5ccccc35)CCCC4)nn2)ccn1)Nc1cccc2c1[C@@H]1CCCCN1C2=O,0.254,chembal.csv,1,BNBWNJAILLASJW-PMERELPUSA-N,613.726,6.204,129.96,3,8,7,8,5
CHEMBL4796602,CNC(=O)c1sc(-c2ccnc(NC(=O)C3CC3)c2)nc1OCCc1cn(CCNc2c3c(nc4ccccc24)CCCC3)nn1,0.3,chembal.csv,1,RHAOFYGYWYBRSI-UHFFFAOYSA-N,637.77,4.665,148.84,3,11,12,7,5
CHEMBL4559936,O=C(Nc1cc(-c2cn(CCNc3c4c(nc5ccccc35)CCCC4)nn2)ccn1)Nc1cccc2c1C1CCCCN1C2=O,0.301,chembal.csv,1,BNBWNJAILLASJW-UHFFFAOYSA-N,613.726,6.204,129.96,3,8,7,8,5
CHEMBL4779478,CNC(=O)c1sc(-c2ccnc(NC(=O)C3CC3)c2)nc1OCCOCc1cn(CCNc2c3c(nc4ccccc24)CCCC3)nn1,0.36,chembal.csv,1,CLNWLUWTLQVFCS-UHFFFAOYSA-N,667.796,4.639,158.07,3,12,14,7,5
CHEMBL4443989,O=C(Nc1cc(-c2cn(CCNc3c4c(nc5ccccc35)CCCC4)nn2)ccn1)Nc1cccc2c1[C@H]1CCCCN1C2=O,0.395,chembal.csv,1,BNBWNJAILLASJW-SSEXGKCCSA-N,613.726,6.204,129.96,3,8,7,8,5
CHEMBL4293305,O=C(O)c1sc(-c2ccnc(NC(=O)C3CC3)c2)nc1OCCNc1c2c(nc3ccccc13)CCCC2,0.45,chembal.csv,1,GFBYPYUSXALYJS-UHFFFAOYSA-N,529.622,5.17,126.33,3,8,9,6,4
CHEMBL4791286,CNC(=O)c1sc(-c2ccnc(NC(=O)C3CC3)c2)nc1OCCc1cn(-c2c3c(nc4ccccc24)CCCC3)nn1,0.6,chembal.csv,1,GYRWNPFZHGOCEC-UHFFFAOYSA-N,594.701,4.542,136.81,2,10,9,7,5
CHEMBL4285481,CCOC(=O)c1sc(-c2ccnc(NC(=O)C3CC3)c2)nc1OCCNc1c2c(nc3ccccc13)CCCC2,0.61,chembal.csv,1,XSHPNZOYFVHBMS-UHFFFAOYSA-N,557.676,5.648,115.33,2,9,10,6,4
CHEMBL4747410,NC(=O)c1sc(-c2ccnc(NC(=O)C3CC3)c2)nc1OCCc1cn(-c2c3c(nc4ccccc24)CCCC3)nn1,1,chembal.csv,1,ZLMGZYYGAKQJDG-UHFFFAOYSA-N,580.674,4.282,150.8,2,10,9,7,5
CHEMBL4799661,CNC(=O)c1sc(-c2ccnc(NC(=O)C3CC3)c2)nc1OCCOCc1cn(CCNc2c3c(nc4ccc(OC)cc24)CCCC3)nn1,1,chembal.csv,1,LKEOOWHDPSGWCX-UHFFFAOYSA-N,697.822,4.648,167.3,3,13,15,7,5
CHEMBL4744911,CNC(=O)c1sc(-c2ccnc(NC(=O)C3CC3)c2)nc1OCCCc1cn(CCNc2c3c(nc4ccc(OC)cc24)CCCC3)nn1,1,chembal.csv,1,VEPADBWHHYYHHW-UHFFFAOYSA-N,681.823,5.064,158.07,3,12,14,7,5
CHEMBL4756424,CNC(=O)c1sc(-c2ccnc(NC(=O)C3CC3)c2)nc1OCCOCc1cn(CCNc2c3c(nc4cc(Cl)ccc24)CCCC3)nn1,1,chembal.csv,1,LBZYUTMWCPFGPD-UHFFFAOYSA-N,702.241,5.293,158.07,3,12,14,7,5
CHEMBL4741219,CNC(=O)c1sc(-c2ccnc(NC(=O)C3CC3)c2)nc1OCCc1cn(CCNc2c3c(nc4cc(Cl)ccc24)CCCC3)nn1,1,chembal.csv,1,YMBIMUZYHSNFFG-UHFFFAOYSA-N,672.215,5.319,148.84,3,11,12,7,5
CHEMBL13122,CN(C)Cc1ccc(CSCCNc2cc(NCCSCc3ccc(CN(C)C)o3)c([N+](=O)[O-])cc2[N+](=O)[O-])o1,0.025,chembal.csv,1,OVYGDFDMZNYEGZ-UHFFFAOYSA-N,592.744,5.503,143.1,2,12,18,3,3
CHEMBL418712,CN(C)Cc1ccc(CSCCCCCCCCCSCc2ccc(CN(C)C)o2)o1,1,chembal.csv,1,MYTVLVZQXNODTK-UHFFFAOYSA-N,466.757,6.893,32.76,0,6,18,2,2
CHEMBL4441059,O=[N+]([O-])c1ccc(-n2cc(COc3ccc(/C=N/Nc4c5c(nc6ccccc46)CCCC5)cc3)nn2)cc1,0.0256,chembal.csv,1,HUDWJNHJOKPRKI-OCSSWDANSA-N,519.565,5.628,120.36,1,9,8,6,5
CHEMBL4466829,C(=N/Nc1c2c(nc3ccccc13)CCCC2)\c1ccc(OCc2cn(Cc3ccccc3)nn2)cc1,0.0361,chembal.csv,1,UPFUAMRNRBIMEV-FDAWAROLSA-N,488.595,5.778,77.22,1,7,8,6,5
CHEMBL4444030,NS(=O)(=O)c1ccc(-n2cc(COc3ccc(/C=N/Nc4c5c(nc6ccccc46)CCCC5)cc3)nn2)cc1,0.0389,chembal.csv,1,DVNIYUWNPGFHPL-KBVAKVRCSA-N,553.648,4.367,137.38,2,9,8,6,5
CHEMBL4447258,O=[N+]([O-])c1cccc(-n2cc(COc3ccc(/C=N/Nc4c5c(nc6ccccc46)CCCC5)cc3)nn2)c1,0.0482,chembal.csv,1,VNUMIBCAIFARQP-OCSSWDANSA-N,519.565,5.628,120.36,1,9,8,6,5
CHEMBL4445026,C(=N/Nc1c2c(nc3ccccc13)CCCC2)\c1ccc(OCc2cn(-c3ccccc3)nn2)cc1,0.054,chembal.csv,1,UWFZXJWPNDCUOE-UXHLAJHPSA-N,474.568,5.719,77.22,1,7,7,6,5
CHEMBL4443988,Clc1ccc(-n2cc(COc3ccc(/C=N/Nc4c5c(nc6ccccc46)CCCC5)cc3)nn2)cc1,0.0678,chembal.csv,1,MZMUBKIIIBTNQJ-KBVAKVRCSA-N,509.013,6.373,77.22,1,7,7,6,5
CHEMBL4553902,COc1ccc(-n2cc(COc3ccc(/C=N/Nc4c5c(nc6ccccc46)CCCC5)cc3)nn2)cc1,0.0682,chembal.csv,1,QOCIGUHOSOHOPZ-FDAWAROLSA-N,504.594,5.728,86.45,1,8,8,6,5
CHEMBL4592037,Cc1ccc(-n2cc(COc3ccc(/C=N/Nc4c5c(nc6ccccc46)CCCC5)cc3)nn2)cc1,0.0757,chembal.csv,1,LCNLCVGYIKOJAW-FDAWAROLSA-N,488.595,6.028,77.22,1,7,7,6,5
CHEMBL4526428,Brc1ccc(-n2cc(COc3ccc(/C=N/Nc4c5c(nc6ccccc46)CCCC5)cc3)nn2)cc1,0.0926,chembal.csv,1,FSMUMZKUQDJOPV-KBVAKVRCSA-N,553.464,6.482,77.22,1,7,7,6,5
CHEMBL4542112,C#CCOc1ccc(/C=N/Nc2c3c(nc4ccccc24)CCCC3)cc1,0.11,chembal.csv,1,CAUGRGPIGSATHE-LFVJCYFKSA-N,355.441,4.572,46.51,1,4,5,4,3
CHEMBL4557164,O=C(O)c1ccc(-n2cc(COc3ccc(/C=N/Nc4c5c(nc6ccccc46)CCCC5)cc3)nn2)cc1,0.304,chembal.csv,1,WVIMROQHKDFMRR-KBVAKVRCSA-N,518.577,5.418,114.52,2,8,8,6,5
CHEMBL2160234,COc1cc(OC)cc(C(=O)c2c(-c3cccc(OCCCCCCCN(C)Cc4ccccc4)c3)oc3ccccc23)c1,0.048,chembal.csv,1,XCTJCWVRAHAEPF-UHFFFAOYSA-N,591.748,8.809,61.14,0,6,16,5,5
CHEMBL224469,CN(CCCCCCCCOc1ccc2c(=O)c3ccccc3oc2c1)Cc1ccccc1,0.08,chembal.csv,1,QDZBIUGFNUHGNM-UHFFFAOYSA-N,443.587,6.798,42.68,0,4,12,4,4
CHEMBL390598,CN(CCCCCCCCCCOc1ccc2c(=O)c3ccccc3oc2c1)Cc1ccccc1,0.1,chembal.csv,1,YOTLTNQICYMZSI-UHFFFAOYSA-N,471.641,7.578,42.68,0,4,14,4,4
CHEMBL427090,CN(CCCCCCCCCOc1ccc2c(=O)c3ccccc3oc2c1)Cc1ccccc1,0.1,chembal.csv,1,QDYNPKJXQNLYFL-UHFFFAOYSA-N,457.614,7.188,42.68,0,4,13,4,4
CHEMBL224347,CN(CCCCCCCCCCCOc1ccc2c(=O)c3ccccc3oc2c1)Cc1ccccc1,0.12,chembal.csv,1,GQHNOERJFAPKTD-UHFFFAOYSA-N,485.668,7.968,42.68,0,4,15,4,4
CHEMBL224555,CN(CCCCCCCCCCCCOc1ccc2c(=O)c3ccccc3oc2c1)Cc1ccccc1,0.15,chembal.csv,1,JLVUWPGHBWDHKA-UHFFFAOYSA-N,499.695,8.358,42.68,0,4,16,4,4
CHEMBL497755,CN(CCCCCCCOc1ccc(-c2cc3ccccc3o2)cc1)Cc1ccccc1,0.28,chembal.csv,1,NLIRDIJPNPPVES-UHFFFAOYSA-N,427.588,7.561,25.61,0,3,12,4,4
CHEMBL2160228,Cc1cccc(C(=O)c2c(-c3cccc(OCCCCCCCN(C)Cc4ccccc4)c3)oc3ccccc23)c1,0.4,chembal.csv,1,SZKDUJMZXBJYTO-UHFFFAOYSA-N,545.723,9.101,42.68,0,4,14,5,5
CHEMBL224433,CN(CCCCCCCOc1ccc2c(=O)c3ccccc3oc2c1)Cc1ccccc1,0.8,chembal.csv,1,JUEPMIFCYDBLJZ-UHFFFAOYSA-N,429.56,6.408,42.68,0,4,11,4,4
CHEMBL2160226,CNC(=O)Oc1cccc(CN(C)CCCCCCCOc2ccc(-c3oc4ccccc4c3C(=O)c3ccc(C)cc3)cc2)c1,0.88,chembal.csv,1,AQUBWCPEKBRMKW-UHFFFAOYSA-N,618.774,8.819,81.01,1,6,15,5,5
CHEMBL376186,COc1ccccc1CN(C)CCCCCCCOc1ccc2c(=O)c3ccccc3oc2c1,0.93,chembal.csv,1,HCYIWPLGUFGDSL-UHFFFAOYSA-N,459.586,6.416,51.91,0,5,12,4,4
CHEMBL3586582,Cc1c(C)c2ccc(OCCCCCCN(C)Cc3ccccc3)cc2oc1=O,0.95,chembal.csv,1,QGRBYVLSFDOHSR-UHFFFAOYSA-N,393.527,5.481,42.68,0,4,10,3,3
CHEMBL387849,COc1ccc(CN(C)CCCCCCCOc2ccc3c(=O)c4ccccc4oc3c2)c(OC)c1OC,1,chembal.csv,1,REWCJCPIBSBYNB-UHFFFAOYSA-N,519.638,6.433,70.37,0,7,14,4,4
CHEMBL5409365,FC(F)(F)c1ccc(-c2nnc(CNC3CCN(Cc4ccccc4)C3)o2)cc1,0.074,chembal.csv,1,FKBZPOPRHZPSRO-UHFFFAOYSA-N,402.42,4.12,54.19,1,5,6,4,3
CHEMBL4793341,FC(F)(F)Oc1ccc(CNC2CCN(Cc3ccccc3)C2)cc1,0.082,chembal.csv,1,RLLGGQDQUFVCQL-UHFFFAOYSA-N,350.384,3.949,24.5,1,3,6,3,2
CHEMBL5203291,CC1=C(NC2CCN(Cc3ccccc3)CC2)C(=O)c2ccccc2C1=O,0.0957,chembal.csv,1,DDAKLCVNBJVDEK-UHFFFAOYSA-N,360.457,3.594,49.41,1,4,4,4,2
CHEMBL4752715,Fc1ccc(CNC2CCN(Cc3ccccc3)C2)c(F)c1,0.127,chembal.csv,1,GZGCQOBTRUVMOI-UHFFFAOYSA-N,302.368,3.329,15.27,1,2,5,3,2
CHEMBL4760651,Clc1ccc(CNC2CCN(Cc3ccccc3)C2)cc1,0.265,chembal.csv,1,CMDAIEIUZXBLAW-UHFFFAOYSA-N,300.833,3.704,15.27,1,2,5,3,2
CHEMBL4755226,FC(F)(F)Oc1ccc(/C=N\C2CCN(Cc3ccccc3)C2)cc1,0.695,chembal.csv,1,JSWKVMGDOWLBIK-FMCGGJTJSA-N,348.368,4.279,24.83,0,3,5,3,2
CHEMBL4741398,Brc1ccc(CNC2CCN(Cc3ccccc3)C2)cc1,0.758,chembal.csv,1,KAXBOKVMLFLTDR-UHFFFAOYSA-N,345.284,3.813,15.27,1,2,5,3,2
CHEMBL4749704,Fc1ccc(CNC2CCN(Cc3ccccc3)C2)cc1,0.791,chembal.csv,1,IQOXJBXAAJLNTO-UHFFFAOYSA-N,284.378,3.19,15.27,1,2,5,3,2
CHEMBL4761542,FC(F)(F)c1ccc(CNC2CCN(Cc3ccccc3)C2)cc1,0.968,chembal.csv,1,HHNLYSCYFKASFN-UHFFFAOYSA-N,334.385,4.07,15.27,1,2,5,3,2
162654327,FC(F)(F)Oc1ccc(C=NC2CCN(Cc3ccccc3)C2)cc1,0.695,pubchem.csv,1,JSWKVMGDOWLBIK-UHFFFAOYSA-N,348.368,4.279,24.83,0,3,5,3,2
CHEMBL263785,CCCOc1ccccc1C[N+](C)(CC)CCCCCC(=O)N(C)CCCCCCCCN(C)C(=O)CCCCC[N+](C)(CC)Cc1ccccc1OCCC,0.08318,chembal.csv,1,LXMBFDTVWSEIPZ-UHFFFAOYSA-N,781.224,10.276,59.08,0,4,33,2,2
CHEMBL368075,CCCOc1ccccc1CN(CC)CCCCCC(=O)N(C)CCCCCCCCN(C)C(=O)CCCCCN(CC)Cc1ccccc1OCCC,0.16596,chembal.csv,1,ICLMGHKDENGQSK-UHFFFAOYSA-N,751.154,9.986,65.56,0,6,33,2,2
CHEMBL4847981,COc1ccccc1CNC[C@H](O)[C@H](Cc1ccccc1)NC(=O)CC(c1ccccc1)c1ccccc1,0.35,chembal.csv,1,WOKVMEHUXJOESF-CONSDPRKSA-N,508.662,5.095,70.59,3,4,13,4,4
CHEMBL4870994,COc1ccccc1CNC[C@H](O)[C@H](Cc1ccccc1)NC(=O)C(c1ccccc1)c1ccccc1,0.54,chembal.csv,1,MNFKVBXMVYFICG-VMPREFPWSA-N,494.635,4.705,70.59,3,4,12,4,4
CHEMBL4867049,COc1ccccc1CNC[C@H](O)[C@H](Cc1ccccc1)NCC(c1ccccc1)c1ccccc1,0.58,chembal.csv,1,DKIXHOZZKOEROH-CONSDPRKSA-N,480.652,5.179,53.52,3,4,13,4,4
CHEMBL4591636,COc1ccccc1CN1CCN(CCCCCOc2cccc3[nH]c4ccccc4c23)CC1,0.6,chembal.csv,1,LEPYXEMBDAEDMH-UHFFFAOYSA-N,457.618,5.697,40.73,1,4,10,5,4
CHEMBL221992,CC[N+](C)(CCCCCC(=O)N1CCC(CCCC2CCN(C(=O)CCCCC[N+](C)(CC)Cc3ccccc3OC)CC2)CC1)Cc1ccccc1OC,0.66069,chembal.csv,1,JJSKTTNIOYMAJG-UHFFFAOYSA-N,763.165,9.105,59.08,0,4,24,4,2
CHEMBL172442,CC[N+](C)(CCCCCCOCCCCCCCCOCCCCCC[N+](C)(CC)Cc1ccccc1OC)Cc1ccccc1OC,0.75858,chembal.csv,1,AZORUJDKIYXDQJ-UHFFFAOYSA-N,671.064,9.832,36.92,0,4,31,2,2
CHEMBL4878052,COc1ccccc1CNC[C@H](O)[C@H](Cc1ccccc1)NCCC(c1ccccc1)c1ccccc1,0.8,chembal.csv,1,JGHKFGWGQMDYBE-ACHIHNKUSA-N,494.679,5.569,53.52,3,4,14,4,4
CHEMBL174710,COc1ccccc1CN(CCCCCC(=O)N(C)CCCCCCCCN(C)C(=O)CCCCCN(Cc1ccccc1OC)C(C)C)C(C)C,0.87096,chembal.csv,1,HCMYZQSCTADARC-UHFFFAOYSA-N,723.1,9.203,65.56,0,6,29,2,2
CHEMBL500996,COc1ccccc1CNCCCCCCNCCCCCCCCNCCCCCCNCc1ccccc1OC,0.97724,chembal.csv,1,RPMBYDYUVKEZJA-UHFFFAOYSA-N,582.918,7.224,66.58,4,6,29,2,2
CHEMBL452339,CCN(CCCCCCn1c(=O)c(=O)n(CCCCCCN(CC)Cc2ccccc2OC)c2ccccc21)Cc1ccccc1OC,0.0958,chembal.csv,1,DKVWATCLAJZDGY-UHFFFAOYSA-N,656.912,7.345,68.94,0,8,22,4,4
CHEMBL231160,CCN(CCCCCCNC1=CC(=O)C(NCCCCCCN(CC)Cc2ccccc2OC)=CC1=O)Cc1ccccc1OC,0.144,chembal.csv,1,VPXVPJQOPRBXPO-UHFFFAOYSA-N,632.89,6.267,83.14,2,8,24,3,2
CHEMBL507304,CCN(CCCCCCN1C(=O)c2ccc(-c3ccc4c(c3)C(=O)N(CCCCCCN(CC)Cc3ccccc3OC)C4=O)cc2C1=O)Cc1ccccc1OC,0.293,chembal.csv,1,BLQXTZGJGNTPNF-UHFFFAOYSA-N,787.014,8.728,99.7,0,8,23,6,4
CHEMBL1940614,CCN(CCCCCCNC1=CC(=O)C(C)=C(C)C1=O)Cc1ccccc1OC,0.314,chembal.csv,1,ASNWOHSUKKNPGO-UHFFFAOYSA-N,398.547,4.039,58.64,1,5,12,2,1
CHEMBL224553,CCN(CCCCCCCOc1ccc2c(=O)c3ccccc3oc2c1)Cc1ccccc1OC,0.32,chembal.csv,1,APQVLCHKJANNBN-UHFFFAOYSA-N,473.613,6.806,51.91,0,5,13,4,4
CHEMBL488590,CCN(CCCCCCN1C(=O)c2cccc3cccc(c23)C1=O)Cc1ccccc1OC,0.416,chembal.csv,1,DXPIHMLIHBJICH-UHFFFAOYSA-N,444.575,5.527,49.85,0,4,11,4,3
CHEMBL243269,CCN(CCCCCCNC1=C(C)C(=O)C(NCCCCCCN(CC)Cc2ccccc2OC)=C(C)C1=O)Cc1ccccc1OC,0.462,chembal.csv,1,LHWJPLLEASADRZ-UHFFFAOYSA-N,660.944,7.048,83.14,2,8,24,3,2
CHEMBL230434,CCN(CCCCCCNc1ccc(NCCCCCCN(CC)Cc2ccccc2OC)cc1)Cc1ccccc1OC,0.505,chembal.csv,1,LDVMPEHILZZOPY-UHFFFAOYSA-N,602.908,8.693,49,2,6,24,3,3
CHEMBL394348,CCN(CCCCCCNC1=CC(=O)C(NCCCCCCN(CC)CCc2ccccc2OC)=CC1=O)CCc1ccccc1OC,0.518,chembal.csv,1,RDLNLBPKLFQKGQ-UHFFFAOYSA-N,660.944,6.352,83.14,2,8,26,3,2
CHEMBL218443,CCN(CCCCCCNC1=CC(=O)C(NCCCCCCN(CC)Cc2ccccc2)=CC1=O)Cc1ccccc1,0.645,chembal.csv,1,KBWUBMMFRHZIRD-UHFFFAOYSA-N,572.838,6.25,64.68,2,6,22,3,2
CHEMBL242836,COc1ccccc1CN(CCCCCCNC1=CC(=O)C(NCCCCCCN(Cc2ccccc2OC)C(C)C)=CC1=O)C(C)C,0.66,chembal.csv,1,JLHSATALQPHQDC-UHFFFAOYSA-N,660.944,7.044,83.14,2,8,24,3,2
CHEMBL243062,CCN(CCCCCCNC1=C(Br)C(=O)C(NCCCCCCN(CC)Cc2ccccc2OC)=C(Br)C1=O)Cc1ccccc1OC,0.696,chembal.csv,1,UNBNSDOHDINFJF-UHFFFAOYSA-N,790.682,7.713,83.14,2,8,24,3,2
CHEMBL243056,CCN(CCCCCCNC1=C(Cl)C(=O)C(NCCCCCCN(CC)Cc2ccccc2OC)=C(Cl)C1=O)Cc1ccccc1OC,0.8,chembal.csv,1,OJNIVWNIMGRIAQ-UHFFFAOYSA-N,701.78,7.4,83.14,2,8,24,3,2
CHEMBL449941,CCN(CCCCCCN1CCN(CCCCCCN(CC)Cc2ccccc2OC)C1=O)Cc1ccccc1OC,0.876,chembal.csv,1,AHIBLNIHLALZKU-UHFFFAOYSA-N,580.858,6.906,48.49,0,5,22,3,2
CHEMBL556581,CCN(CCCCCCNC1=CC(=O)C(NCCCCCCN(CC)[C@@H](C)c2ccccc2OC)=CC1=O)[C@@H](C)c1ccccc1OC,0.958,chembal.csv,1,XVOJAMVHTPQUCR-ACHIHNKUSA-N,660.944,7.389,83.14,2,8,24,3,2
CHEMBL555300,CCN(CCCCCCNC1=CC(=O)C(NCCCCCCN(CC)[C@@H](C)c2ccccc2OC)=CC1=O)[C@H](C)c1ccccc1OC,0.982,chembal.csv,1,XVOJAMVHTPQUCR-MEKGRNQZSA-N,660.944,7.389,83.14,2,8,24,3,2
CHEMBL5088077,COc1c2c(cc3c1OCO3)[C@]13C=C[C@H](OC)C[C@H]1N(C2)C[C@H]3OC(=O)c1cccc2ccccc12,0.1,chembal.csv,1,UJJQSJGABQDJMQ-UGQOYBTKSA-N,485.536,4.213,66.46,0,7,4,7,3
CHEMBL4648132,COc1c2c(cc3c1OCO3)[C@]13C=C[C@H](OC)C[C@@H]1[N@](C2)C[C@H]3OC(=O)c1cccc2ccccc12,0.1,chembal.csv,1,UJJQSJGABQDJMQ-WIOXQITCSA-N,485.536,4.213,66.46,0,7,4,7,3
CHEMBL4640945,COc1c2c(cc3c1OCO3)[C@]13C=C[C@H](OC)C[C@@H]1[N@](C2)C[C@H]3OC(=O)c1ccccc1C,0.28,chembal.csv,1,HWSORANVUWOHGI-ZCDUZLAESA-N,449.503,3.368,66.46,0,7,4,6,2
CHEMBL4644410,COc1ccccc1C(=O)O[C@@H]1C[N@@]2Cc3c(cc4c(c3OC)OCO4)[C@@]13C=C[C@H](OC)C[C@H]23,0.43,chembal.csv,1,KPQIGUOJWACERQ-UWSLFPQHSA-N,465.502,3.069,75.69,0,8,5,6,2
CHEMBL4640168,COc1c2c(cc3c1OCO3)[C@]13C=C[C@H](OC)C[C@@H]1[N@](C2)C[C@H]3OC(=O)c1cccc(C)c1,0.86,chembal.csv,1,RWPMOFHNKBIUEY-OHBSULSQSA-N,449.503,3.368,66.46,0,7,4,6,2
CHEMBL5172666,CC(C)CN(Cc1csc(COc2ccc(F)cc2)n1)C(=O)c1ccc2c(c1)OCO2,0.13,chembal.csv,1,HFRZJOXEZTXXPW-UHFFFAOYSA-N,442.512,4.888,60.89,0,6,8,4,3
CHEMBL5207646,CC(C)CN(Cc1csc(COc2ccc(Cl)cc2)n1)C(=O)c1ccc2c(c1)OCO2,0.24,chembal.csv,1,GAGHNGJPSARTCJ-UHFFFAOYSA-N,458.967,5.403,60.89,0,6,8,4,3
CHEMBL5188242,Cc1ccc(OCc2nc(CN(CC(C)C)C(=O)c3cccc(Cl)c3)cs2)cc1,0.86,chembal.csv,1,QWHRQWXCIOHBMQ-UHFFFAOYSA-N,428.985,5.982,42.43,0,4,8,3,3
CHEMBL5203782,COc1cccc(C(=O)N(Cc2csc(COc3ccc(C)cc3)n2)CC(C)C)c1,0.97,chembal.csv,1,IESMKCWECFHKKA-UHFFFAOYSA-N,424.566,5.338,51.66,0,5,9,3,3
CHEMBL4800558,CCOC(=O)c1c(C)nc(N2CCN(S(=O)(=O)c3ccc(N)c(Cl)c3)CC2)nc1-c1ccccc1,0.13732,chembal.csv,1,KLAAIIPDIASOQN-UHFFFAOYSA-N,516.023,3.375,118.72,1,8,6,4,3
CHEMBL4800002,CCOC(=O)c1c(C)nc(N2CCN(S(=O)(=O)c3ccc(N)c(Cl)c3)CC2)nc1-c1ccc(OC)c(OC)c1,0.1533,chembal.csv,1,MHPCSPHWKNFDTR-UHFFFAOYSA-N,576.075,3.392,137.18,1,10,8,4,3
CHEMBL4749805,CCOC(=O)c1c(C)nc(N2CCN(S(=O)(=O)c3ccc(NC(C)=O)c(Cl)c3)CC2)nc1-c1ccccc1,0.15551,chembal.csv,1,IINXCVBTZBRIPU-UHFFFAOYSA-N,558.06,3.751,121.8,1,8,7,4,3
CHEMBL4779365,CCOC(=O)c1c(C)nc(N2CCN(S(=O)(=O)c3ccc(N)c(F)c3)CC2)nc1-c1ccc(OC)cc1,0.1566,chembal.csv,1,JZZKNAKGIFRGQU-UHFFFAOYSA-N,529.594,2.87,127.95,1,9,7,4,3
CHEMBL4790766,CCOC(=O)c1c(C)nc(N2CCN(S(=O)(=O)c3ccc(NC(C)=O)c(Cl)c3)CC2)nc1-c1ccc(OC)c(OC)c1,0.15943,chembal.csv,1,IBSHITWLGHMGMC-UHFFFAOYSA-N,618.112,3.769,140.26,1,10,9,4,3
CHEMBL4764274,CCOC(=O)c1c(C)nc(N2CCN(S(=O)(=O)c3ccc(NC(C)=O)cc3)CC2)nc1-c1ccc(OC)c(OC)c1,0.1675,chembal.csv,1,OPRGGLBAGJZESP-UHFFFAOYSA-N,583.667,3.115,140.26,1,10,9,4,3
CHEMBL4797974,CCOC(=O)c1c(C)nc(N2CCN(S(=O)(=O)c3ccc(NC(C)=O)c(F)c3)CC2)nc1-c1ccc(OC)cc1,0.1679,chembal.csv,1,LKVRDQOTUSDFNR-UHFFFAOYSA-N,571.631,3.246,131.03,1,9,8,4,3
CHEMBL4792354,CCOC(=O)c1c(C)nc(N2CCN(S(=O)(=O)c3ccc(N)c(F)c3)CC2)nc1-c1ccc(OC)c(OC)c1,0.1765,chembal.csv,1,JJLWDJAUAHXDSQ-UHFFFAOYSA-N,559.62,2.878,137.18,1,10,8,4,3
CHEMBL4743674,CCOC(=O)c1c(C)nc(N2CCN(S(=O)(=O)c3ccc(N)c(Cl)c3)CC2)nc1-c1ccc(OC)cc1,0.17816,chembal.csv,1,QFVCRJLKNQUTQR-UHFFFAOYSA-N,546.049,3.384,127.95,1,9,7,4,3
CHEMBL4777023,CCOC(=O)c1c(C)nc(N2CCN(S(=O)(=O)c3ccc(NC(C)=O)c(OC)c3)CC2)nc1-c1ccccc1,0.1843,chembal.csv,1,ODZVMGKRPLQMBL-UHFFFAOYSA-N,553.641,3.107,131.03,1,9,8,4,3
CHEMBL4764003,CCOC(=O)c1c(C)nc(N2CCN(S(=O)(=O)c3ccc(N)c(OC)c3)CC2)nc1-c1ccccc1,0.1845,chembal.csv,1,OKDKJGDJLWWHHY-UHFFFAOYSA-N,511.604,2.73,127.95,1,9,7,4,3
CHEMBL4752188,CCOC(=O)c1c(C)nc(N2CCN(S(=O)(=O)c3ccc(NC(C)=O)c(F)c3)CC2)nc1-c1ccc(OC)c(OC)c1,0.1862,chembal.csv,1,FDCAPJGTXWXXOK-UHFFFAOYSA-N,601.657,3.254,140.26,1,10,9,4,3
CHEMBL4797335,CCOC(=O)c1c(C)nc(N2CCN(S(=O)(=O)c3ccc(N)c(OC)c3)CC2)nc1-c1ccc(OC)cc1,0.1875,chembal.csv,1,BTQYMOIZIRVQSA-UHFFFAOYSA-N,541.63,2.739,137.18,1,10,8,4,3
CHEMBL4762860,CCOC(=O)c1c(C)nc(N2CCN(S(=O)(=O)c3ccc(N)cc3)CC2)nc1-c1ccc(OC)cc1,0.1919,chembal.csv,1,MCJOXAQICUCRGY-UHFFFAOYSA-N,511.604,2.73,127.95,1,9,7,4,3
CHEMBL4756262,CCOC(=O)c1c(C)nc(N2CCN(S(=O)(=O)c3ccc(NC(C)=O)c(OC)c3)CC2)nc1-c1ccc(OC)cc1,0.19425,chembal.csv,1,OKUAQOWGKLYLEZ-UHFFFAOYSA-N,583.667,3.115,140.26,1,10,9,4,3
CHEMBL4752521,CCOC(=O)c1c(C)nc(N2CCN(S(=O)(=O)c3ccc(NC(C)=O)c(F)c3)CC2)nc1-c1ccccc1,0.1943,chembal.csv,1,OYMGYNDSSVLQMM-UHFFFAOYSA-N,541.605,3.237,121.8,1,8,7,4,3
CHEMBL4759625,CCOC(=O)c1c(C)nc(N2CCN(S(=O)(=O)c3ccc(NC(C)=O)cc3)CC2)nc1-c1ccccc1,0.2,chembal.csv,1,KDSGALRBUUYBMG-UHFFFAOYSA-N,523.615,3.098,121.8,1,8,7,4,3
CHEMBL4746943,CCOC(=O)c1c(C)nc(N2CCN(S(=O)(=O)c3ccc(N)c(OC)c3)CC2)nc1-c1ccc(OC)c(OC)c1,0.2,chembal.csv,1,ZXODYPGVTRAJHS-UHFFFAOYSA-N,571.656,2.748,146.41,1,11,9,4,3
CHEMBL4782471,CCOC(=O)c1c(C)nc(N2CCN(S(=O)(=O)c3ccc(NC(C)=O)c(Cl)c3)CC2)nc1-c1ccc(OC)cc1,0.2,chembal.csv,1,UEILVRMESRWYEE-UHFFFAOYSA-N,588.086,3.76,131.03,1,9,8,4,3
CHEMBL4759595,CCOC(=O)c1c(C)nc(N2CCN(S(=O)(=O)c3ccc(N)c(F)c3)CC2)nc1-c1ccccc1,0.2,chembal.csv,1,VOXWZAQFSMLYCD-UHFFFAOYSA-N,499.568,2.861,118.72,1,8,6,4,3
CHEMBL4750278,CCOC(=O)c1c(C)nc(N2CCN(S(=O)(=O)c3ccc(N)cc3)CC2)nc1-c1ccc(OC)c(OC)c1,0.2,chembal.csv,1,AFMORLSZDSPEHE-UHFFFAOYSA-N,541.63,2.739,137.18,1,10,8,4,3
CHEMBL4785119,CCOC(=O)c1c(C)nc(N2CCN(S(=O)(=O)c3ccc(NC(C)=O)c(OC)c3)CC2)nc1-c1ccc(OC)c(OC)c1,0.2,chembal.csv,1,MJSDYTGFAHMQPP-UHFFFAOYSA-N,613.693,3.124,149.49,1,11,10,4,3
CHEMBL4755324,CCOC(=O)c1c(C)nc(N2CCN(S(=O)(=O)c3ccc(N)cc3)CC2)nc1-c1ccccc1,0.2,chembal.csv,1,QOBNLKBXYVUAGR-UHFFFAOYSA-N,481.578,2.722,118.72,1,8,6,4,3
CHEMBL4742830,CCOC(=O)c1c(C)nc(N2CCN(S(=O)(=O)c3ccc(NC(C)=O)cc3)CC2)nc1-c1ccc(OC)cc1,0.2,chembal.csv,1,LRGMGVMBUSYGEO-UHFFFAOYSA-N,553.641,3.107,131.03,1,9,8,4,3
CHEMBL5272912,COc1ccc2c(c1)c(C=O)cn2CCCCCCCCCCCCN(C)Cc1cccc(O)c1,0.15,chembal.csv,1,QMEQQKSEEYBQTB-UHFFFAOYSA-N,478.677,7.201,54.7,1,5,17,3,3
CHEMBL5283851,COc1ccc2c(c1)c(C=O)cn2CCCCCCCCCCN(C)Cc1cccc(O)c1,0.19,chembal.csv,1,QAMABQFUDMLHGO-UHFFFAOYSA-N,450.623,6.421,54.7,1,5,15,3,3
CHEMBL5278778,COc1ccc2c(c1)c(C=O)cn2CCCCCCCCCCN(C)Cc1ccc(O)cc1,0.19,chembal.csv,1,VSDNNQHHKUMUKF-UHFFFAOYSA-N,450.623,6.421,54.7,1,5,15,3,3
CHEMBL5269046,COc1ccc2c(c1)c(C=O)cn2CCCCCCCCCCCCN(C)Cc1ccc(OC)c(OC)c1,0.19,chembal.csv,1,VNMUKEWBYJPDPC-UHFFFAOYSA-N,522.73,7.513,52.93,0,6,19,3,3
CHEMBL5283238,COc1ccc2c(c1)c(C=O)cn2CCCCCCCCCCCCN(C)Cc1ccc(O)cc1,0.26,chembal.csv,1,UUXMKUDVTHMKFM-UHFFFAOYSA-N,478.677,7.201,54.7,1,5,17,3,3
CHEMBL5286006,COc1ccc2c(c1)c(C=O)cn2CCCCCCCCCN(C)Cc1ccc(O)cc1,0.39,chembal.csv,1,DZRJUXUROORQOH-UHFFFAOYSA-N,436.596,6.031,54.7,1,5,14,3,3
CHEMBL5282763,COc1ccc(CN(C)CCCCCCCCCCCCn2cc(C=O)c3cc(OC)ccc32)cc1,0.43,chembal.csv,1,PVQHHKRPWIYTFO-UHFFFAOYSA-N,492.704,7.504,43.7,0,5,18,3,3
CHEMBL5280435,COc1ccc2c(c1)c(C=O)cn2CCCCCCCCN(C)Cc1ccc(O)cc1,0.49,chembal.csv,1,FMUARSILENPDKK-UHFFFAOYSA-N,422.569,5.641,54.7,1,5,13,3,3
CHEMBL5282063,CCN(CCCCCCCCCCCCn1cc(C=O)c2cc(OC)ccc21)Cc1cccc(O)c1,0.88,chembal.csv,1,OESTWNDKVZPZBM-UHFFFAOYSA-N,492.704,7.591,54.7,1,5,18,3,3
CHEMBL5268704,COc1ccc2c(c1)c(C=O)cn2CCCCCCCN(C)Cc1ccc(O)cc1,0.89,chembal.csv,1,QKXAMYHLNVXQGM-UHFFFAOYSA-N,408.542,5.251,54.7,1,5,12,3,3
CHEMBL1783515,COc1ccc(CN(C)[C@@H](C)[C@H]2[C@H](O)C[C@@]3(C)[C@@H]4CC[C@H]5[C@]6(C)CSC(C(C)C)=N[C@H]6CC[C@@]56C[C@@]46C(=O)C[C@]23C)cc1,0.217,chembal.csv,1,JNQCYAPDXOOPBU-SGOUQRLHSA-N,606.917,7.254,62.13,1,6,6,7,1
CHEMBL1783499,CC(C)C1=N[C@H]2CC[C@]34C[C@]35C(=O)C[C@]3(C)[C@@H]([C@H](C)N(C)CCCN6C(=O)c7ccccc7C6=O)[C@H](O)C[C@@]3(C)[C@@H]5CC[C@H]4[C@]2(C)CS1,0.224,chembal.csv,1,BODOHUCWCQTCDD-LBWKNVSKSA-N,673.964,6.732,90.28,1,7,7,8,1
CHEMBL1783528,COc1ccccc1CN(C)[C@@H](C)[C@H]1[C@H](O)C[C@@]2(C)[C@@H]3CC[C@H]4[C@]5(C)CSC(C(C)C)=N[C@H]5CC[C@@]45C[C@@]35C(=O)C[C@]12C,0.333,chembal.csv,1,BSACLFCWNMRHBP-DRFRAUJUSA-N,606.917,7.254,62.13,1,6,6,7,1
CHEMBL1783514,COc1cccc(CN(C)[C@@H](C)[C@H]2[C@H](O)C[C@@]3(C)[C@@H]4CC[C@H]5[C@]6(C)CSC(C(C)C)=N[C@H]6CC[C@@]56C[C@@]46C(=O)C[C@]23C)c1,0.477,chembal.csv,1,MNADYPWSJDDNJK-SGOUQRLHSA-N,606.917,7.254,62.13,1,6,6,7,1
CHEMBL1783526,CC(C)C1=N[C@H]2CC[C@]34C[C@]35C(=O)C[C@]3(C)[C@@H]([C@H](C)N(C)CCc6ccccc6)[C@H](O)C[C@@]3(C)[C@@H]5CC[C@H]4[C@]2(C)CS1,0.501,chembal.csv,1,DTTWZPSCBDLSIM-KXMYWBMJSA-N,590.918,7.288,52.9,1,5,6,7,1
CHEMBL1783525,CC(C)C1=N[C@H]2CC[C@]34C[C@]35C(=O)C[C@]3(C)[C@@H]([C@H](C)N(C)Cc6ccccc6)[C@H](O)C[C@@]3(C)[C@@H]5CC[C@H]4[C@]2(C)CS1,0.554,chembal.csv,1,WOJRPSBNVRDMLF-VRGGLLGESA-N,576.891,7.246,52.9,1,5,5,7,1
CHEMBL1783519,CC(C)C1=N[C@H]2CC[C@]34C[C@]35C(=O)C[C@]3(C)[C@@H]([C@H](C)N(C)CCN6C(=O)c7ccccc7C6=O)[C@H](O)C[C@@]3(C)[C@@H]5CC[C@H]4[C@]2(C)CS1,0.653,chembal.csv,1,JEZIOZMCMPTLRQ-RKYOAFJVSA-N,659.937,6.342,90.28,1,7,6,8,1
CHEMBL1783534,CC(C)C1=N[C@H]2CC[C@]34C[C@]35C(=O)C[C@]3(C)[C@@H]([C@H](C)N(C)C)[C@H](O)C[C@@]3(C)[C@@H]5CC[C@H]4[C@]2(C)C=C1,0.679,chembal.csv,1,FOVBVZLMLHBULA-DBCGSKAISA-N,480.737,5.541,52.9,1,4,3,6,0
CHEMBL1783523,CC(C)C1=N[C@H]2CC[C@]34C[C@]35C(=O)C[C@]3(C)[C@@H]([C@H](C)N(C)C(=O)c6ccccc6)[C@H](O)C[C@@]3(C)[C@@H]5CC[C@H]4[C@]2(C)CS1,1,chembal.csv,1,WYTLMUZAZAXEOI-FDWYMNALSA-N,590.874,6.886,69.97,1,5,4,7,1
CHEMBL3921061,CN(C)C(=O)Oc1cccc(C(=O)/C=C/c2ccc(O)cc2)c1,0.36,chembal.csv,1,DQPVCSPAVCOSNM-DHZHZOJOSA-N,311.337,3.349,66.84,1,4,4,2,2
CHEMBL339995,CSc1nc(/C=C/c2ccccc2)nn1C(=O)N(C)C,0.37,chembal.csv,1,ISTWOSNIZSCOAJ-MDZDMXLPSA-N,288.376,2.7,51.02,0,5,3,2,2
CHEMBL4537240,O=C(/C=C/c1ccc(OCCCCCCN2CCCC2)cc1)c1ccc(OCCCCCCN2CCCC2)cc1O,0.91,chembal.csv,1,HMJSYJOCHJOOKM-HMMYKYKNSA-N,562.795,7.358,62.24,1,6,19,4,2
CHEMBL2112391,Cc1cccc2c1OP(=O)(OC[C@@H]1C[C@@H](F)[C@H](n3cnc4c(N)ncnc43)O1)OC2,1.1,chembal.csv,0,FYTFCQRUFXWTCM-CHHDJUKQSA-N,435.352,3.076,123.61,1,10,4,5,3
CHEMBL329491,Cc1cccc2c1OP(=O)(OCC1C=CC(n3cnc4c(N)ncnc43)O1)OC2,1.2,chembal.csv,0,SLENKANPYVXVAP-UHFFFAOYSA-N,415.346,2.904,123.61,1,10,4,5,3
CHEMBL376065,Cc1cccc2c1OP(=O)(OC[C@@H]1C=C[C@H](n3cc(C)c(=O)[nH]c3=O)O1)OC2,1.2,chembal.csv,0,OVLSREDRLCJLHH-BIGJLOMDSA-N,406.331,2.341,108.85,1,8,4,4,2
CHEMBL606885,Cc1cccc2c1OP(=O)(OC[C@H]1C=C[C@@H](n3cnc4c(NC5CC5)nc(N)nc43)C1)OC2,1.3,chembal.csv,0,IRYJGKPAUCFPPO-SQARSAPHSA-N,468.454,4.142,126.41,2,10,6,6,3
CHEMBL3350307,COc1ccc2c(c1)CO[P@@](=O)(OC[C@@H]1C=C[C@H](n3cc(C)c(=O)[nH]c3=O)O1)O2,1.8,chembal.csv,0,VBLXZRJBLDJTEI-HBIWAFADSA-N,422.33,2.041,118.08,1,9,5,4,2
CHEMBL541464,Cc1cn(C2C=CC(COP3(=O)Oc4cccc(Cl)c4C(C)O3)O2)c(=O)[nH]c1=O,1.8,chembal.csv,0,VNNRNHSLBICHPY-UHFFFAOYSA-N,440.776,3.247,108.85,1,8,4,4,2
CHEMBL97281,CCC(C)c1cccc2c1OP(=O)(OCC1C=CC(n3cc(C)c(=O)[nH]c3=O)O1)OC2,2,chembal.csv,0,UIVKNRTZXOCUIF-UHFFFAOYSA-N,448.412,3.546,108.85,1,8,6,4,2
CHEMBL1161929,Cc1cn([C@H]2C=C[C@@H](COP(=O)(O)OCc3cccc(-c4cccc5c4OP(=O)(OC[C@@H]4C=C[C@H](n6cc(C)c(=O)[nH]c6=O)O4)OC5)c3O)O2)c(=O)[nH]c1=O,2.3,chembal.csv,0,VIBKWVOFDJOAKW-STSCUEONSA-N,800.607,3.351,248.93,4,16,12,7,4
CHEMBL330237,Cc1cccc2c1OP(=O)(OCC1C=CC(n3cnc4c(O)nc(N)nc43)C1)OC2,2.5,chembal.csv,0,LHGAUFVMLCRJDH-UHFFFAOYSA-N,429.373,3.274,134.61,2,10,4,5,3
CHEMBL2114301,Cc1cn([C@H]2C=C[C@@H](CO[P@]3(=O)OCc4cccc(C(C)(C)C)c4O3)O2)c(=O)[nH]c1=O,2.6,chembal.csv,0,UFZMRGCCVPDARB-CKVARHJQSA-N,448.412,3.33,108.85,1,8,4,4,2
CHEMBL95465,COC(=O)CCc1cccc2c1OP(=O)(OCC1C=CC(n3cc(C)c(=O)[nH]c3=O)O1)OC2,2.7,chembal.csv,0,XSWZYHFLZDMZMT-UHFFFAOYSA-N,478.394,2.138,135.15,1,10,7,4,2
CHEMBL319963,Cc1cn(C2C=CC(COP3(=O)OCc4cccc(CCC(=O)OCc5ccccc5)c4O3)O2)c(=O)[nH]c1=O,2.8,chembal.csv,0,GBYQHFBLLASMDK-UHFFFAOYSA-N,554.492,3.709,135.15,1,10,9,5,3
CHEMBL419521,CCC(C)c1ccc2c(c1)COP(=O)(OCC1C=CC(n3cc(C)c(=O)[nH]c3=O)O1)O2,3.3,chembal.csv,0,YDAFNZGJRSJYNL-UHFFFAOYSA-N,448.412,3.546,108.85,1,8,6,4,2
CHEMBL318643,Cc1cn(C2C=CC(COP3(=O)OCc4cccc(CCC(=O)OC(C)(C)C)c4O3)O2)c(=O)[nH]c1=O,3.4,chembal.csv,0,GBAQJROIWBIAHA-UHFFFAOYSA-N,520.475,3.307,135.15,1,10,7,4,2
CHEMBL375636,Cc1cn([C@H]2C=C[C@@H](COP3(=O)OCc4cccc(-c5cccc6c5OC(C)(C)OC6)c4O3)O2)c(=O)[nH]c1=O,3.6,chembal.csv,0,CCBOYGOTQIYLJA-CATCILLUSA-N,554.492,4.345,127.31,1,10,5,6,3
CHEMBL2114303,O=C1NC(=O)N([C@H]2C[C@H](O)[C@@H](CO[P@]3(=O)OCc4cccc(-c5ccccc5)c4O3)O2)CC1/C=C/Br,3.7,chembal.csv,0,QNJYJMLWACCWSM-XBKUWEFXSA-N,579.34,3.94,123.63,2,8,6,5,2
CHEMBL447232,Cc1cn(C2C=CC(COP3(=O)Oc4ccccc4C(CCl)O3)O2)c(=O)[nH]c1=O,3.9,chembal.csv,0,PFRCISHNAUSKDT-UHFFFAOYSA-N,440.776,2.812,108.85,1,8,5,4,2
CHEMBL329968,Cc1cn(C2C=CC(COP3(=O)OCc4c(ccc5ccccc45)O3)O2)c(=O)[nH]c1=O,3.9,chembal.csv,0,KGWFETRZCYQEIS-UHFFFAOYSA-N,442.364,3.186,108.85,1,8,4,5,3
CHEMBL375567,Cc1cn([C@H]2C=C[C@@H](COP3(=O)OCc4cccc(C(C)(C)C)c4O3)O2)c(=O)[nH]c1=O,4.2,chembal.csv,0,UFZMRGCCVPDARB-HCFBYUPRSA-N,448.412,3.33,108.85,1,8,4,4,2
CHEMBL97804,Cc1cn(C2C=CC(COP3(=O)OCc4cc(-c5ccccc5)ccc4O3)O2)c(=O)[nH]c1=O,4.4,chembal.csv,0,UPIORTQCYDXUFS-UHFFFAOYSA-N,468.402,3.7,108.85,1,8,5,5,3
CHEMBL97159,Cc1cn(C2C=CC(COP3(=O)OCc4cc(CCC(=O)OC(C)(C)C)ccc4O3)O2)c(=O)[nH]c1=O,4.4,chembal.csv,0,QHESSMRARDPMJF-UHFFFAOYSA-N,520.475,3.307,135.15,1,10,7,4,2
CHEMBL223807,Cc1ccc2c(c1)COP(=O)(OC[C@@H]1C=C[C@H](n3cc(C)c(=O)[nH]c3=O)O1)O2,4.6,chembal.csv,0,XCQZHNHBKUHUEJ-NIGMZYBYSA-N,406.331,2.341,108.85,1,8,4,4,2
CHEMBL2111583,Cc1cccc2c1OP(=O)(OC[C@@H]1C[C@H](F)[C@H](n3cnc4c(N)ncnc43)O1)OC2,5,chembal.csv,0,FYTFCQRUFXWTCM-JWZWCXEXSA-N,435.352,3.076,123.61,1,10,4,5,3
CHEMBL330299,Cc1cn(C2C=CC(COP3(=O)OCc4cc(C(C)(C)C)ccc4O3)O2)c(=O)[nH]c1=O,5.6,chembal.csv,0,YBHBUGPAORYSHF-UHFFFAOYSA-N,448.412,3.33,108.85,1,8,4,4,2
CHEMBL95272,COC(=O)CCc1ccc2c(c1)COP(=O)(OCC1C=CC(n3cc(C)c(=O)[nH]c3=O)O1)O2,8.8,chembal.csv,0,ZQIVPVURGRQEDN-UHFFFAOYSA-N,478.394,2.138,135.15,1,10,7,4,2
CHEMBL328165,CCCCC1OP(=O)(OCC2C=CC(n3cc(C)c(=O)[nH]c3=O)O2)Oc2cccc(Cl)c21,13,chembal.csv,0,JGMQXPSFUSTZBV-UHFFFAOYSA-N,482.857,4.417,108.85,1,8,7,4,2
CHEMBL376095,Cc1cn([C@H]2C=C[C@@H](COP3(=O)OCc4cccc(-c5cccc6c5OP(=O)(OC[C@@H]5C=C[C@H](n7cc(C)c(=O)[nH]c7=O)O5)OC6)c4O3)O2)c(=O)[nH]c1=O,14,chembal.csv,0,KHOMSKKMHVGQFN-QIKIAYFISA-N,782.592,4.045,217.7,2,16,9,8,4
CHEMBL262299,Cc1cn(C2C=CC(COP3(=O)OCc4cc(CCC(=O)OCc5ccccc5)ccc4O3)O2)c(=O)[nH]c1=O,22,chembal.csv,0,CNLZZPOCZLNCTG-UHFFFAOYSA-N,554.492,3.709,135.15,1,10,9,5,3
CHEMBL2114298,Cc1cccc2c1O[P@@](=O)(OC[C@H](CO)OCn1cnc3c(O)nc(N)nc31)OC2,23,chembal.csv,0,ZAYQPAHALAMQRS-IDPPAEMMSA-N,437.349,1.491,164.07,3,12,7,4,3
CHEMBL98298,Cc1cn(C2C=CC(COP3(=O)Oc4ccccc4C(C(Cl)Cl)O3)O2)c(=O)[nH]c1=O,26,chembal.csv,0,ZCEIGMROYJJQEA-UHFFFAOYSA-N,475.221,3.377,108.85,1,8,5,4,2
CHEMBL320000,Cc1cn(C2C=CC(COP3(=O)Oc4ccccc4C(C(Cl)(Cl)Cl)O3)O2)c(=O)[nH]c1=O,27,chembal.csv,0,MEEHEKJQPQGIBQ-UHFFFAOYSA-N,509.666,3.944,108.85,1,8,4,4,2
CHEMBL97145,Cc1cccc2c1OP(=O)(OCC1CC(O)C(n3cnc4c(N)ncnc43)O1)OC2,28,chembal.csv,0,ANQWWUWQNXMQBV-UHFFFAOYSA-N,433.361,2.099,143.84,2,11,4,5,3
CHEMBL3142709,Cc1cccc2c1OP(=O)(OC[C@H]1O[C@@H](n3cc(C)c(=O)[nH]c3=O)C[C@@H]1O)OC2,36,chembal.csv,0,OMJHRNDSKIJAMX-SYRLMVSXSA-N,424.346,1.536,129.08,2,9,4,4,2
CHEMBL97501,Cc1cccc2c1OP(=O)(OCC1OC(n3cc(C)c(=O)[nH]c3=O)CC1N=[N+]=[N-])OC2,40,chembal.csv,0,NENSOAFAVKYDHT-UHFFFAOYSA-N,449.36,2.854,157.61,1,9,5,4,2
CHEMBL31131,Cc1cc(C)c2c(c1)COP(=O)(OCC1C=CC(n3cc(C)c(=O)[nH]c3=O)O1)O2,46,chembal.csv,0,JYKKHTPNZTYTKR-UHFFFAOYSA-N,420.358,2.649,108.85,1,8,4,4,2
CHEMBL97177,Cc1cn(C2C=CC(COP3(=O)OCc4c(F)c(C(C)(C)C)cc(C(C)(C)C)c4O3)O2)c(=O)[nH]c1=O,48,chembal.csv,0,OFXDQYWUBQYOOZ-UHFFFAOYSA-N,522.51,4.767,108.85,1,8,4,4,2
CHEMBL373463,Cc1cc2c(c(-c3cc(C)cc4c3OP(=O)(OC[C@@H]3C=C[C@H](n5cc(C)c(=O)[nH]c5=O)O3)OC4)c1)OP(=O)(OC[C@@H]1C=C[C@H](n3cc(C)c(=O)[nH]c3=O)O1)OC2,50,chembal.csv,0,LCENIOIBBAMNNL-QQYNWQQXSA-N,810.646,4.662,217.7,2,16,9,8,4
CHEMBL97289,Cc1cn(C2C=CC(COP3(=O)OCc4cc(CCC(=O)O)ccc4O3)O2)c(=O)[nH]c1=O,50,chembal.csv,0,VEDIEJLAXGGJHK-UHFFFAOYSA-N,464.367,2.05,146.15,2,9,7,4,2
CHEMBL2115274,Cc1cccc2c1OP(=O)(OC[C@H](CO)OCn1cnc3c(O)nc(N)nc31)OC2,50,chembal.csv,0,ZAYQPAHALAMQRS-SJFYLMLOSA-N,437.349,1.491,164.07,3,12,7,4,3
CHEMBL95532,Cc1cccc2c1OP(=O)(OCCOCn1cnc3c(O)nc(N)nc31)OC2,50,chembal.csv,0,RLSFBWFALNGXDK-UHFFFAOYSA-N,407.323,2.131,143.84,2,11,6,4,3
CHEMBL97720,Cc1cn(C2C=CC(COP3(=O)OCc4cccc(CCC(=O)O)c4O3)O2)c(=O)[nH]c1=O,50,chembal.csv,0,DTKOIKTXZRVBFB-UHFFFAOYSA-N,464.367,2.05,146.15,2,9,7,4,2
CHEMBL94571,Cc1cccc2c1OP(=O)(OCC1OC(n3cc(C)c(=O)[nH]c3=O)CC1=O)OC2,50,chembal.csv,0,ONALVGWIDXJMBJ-UHFFFAOYSA-N,422.33,1.744,125.92,1,9,4,4,2
CHEMBL316665,Cc1cccc2c1OP(=O)(OCC(CO)CCn1cnc3c(O)nc(N)nc31)OC2,50,chembal.csv,0,VIOAGUPGYKDILY-UHFFFAOYSA-N,435.377,2.155,154.84,3,11,7,4,3
CHEMBL319290,Cc1cn(C2C=CC(COP3(=O)OCc4cc(C(C)(C)C)cc(C(C)(C)C)c4O3)O2)c(=O)[nH]c1=O,50,chembal.csv,0,JSFVVKYKNXUHIP-UHFFFAOYSA-N,504.52,4.628,108.85,1,8,4,4,2
CHEMBL3142708,Cc1cccc2c1OP(=O)(OC[C@H]1O[C@@H](N3CC(/C=C/Br)C(=O)NC3=O)C[C@@H]1O)OC2,50,chembal.csv,0,UDWOLYHOUMANKY-PCPPVXDQSA-N,517.269,2.581,123.63,2,8,5,4,1
CHEMBL433371,CCOC(=O)CC1OP(=O)(OCC2C=CC(n3cc(C)c(=O)[nH]c3=O)O2)Oc2cccc(Cl)c21,50,chembal.csv,0,YOLJQHZMNWACNZ-UHFFFAOYSA-N,512.839,3.18,135.15,1,10,7,4,2
CHEMBL2114302,Cc1cccc2c1O[P@](=O)(OC[C@H]1O[C@@H](n3cc(F)c(=O)[nH]c3=O)C[C@@H]1O)OC2,50,chembal.csv,0,DBYXXPDVBXGZQA-NTOHGGQQSA-N,428.309,1.366,129.08,2,9,4,4,2
CHEMBL3350302,Cc1cccc2c1O[P@@](=O)(OC[C@@H](CO)OCn1cnc3c(O)nc(N)nc31)OC2,50,chembal.csv,0,ZAYQPAHALAMQRS-FCJAZMSBSA-N,437.349,1.491,164.07,3,12,7,4,3
CHEMBL2112393,O=C1NC(=O)N([C@H]2C[C@H](O)[C@@H](COP3(=O)OCc4cccc(-c5ccccc5)c4O3)O2)C[C@H]1/C=C/Br,50,chembal.csv,0,QNJYJMLWACCWSM-LUPMCJDJSA-N,579.34,3.94,123.63,2,8,6,5,2
CHEMBL2111587,Cc1cn([C@H]2C=C[C@@H](CO[P@@]3(=O)OCc4cccc(C(C)(C)C)c4O3)O2)c(=O)[nH]c1=O,50,chembal.csv,0,UFZMRGCCVPDARB-RLTKGDLXSA-N,448.412,3.33,108.85,1,8,4,4,2
CHEMBL2114383,COc1ccc2c(c1)CO[P@](=O)(OC[C@@H]1C=C[C@H](n3cc(C)c(=O)[nH]c3=O)O1)O2,50,chembal.csv,0,VBLXZRJBLDJTEI-DINSCKPSSA-N,422.33,2.041,118.08,1,9,5,4,2
CHEMBL3142699,Cc1cccc2c1OP(=O)(OC[C@H]1O[C@@H](N3C=NC4C(=O)N=C(N)N=C43)C[C@@H]1O)OC2,50,chembal.csv,0,JITUGLJBUCFZNS-ASNUNVROSA-N,449.36,0.471,157.63,2,11,4,5,1
CHEMBL3142710,Cc1cccc2c1OP(=O)(OC[C@H]1O[C@@H](n3cc(F)c(=O)[nH]c3=O)C[C@@H]1O)OC2,50,chembal.csv,0,DBYXXPDVBXGZQA-XDBDKROASA-N,428.309,1.366,129.08,2,9,4,4,2
CHEMBL2114386,Cc1cccc2c1O[P@@](=O)(OC[C@@H]1C=C[C@H](n3cc(C)c(=O)[nH]c3=O)O1)OC2,50,chembal.csv,0,OVLSREDRLCJLHH-XFNCPJSQSA-N,406.331,2.341,108.85,1,8,4,4,2
CHEMBL2147640,CC(C)(C)c1cc(C(C)(C)C)c2c(c1F)COP(=O)(O[C@H]1C[C@H](n3cc(I)c(=O)[nH]c3=O)O[C@@H]1CO)O2,3000,chembal.csv,0,GYBZJGHCHWYFMW-QYXZXOAVSA-N,652.394,4.258,129.08,2,9,4,4,2
CHEMBL4217126,COc1ccc(Cn2cc(C(=O)NCCCNc3c4c(nc5ccc(OC)cc35)CCCC4)c(=O)c3ccccc32)cc1,1.03,chembal.csv,0,NAVQOCQBNUXPCV-UHFFFAOYSA-N,576.697,5.726,94.48,2,7,10,6,5
CHEMBL4216601,COc1ccc(Cn2cc(C(=O)NCCCCNc3c4c(nc5ccc(OC)cc35)CCCC4)c(=O)c3ccccc32)cc1,1.08,chembal.csv,0,ZSHSEWWPKNLRHP-UHFFFAOYSA-N,590.724,6.116,94.48,2,7,11,6,5
CHEMBL1917825,C=CCCCNc1c2c(nc3ccc(OC)cc13)CCCC2,1.1,chembal.csv,0,SUYXUDHQNHYYJQ-UHFFFAOYSA-N,296.414,4.5,34.15,1,3,6,3,2
CHEMBL4214900,COc1ccc(Cn2cc(C(=O)NCCCCCCCNc3c4c(nc5ccccc35)CCCC4)c(=O)c3ccccc32)cc1,1.19,chembal.csv,0,GHSCLZBQMFGTOK-UHFFFAOYSA-N,602.779,7.278,85.25,2,6,13,6,5
CHEMBL4204901,COc1ccc(Cn2cc(C(=O)NCCCCCCCCNc3c4c(nc5ccccc35)CCCC4)c(=O)c3ccccc32)cc1,1.28,chembal.csv,0,YKNBDIOCHDAMFY-UHFFFAOYSA-N,616.806,7.668,85.25,2,6,14,6,5
CHEMBL3356538,COc1ccc2nc3c(c(NCCNC4=CC(=O)c5c(O)cccc5C4=O)c2c1)CCCC3,1.28,chembal.csv,0,NUIGMEAFRDCLAO-UHFFFAOYSA-N,443.503,3.792,100.55,3,7,6,5,3
CHEMBL3632846,COc1ccc2nc3c(c(NCCNC(=O)C4(C)CCc5c(C)c(O)c(C)c(C)c5O4)c2c1)CCCC3,1.3,chembal.csv,0,LVWDYJONVHLIIF-UHFFFAOYSA-N,503.643,5.065,92.71,3,6,6,5,3
CHEMBL4209755,COc1ccc(Cn2cc(C(=O)NCCCCNc3c4c(nc5ccccc35)CCCC4)c(=O)c3ccccc32)cc1,1.32,chembal.csv,0,BHRKGYUZWSOCAN-UHFFFAOYSA-N,560.698,6.108,85.25,2,6,10,6,5
CHEMBL3322161,O=C(Cc1cc(=O)oc2cc(O)ccc12)NNC(=S)Nc1c2c(nc3ccccc13)CCCC2,1.42,chembal.csv,0,LSJUOQUGCKLCKO-UHFFFAOYSA-N,474.542,3.486,116.49,4,6,3,5,4
CHEMBL2064471,O=C(CCNCCNc1c2c(nc3ccccc13)CCCC2)N1CCN(CCNc2c3c(nc4ccccc24)CCCC3)CC1,1.52,chembal.csv,0,YVSGFEGOSAGMBU-UHFFFAOYSA-N,605.831,5.189,85.42,3,7,11,7,4
CHEMBL3632851,COc1ccc2nc3c(c(NCCCCCCCCNC(=O)C4(C)CCc5c(C)c(O)c(C)c(C)c5O4)c2c1)CCCC3,1.53,chembal.csv,0,CSLMOZNRVLKZJP-UHFFFAOYSA-N,587.805,7.406,92.71,3,6,12,5,3
CHEMBL3322155,CN(CCC(=O)NCCNc1c2c(nc3ccccc13)CCCC2)C1CCCCC1,2.03,chembal.csv,0,OXQMOFFMFYUAFJ-UHFFFAOYSA-N,408.59,4.296,57.26,2,4,8,4,2
CHEMBL3322157,CN(CCC(=O)NCCCCNc1c2c(nc3ccccc13)CCCC2)C1CCCCC1,2.23,chembal.csv,0,PPDBWLSEOWISMD-UHFFFAOYSA-N,436.644,5.077,57.26,2,4,10,4,2
CHEMBL3322156,CN(CCC(=O)NCCCNc1c2c(nc3ccccc13)CCCC2)C1CCCCC1,2.38,chembal.csv,0,PEFVDLQGFKDNNH-UHFFFAOYSA-N,422.617,4.686,57.26,2,4,9,4,2
CHEMBL5199187,Cc1ccc2nc3c(c(NCCN4CCOCC4)c2c1)CCCC3,3.127,chembal.csv,0,JHKMYOWNYNDGJT-UHFFFAOYSA-N,325.456,3.166,37.39,1,4,4,4,2
CHEMBL3322162,O=C(Cc1cc(=O)oc2cc(O)ccc12)N/N=C1\SCC(=O)N1c1c2c(nc3ccccc13)CCCC2,5.62,chembal.csv,0,RIKRBQRHKWZGBG-IKPAITLHSA-N,514.563,3.635,125.1,2,8,4,6,4
CHEMBL4204913,COc1ccc(Cn2cc(C(=O)NCCCCCNc3c4c(nc5ccc(OC)cc35)CCCC4)c(=O)c3ccccc32)cc1,6.16,chembal.csv,0,VSRZSFOTYXXDHK-UHFFFAOYSA-N,604.751,6.506,94.48,2,7,12,6,5
CHEMBL4210274,COc1ccc(Cn2cc(C(=O)NCCCCCCCCNc3c4c(nc5ccc(OC)cc35)CCCC4)c(=O)c3ccccc32)cc1,12.4,chembal.csv,0,VLANAFJEJWETOO-UHFFFAOYSA-N,646.832,7.677,94.48,2,7,15,6,5
CHEMBL3322158,O=C(Cc1cc(=O)oc2cc(O)ccc12)NCCNc1c2c(nc3ccccc13)CCCC2,12.6,chembal.csv,0,CLANWNRWLCNHQF-UHFFFAOYSA-N,443.503,3.696,104.46,3,6,6,5,4
CHEMBL1257886,CCCCCNc1c2c(nc3ccc(OC)cc13)CCCC2,16,chembal.csv,0,KBBSAAQAJDSCGH-UHFFFAOYSA-N,298.43,4.724,34.15,1,3,6,3,2
CHEMBL4205910,COc1ccc(Cn2cc(C(=O)NCCCCCCNc3c4c(nc5ccc(OC)cc35)CCCC4)c(=O)c3ccccc32)cc1,16.6,chembal.csv,0,XKEZTSHHHMECRM-UHFFFAOYSA-N,618.778,6.896,94.48,2,7,13,6,5
CHEMBL3127382,CC(C)=CCc1c(O)c(/C=N/CCCCCNc2c3c(nc4ccccc24)CCCC3)cc2c1[nH]c1ccccc12,19.37,chembal.csv,0,FKHTUIJULCNIDO-GUBAARJWSA-N,544.743,8.664,73.3,3,4,10,6,5
CHEMBL4217617,COc1ccc(Cn2cc(C(=O)NCCCCCCCNc3c4c(nc5ccc(OC)cc35)CCCC4)c(=O)c3ccccc32)cc1,49.3,chembal.csv,0,SGRUENDUBYUMQG-UHFFFAOYSA-N,632.805,7.286,94.48,2,7,14,6,5
CHEMBL3127381,COc1ccc2c(c1)[nH]c1c(CC=C(C)C)c(O)c(/C=N/CCCCCNc3c4c(nc5ccccc35)CCCC4)cc12,52.14,chembal.csv,0,MOOZFZXDLNKCFZ-FNTLCPBMSA-N,574.769,8.672,82.53,3,5,11,6,5
CHEMBL1257887,CCCCNc1c2c(nc3ccc(OC)cc13)CCCC2,64,chembal.csv,0,ULMHGDVYVGBMQW-UHFFFAOYSA-N,284.403,4.334,34.15,1,3,5,3,2
CHEMBL3127383,COc1ccc2c(c1)[nH]c1c(CC=C(C)C)c(O)c(/C=N/CCCNc3c4c(nc5ccccc35)CCCC4)cc12,64.32,chembal.csv,0,CTJAAWWQYIKUKG-QLQYKETESA-N,546.715,7.892,82.53,3,5,9,6,5
CHEMBL1257996,CCCNc1c2c(nc3ccc(OC)cc13)CCCC2,70,chembal.csv,0,GFBWOLCGRWIJDE-UHFFFAOYSA-N,270.376,3.944,34.15,1,3,4,3,2
CHEMBL1914495,C=CC(CBr)Nc1c2c(nc3ccc(OC)cc13)CCCC2,78.8,chembal.csv,0,NRUOFFXMUJBBHF-UHFFFAOYSA-N,361.283,4.484,34.15,1,3,5,3,2
CHEMBL1257997,CCNc1c2c(nc3ccc(OC)cc13)CCCC2,97,chembal.csv,0,IFFPMECCJBRQHX-UHFFFAOYSA-N,256.349,3.554,34.15,1,3,3,3,2
CHEMBL5400395,Cc1cc(=O)[nH]c2c1C(=O)C(NCCCCNc1c3c(nc4ccccc14)CCCC3)=CC2=O,109,chembal.csv,0,VUEZWIALQTZWIP-UHFFFAOYSA-N,456.546,3.855,103.95,3,6,7,5,3
CHEMBL5433956,Cc1cc(=O)[nH]c2c1C(=O)C(NCCNc1c3c(nc4ccccc14)CCCC3)=CC2=O,182,chembal.csv,0,BUHWDQLEICJGTP-UHFFFAOYSA-N,428.492,3.075,103.95,3,6,5,5,3
136264303,COc1ccc2c(c1)[nH]c1c(CC=C(C)C)c(O)c(C=NCCCNc3c4c(nc5ccccc35)CCCC4)cc12,64.32,pubchem.csv,0,CTJAAWWQYIKUKG-UHFFFAOYSA-N,546.715,7.892,82.53,3,5,9,6,5
136264469,COc1ccc2c(c1)[nH]c1c(CC=C(C)C)c(O)c(C=NCCCCCNc3c4c(nc5ccccc35)CCCC4)cc12,52.14,pubchem.csv,0,MOOZFZXDLNKCFZ-UHFFFAOYSA-N,574.769,8.672,82.53,3,5,11,6,5
136264470,CC(C)=CCc1c(O)c(C=NCCCCCNc2c3c(nc4ccccc24)CCCC3)cc2c1[nH]c1ccccc12,19.37,pubchem.csv,0,FKHTUIJULCNIDO-UHFFFAOYSA-N,544.743,8.664,73.3,3,4,10,6,5
CHEMBL4755679,COc1ccc2nc3c(c(NCCCCCCCCN(CC(=O)NCCc4c[nH]c5ccc(OC)cc45)C(=O)CCCC[C@@H]4CCSS4)c2c1)CCCC3,1.73,chembal.csv,0,PWDRAIJCBVSHCO-UUWRZZSWSA-N,774.11,9.266,108.58,3,8,22,6,4
CHEMBL4556372,COc1ccc2nc3c(c(NCCCNC(=O)[C@@H](N)Cc4c[nH]c5ccccc45)c2c1)CCCC3,1.8,chembal.csv,0,FRUHEQBKJAVKNR-QHCPKHFHSA-N,471.605,4.092,105.06,4,5,9,5,4
CHEMBL4752488,COc1ccc2nc3c(c(NCCCCCCN(CC(=O)NCCc4c[nH]c5ccc(OC)cc45)C(=O)CCCC[C@@H]4CCSS4)c2c1)CCCC3,1.88,chembal.csv,0,ZYKIOUVTAQGDKW-JGCGQSQUSA-N,746.056,8.486,108.58,3,8,20,6,4
CHEMBL4761802,COc1ccc2nc3c(c(NCCCCCCCN(CC(=O)NCCc4c[nH]c5ccc(OC)cc45)C(=O)CCCC[C@@H]4CCSS4)c2c1)CCCC3,2.65,chembal.csv,0,QZDXETQFUAMIIN-MGBGTMOVSA-N,760.083,8.876,108.58,3,8,21,6,4
CHEMBL5179673,CN(C)Cc1ccccc1NC(=O)c1cccc(NC(=O)c2cccs2)c1,1.24,chembal.csv,0,SKPUEXCQARNWGD-UHFFFAOYSA-N,379.485,4.314,61.44,2,4,6,3,3
CHEMBL5172504,CCN(CC)Cc1ccccc1CNC(=O)c1cccc(NC(=O)c2ccc(F)cc2)c1Br,1.836,chembal.csv,0,DONFLBPXEFLPQL-UHFFFAOYSA-N,512.423,5.612,61.44,2,3,9,3,3
CHEMBL5188959,CCN(CC)Cc1ccccc1CNC(=O)c1cccc(NS(=O)(=O)c2cccs2)c1,2.61,chembal.csv,0,TWQMYDGVEKAUFK-UHFFFAOYSA-N,457.621,4.321,78.51,2,5,10,3,3
CHEMBL5196163,CCN(CC)Cc1ccc(CNC(=O)c2cccc(NC(=O)c3cccs3)c2)cc1,3.44,chembal.csv,0,VNHUAHFVZMNTCU-UHFFFAOYSA-N,421.566,4.772,61.44,2,4,9,3,3
CHEMBL5178677,Cc1ccccc1NC(=O)c1cccc(NC(=O)c2cccs2)c1,11.07,chembal.csv,0,ZAUUCBCNLQOICJ-UHFFFAOYSA-N,336.416,4.561,58.2,2,3,4,3,3
CHEMBL5200557,O=C(NCc1ccccc1)c1cccc(NC(=O)c2cccs2)c1,31.34,chembal.csv,0,XFMCRBJMFJZSTH-UHFFFAOYSA-N,336.416,3.93,58.2,2,3,5,3,3
CHEMBL5185740,CCN(CC)Cc1cccc(CNC(=O)c2cccc(NC(=O)c3cccs3)c2)c1,48.85,chembal.csv,0,RAYWEWGGWSDWQY-UHFFFAOYSA-N,421.566,4.772,61.44,2,4,9,3,3
CHEMBL4540814,O=C(c1ccccc1Cl)n1nc(OCCN2CCCC2)c2ccccc21,1.3,chembal.csv,0,ZNFVRQSXKUHURV-UHFFFAOYSA-N,369.852,3.853,47.36,0,5,5,4,3
CHEMBL3116300,Nc1ccc2c(c1)c(OCc1ccc3ccccc3c1)nn2CCN1CCCCC1,1.78,chembal.csv,0,BOMFDVKNDSZEQA-UHFFFAOYSA-N,400.526,4.837,56.31,1,5,6,5,4
CHEMBL4468385,O=C(c1ccc2ccccc2c1)n1nc(OCCCN2CCCCC2)c2ccccc21,2.1,chembal.csv,0,HGHKJJKBOAWWGM-UHFFFAOYSA-N,413.521,5.133,47.36,0,5,6,5,4
CHEMBL3116283,c1ccc2c(COc3nn(CCN4CCCC4)c4ccccc34)cccc2c1,2.83,chembal.csv,0,CPGYXRHSZAOFEZ-UHFFFAOYSA-N,371.484,4.864,30.29,0,4,6,5,4
CHEMBL3116299,Nc1ccc2c(c1)c(OCc1cccc3ccccc13)nn2CCN1CCCC1,3,chembal.csv,0,INOMZYFNGDZFSD-UHFFFAOYSA-N,386.499,4.447,56.31,1,5,6,5,4
CHEMBL3116294,O=[N+]([O-])c1ccc2c(c1)c(OCc1ccc3ccccc3c1)nn2CCN1CCCCC1,3.6,chembal.csv,0,MSONOJVDYMPNLV-UHFFFAOYSA-N,430.508,5.163,73.43,0,6,7,5,4
CHEMBL4435236,O=C(c1ccc2ccccc2c1)n1nc(OCCN2CCCCC2)c2ccccc21,4,chembal.csv,0,TUBAWNFYITYAHA-UHFFFAOYSA-N,399.494,4.743,47.36,0,5,5,5,4
CHEMBL3116291,O=[N+]([O-])c1ccc2c(c1)c(OCc1cccc3ccccc13)nn2CCN1CCCC1,4.5,chembal.csv,0,WIAPWRWFWPMXNO-UHFFFAOYSA-N,416.481,4.773,73.43,0,6,7,5,4
CHEMBL3116280,COc1ccc(COc2nn(CCN(C(C)C)C(C)C)c3ccccc23)cc1,4.8,chembal.csv,0,CTXLHWVBEFYFSI-UHFFFAOYSA-N,381.52,4.743,39.52,0,5,9,3,3
CHEMBL4470556,COc1ccc(CC(=O)n2nc(OCCN3CCCC3)c3ccccc32)cc1,9,chembal.csv,0,CMPZCYYEUVTKFE-UHFFFAOYSA-N,379.46,3.402,56.59,0,6,7,4,3
CHEMBL4467037,O=C(c1c(F)ccc(F)c1F)n1nc(OCCN2CCCCC2)c2ccccc21,9.4,chembal.csv,0,DFRKMFTYHPJZPY-UHFFFAOYSA-N,403.404,4.007,47.36,0,5,5,4,3
CHEMBL3116281,COc1ccc(COc2nn(Cc3ccc(OC)cc3)c3ccccc23)cc1,10,chembal.csv,0,GSTMDKTUYLEMNX-UHFFFAOYSA-N,374.44,4.681,45.51,0,5,7,4,4
CHEMBL3116287,CCCCCOc1nn(CCCCC)c2ccc([N+](=O)[O-])cc12,10,chembal.csv,0,BYEHLGQTZYKVFJ-UHFFFAOYSA-N,319.405,4.704,70.19,0,5,10,2,2
CHEMBL3116285,c1ccc2c(COc3nn(Cc4cccc5ccccc45)c4ccccc34)cccc2c1,10,chembal.csv,0,OFOSJBGHHQNQQX-UHFFFAOYSA-N,414.508,6.97,27.05,0,3,5,6,6
CHEMBL4565602,O=C(Cc1ccc(Cl)cc1)n1nc(OCCCN2CCCCC2)c2ccccc21,10,chembal.csv,0,YAXVHOJMVWQVRY-UHFFFAOYSA-N,411.933,4.827,47.36,0,5,7,4,3
CHEMBL3116292,O=[N+]([O-])c1ccc2c(c1)c(OCc1cccc3ccccc13)nn2Cc1cccc2ccccc12,10,chembal.csv,0,XXEKUHPLQBJSJY-UHFFFAOYSA-N,459.505,6.878,70.19,0,5,6,6,6
CHEMBL4441005,COc1cc(C(=O)n2nc(OCCN3CCCC3)c3ccccc32)cc(OC)c1OC,10,chembal.csv,0,YKZLXQPXJSBUQA-UHFFFAOYSA-N,425.485,3.225,75.05,0,8,8,4,3
CHEMBL3116298,Nc1ccc2c(c1)c(OCc1ccccc1)nn2Cc1ccccc1,10,chembal.csv,0,XBGJISBWJWTPLH-UHFFFAOYSA-N,329.403,4.246,53.07,1,4,5,4,4
CHEMBL4460528,COc1ccc(CC(=O)n2nc(OCCCN3CCCCC3)c3ccccc32)cc1,10,chembal.csv,0,ZBCHIUUIHNLGDU-UHFFFAOYSA-N,407.514,4.183,56.59,0,6,8,4,3
CHEMBL3116288,O=[N+]([O-])c1ccc2c(c1)c(OCC1CCCCC1)nn2Cc1ccccc1,10,chembal.csv,0,VLMJWSVJQMZYSE-UHFFFAOYSA-N,365.433,4.952,70.19,0,5,6,4,3
CHEMBL1973869,O=[N+]([O-])c1ccc2c(c1)c(OCc1ccccc1)nn2Cc1ccccc1,10,chembal.csv,0,RUJMERFUMDLBHZ-UHFFFAOYSA-N,359.385,4.572,70.19,0,5,6,4,4
CHEMBL3116295,O=[N+]([O-])c1ccc2c(c1)c(OCc1ccc3ccccc3c1)nn2CCN1CCOCC1,10,chembal.csv,0,UPOOBDMZXYSRQK-UHFFFAOYSA-N,432.48,4.009,82.66,0,7,7,5,4
CHEMBL3116296,O=[N+]([O-])c1ccc2c(c1)c(OCc1ccc3ccccc3c1)nn2Cc1ccccc1,10,chembal.csv,0,QTJUKEFFXJKADG-UHFFFAOYSA-N,409.445,5.725,70.19,0,5,6,5,5
CHEMBL3116297,O=[N+]([O-])c1ccc2c(c1)c(OCc1ccc3ccccc3c1)nn2Cc1ccc2ccccc2c1,10,chembal.csv,0,JBWCNAHZWJPFEN-UHFFFAOYSA-N,459.505,6.878,70.19,0,5,6,6,6
CHEMBL3116278,c1ccc2c(c1)c(OCC1CCCCC1)nn2CC1CCCCC1,10,chembal.csv,0,AVHMZIMFLFDTIN-UHFFFAOYSA-N,326.484,5.576,27.05,0,3,5,4,2
CHEMBL3116293,CCCCCn1nc(OCc2ccc3ccccc3c2)c2cc([N+](=O)[O-])ccc21,10,chembal.csv,0,NVAPCERQXKPLTK-UHFFFAOYSA-N,389.455,5.867,70.19,0,5,8,4,4
CHEMBL3116289,CCCCCn1nc(OCc2ccc(OC)cc2)c2cc([N+](=O)[O-])ccc21,10,chembal.csv,0,FZCLGOSOJHUUST-UHFFFAOYSA-N,369.421,4.722,79.42,0,6,9,3,3
CHEMBL4563523,O=C(c1cccc(F)c1F)n1nc(OCCN2CCCC2)c2ccccc21,11,chembal.csv,0,HUROHLWFOLUBSA-UHFFFAOYSA-N,371.387,3.478,47.36,0,5,5,4,3
CHEMBL3116279,c1ccc(COc2nn(Cc3ccccc3)c3ccccc23)cc1,25,chembal.csv,0,LSHSFAITCUQCLP-UHFFFAOYSA-N,314.388,4.664,27.05,0,3,5,4,4
CHEMBL3116290,COc1ccc(COc2nn(CCN(C(C)C)C(C)C)c3ccc([N+](=O)[O-])cc23)cc1,100,chembal.csv,0,CGOZSABHBLOFQK-UHFFFAOYSA-N,426.517,4.651,82.66,0,7,10,3,3
CHEMBL3216429,O=C(NCCCCCCNc1c2c(nc3cc(Cl)ccc13)CCCC2)c1ccc2nc(-c3ccc(Cl)cc3)c3c(c2c1)OCCC3,1.074,chembal.csv,0,WKWQTNVUORLIAM-UHFFFAOYSA-N,653.654,9.363,76.14,2,5,10,7,5
CHEMBL3215574,O=C(CCc1ccc2nc(-c3ccccc3)c3c(c2c1)OCCC3)NCCCCCCCCNc1c2c(nc3cc(Cl)ccc13)CCCC2,1.076,chembal.csv,0,XPNGWXVMPJPEMO-UHFFFAOYSA-N,675.317,9.809,76.14,2,5,14,7,5
CHEMBL4469343,FC12CC3CC(NCCCCNc4c5c(nc6cc(Cl)ccc46)CCCC5)(CC(C1)c1ccccc13)C2,1.1,chembal.csv,0,PFHHTCZAEAYBFZ-UHFFFAOYSA-N,518.12,7.855,36.95,2,3,7,8,3
CHEMBL4451532,COc1cc2oc(-c3ccc(NCCNc4c5c(nc6cc(Cl)ccc46)CCCC5)cc3)cc(=O)c2c(OC)c1OC,1.21,chembal.csv,0,CHMUJRNDDRQZFR-UHFFFAOYSA-N,586.088,7.09,94.85,2,8,9,6,5
CHEMBL3215769,O=C(NCCCCCCCCCNc1c2c(nc3cc(Cl)ccc13)CCCC2)c1ccc2nc(-c3ccc(Cl)cc3)c3c(c2c1)OCCC3,1.391,chembal.csv,0,DYQPWUWERYOCLA-UHFFFAOYSA-N,695.735,10.533,76.14,2,5,13,7,5
CHEMBL4070182,COc1ccc(CNc2c3c(nc4cc(Cl)ccc24)CCCC3)cc1OC,1.4,chembal.csv,0,JHMQETKRNMIKSU-UHFFFAOYSA-N,382.891,5.396,43.38,1,4,5,4,3
CHEMBL4075061,Clc1ccc2c(NCc3ccccn3)c3c(nc2c1)CCCC3,1.6,chembal.csv,0,FKNJQDQMEVFNQX-UHFFFAOYSA-N,323.827,4.774,37.81,1,3,3,4,3
CHEMBL3215770,O=C(NCCCCCCCCCCNc1c2c(nc3cc(Cl)ccc13)CCCC2)c1ccc2nc(-c3ccc(Cl)cc3)c3c(c2c1)OCCC3,1.622,chembal.csv,0,GLBUKRYFJCLYRW-UHFFFAOYSA-N,709.762,10.923,76.14,2,5,14,7,5
CHEMBL1819177,Clc1ccc2c(NCCCCCCCNc3c4c(nc5cc(Cl)ccc35)-c3ccccc3C4)c3c(nc2c1)CCCC3,1.66,chembal.csv,0,QUXSCHHIUKJGMX-UHFFFAOYSA-N,595.618,10.014,49.84,2,4,10,7,5
CHEMBL4758624,COc1cc2c(cc1O)CCC(C)(CC(=O)NCCOCCOCCNc1c3c(nc4cc(Cl)ccc14)CCCC3)O2,1.84,chembal.csv,0,JNVGOUUUZBVXPV-UHFFFAOYSA-N,598.14,5.217,111.17,3,8,13,5,3
CHEMBL4091851,COc1ccc(CCNc2c3c(nc4cc(Cl)ccc24)CCCC3)cc1OC,1.9,chembal.csv,0,RUXUXXGSLJSRTL-UHFFFAOYSA-N,396.918,5.439,43.38,1,4,6,4,3
CHEMBL3215572,O=C(NCCCCCCCNc1c2c(nc3cc(Cl)ccc13)CCCC2)c1ccc2nc(-c3ccc(Cl)cc3)c3c(c2c1)OCCC3,1.931,chembal.csv,0,SYACMZGTAWHUQF-UHFFFAOYSA-N,667.681,9.753,76.14,2,5,11,7,5
CHEMBL4438626,O=C(CCCNc1c2c(nc3cc(Cl)ccc13)CCCC2)NC12CC3CC(F)(CC(C1)c1ccccc13)C2,2.3,chembal.csv,0,TYMUTPUANLZRMT-UHFFFAOYSA-N,532.103,7.381,54.02,2,3,6,8,3
CHEMBL4462369,O=C(CCCCNc1c2c(nc3cc(Cl)ccc13)CCCC2)NC12CC3CC(F)(CC(C1)c1ccccc13)C2,2.4,chembal.csv,0,QCLKADUVPRHWRU-UHFFFAOYSA-N,546.13,7.771,54.02,2,3,7,8,3
CHEMBL191758,NCCCNc1c2c(nc3cc(Cl)ccc13)CCCC2,2.58,chembal.csv,0,FPBUGSBZFOFWAX-UHFFFAOYSA-N,289.81,3.528,50.94,2,3,4,3,2
CHEMBL4215154,COc1ccc(Cn2cc(C(=O)NCCCCNc3c4c(nc5cc(Cl)ccc35)CCCC4)c(=O)c3ccccc32)cc1,3.12,chembal.csv,0,QEYUTNWPWKWLIR-UHFFFAOYSA-N,595.143,6.761,85.25,2,6,10,6,5
CHEMBL4213591,COc1ccc(Cn2cc(C(=O)NCCCCCCCNc3c4c(nc5cc(Cl)ccc35)CCCC4)c(=O)c3ccccc32)cc1,3.34,chembal.csv,0,ZGACJRITTJMLJD-UHFFFAOYSA-N,637.224,7.931,85.25,2,6,13,6,5
CHEMBL4210729,COc1ccc(Cn2cc(C(=O)NCCCNc3c4c(nc5cc(Cl)ccc35)CCCC4)c(=O)c3ccccc32)cc1,3.72,chembal.csv,0,MXLDMFKZOSQDCE-UHFFFAOYSA-N,581.116,6.371,85.25,2,6,9,6,5
CHEMBL1819178,Clc1ccc2c(NCCCCCCCOc3ccc(-c4cc5ccccc5o4)cc3)c3c(nc2c1)CCCC3,7.28,chembal.csv,0,YKUWYPPZSUFMOI-UHFFFAOYSA-N,539.119,9.622,47.29,1,4,11,6,5
CHEMBL4217660,COc1ccc(Cn2cc(C(=O)NCCCCCNc3c4c(nc5cc(Cl)ccc35)CCCC4)c(=O)c3ccccc32)cc1,7.74,chembal.csv,0,SKNXOZMELLESMQ-UHFFFAOYSA-N,609.17,7.151,85.25,2,6,11,6,5
CHEMBL4569511,COc1cc2oc(-c3ccc(NCCCCNc4c5c(nc6cc(Cl)ccc46)CCCC5)cc3)cc(=O)c2c(OC)c1OC,8.69,chembal.csv,0,CCGIYZLQUZJLKH-UHFFFAOYSA-N,614.142,7.87,94.85,2,8,11,6,5
CHEMBL4217346,COc1ccc(Cn2cc(C(=O)NCCCCCCNc3c4c(nc5cc(Cl)ccc35)CCCC4)c(=O)c3ccccc32)cc1,13.4,chembal.csv,0,YFVYBUDUJCAOHJ-UHFFFAOYSA-N,623.197,7.541,85.25,2,6,12,6,5
CHEMBL4203672,COc1ccc(Cn2cc(C(=O)NCCCCCCCCNc3c4c(nc5cc(Cl)ccc35)CCCC4)c(=O)c3ccccc32)cc1,37.2,chembal.csv,0,OBXCJDDMEPVENQ-UHFFFAOYSA-N,651.251,8.321,85.25,2,6,14,6,5
CHEMBL5408925,Cc1cc(=O)[nH]c2c1C(=O)C(NCCCNc1c3c(nc4cc(Cl)ccc14)CCCC3)=CC2=O,1340,chembal.csv,0,FSAILKBVUYCXNV-UHFFFAOYSA-N,476.964,4.118,103.95,3,6,6,5,3
CHEMBL5417392,Cc1cc(=O)[nH]c2c1C(=O)C(NCCNc1c3c(nc4cc(Cl)ccc14)CCCC3)=CC2=O,2100,chembal.csv,0,XNJHYFAIQOFIJJ-UHFFFAOYSA-N,462.937,3.728,103.95,3,6,5,5,3
CHEMBL5423918,Cc1cc(=O)[nH]c2c1C(=O)C(NCCCCNc1c3c(nc4cc(Cl)ccc14)CCCC3)=CC2=O,2830,chembal.csv,0,GKOUESSFMCKDBI-UHFFFAOYSA-N,490.991,4.509,103.95,3,6,7,5,3
CHEMBL5408201,O=C(NCCCNc1c2c(nc3cc(Cl)ccc13)CCCC2)c1nc2ccc([N+](=O)[O-])cc2s1,4657,chembal.csv,0,JTJQWNKGAGILHA-UHFFFAOYSA-N,495.992,5.517,110.05,2,7,7,5,4
CHEMBL584935,O=C(O[C@@H]1CO[C@H]2[C@@H]1OC[C@@H]2OC(=O)N1CCOCC1)c1ccccc1O,1.057,chembal.csv,0,ARRUAHVIUMGOSR-QKPAOTATSA-N,379.365,0.553,103.76,1,8,3,4,1
CHEMBL606050,CCCCNC(=O)O[C@H]1CO[C@H]2[C@@H]1OC[C@H]2OC(=O)NCCCC,1.22,chembal.csv,0,KFJGIBINELGQIA-XJFOESAGSA-N,344.408,1.574,95.12,2,6,8,2,0
CHEMBL521852,O=C(NC1CCCCC1)O[C@H]1CO[C@H]2[C@@H]1OC[C@H]2O[N+](=O)[O-],2.5,chembal.csv,0,HHQBHYZANLCQHI-IRCOFANPSA-N,316.31,0.788,109.16,1,7,4,3,0
CHEMBL570549,CCN(CC)C(=O)O[C@H]1CO[C@H]2[C@@H]1OC[C@H]2OC(=O)c1ccccc1O,2.609,chembal.csv,0,PMKRTOYOPPPWAY-QKPAOTATSA-N,365.382,1.562,94.53,1,7,5,3,1
CHEMBL492430,CCCCCCc1ccc(C(=O)O[C@@H]2CO[C@H]3[C@@H]2OC[C@@H]3OC(=O)NCc2ccccc2)cc1,2.8,chembal.csv,0,VYFBZKSIVDUXHA-ZFFYZDHPSA-N,467.562,4.427,83.09,1,6,10,4,2
CHEMBL524046,O=C(NCc1ccccc1)O[C@H]1CO[C@H]2[C@@H]1OC[C@H]2O,3.7,chembal.csv,0,LYJZFQNPWOVWIJ-YVECIDJPSA-N,279.292,0.44,77.02,2,5,3,3,1
CHEMBL494518,CCNC(=O)O[C@H]1CO[C@H]2[C@@H]1OC[C@H]2O[N+](=O)[O-],3.9,chembal.csv,0,KSNZOFCCDYSKSB-LXGUWJNJSA-N,262.218,-0.524,109.16,1,7,4,2,0
CHEMBL493460,CC(=O)O[C@@H]1CO[C@H]2[C@@H]1OC[C@@H]2OC(=O)NCc1ccccc1,4.1,chembal.csv,0,RMUIRACCZOGQBC-LXTVHRRPSA-N,321.329,1.011,83.09,1,6,4,3,1
CHEMBL572572,CO[C@H]1O[C@@H]([C@H](N=[N+]=[N-])C(=O)OCc2ccccc2)[C@@H](OCc2ccccc2)[C@@]2(OCc3ccccc3)[C@@H](OCc3ccccc3)CO[C@@H]12,4.2,chembal.csv,0,RVUSMHLGTHKPQD-QWODULEOSA-N,665.743,6.305,130.44,0,9,15,6,4
CHEMBL610339,CCOC(=O)/C=C1\CO[C@@H]2[C@@H](OC(=O)NCc3ccccc3)CO[C@H]12,4.8,chembal.csv,0,LJURXGOLXIHGOS-IXGKHMISSA-N,347.367,1.568,83.09,1,6,5,3,1
CHEMBL492179,CNC(=O)O[C@H]1CO[C@H]2[C@@H]1OC[C@H]2O[N+](=O)[O-],5.1,chembal.csv,0,DEDWFQACIHPQHF-BDVNFPICSA-N,248.191,-0.914,109.16,1,7,3,2,0
CHEMBL604756,O=C(NCc1ccccc1)O[C@H]1CO[C@@H]2C=CO[C@H]12,10.25,chembal.csv,0,UTPHHPSKWGQKDT-AGIUHOORSA-N,261.277,1.593,56.79,1,4,3,3,1
CHEMBL600622,CCCNC(=O)O[C@H]1CO[C@H]2[C@@H]1OC[C@H]2OC(=O)NCCC,10.4,chembal.csv,0,FHZOSQQIPPAAMJ-WRWGMCAJSA-N,316.354,0.794,95.12,2,6,6,2,0
CHEMBL572796,CO[C@H]1O[C@@H]([C@@H](N=[N+]=[N-])C(=O)OCc2ccccc2)[C@@H](OCc2ccccc2)[C@@]2(OCc3ccccc3)[C@@H](OCc3ccccc3)CO[C@@H]12,13.4,chembal.csv,0,RVUSMHLGTHKPQD-LEVNGWQZSA-N,665.743,6.305,130.44,0,9,15,6,4
CHEMBL572547,CO[C@H]1O[C@@H]([C@@H](O)C(=O)OCc2ccccc2)[C@@H](OCc2ccccc2)[C@@]2(OCc3ccccc3)[C@@H](OCc3ccccc3)CO[C@@H]12,16.1,chembal.csv,0,WYWAMKOIDUUTQQ-LEVNGWQZSA-N,640.729,4.987,101.91,1,9,14,6,4
CHEMBL583293,CC(=O)Nc1nc(Cl)c2c(ncn2[C@@H]2O[C@@H]([C@H](N=[N+]=[N-])C(=O)OCc3ccccc3)[C@@H](OCc3ccccc3)[C@@]3(OCc4ccccc4)[C@@H](OCc4ccccc4)CO[C@@H]23)n1,22,chembal.csv,0,OZRPCWAIKHUNKH-KVNSLZTLSA-N,845.313,7.283,193.91,1,13,16,8,6
CHEMBL575830,C=C[C@H](O)[C@@H]1O[C@H](OC)[C@@H]2OC[C@H](OCc3ccccc3)[C@]2(OCc2ccccc2)[C@@H]1OCc1ccccc1,31,chembal.csv,0,IJKSSCBBAGFHNZ-FESSDJLHSA-N,532.633,4.43,75.61,1,7,12,5,3
CHEMBL574734,C=C[C@@H](O)[C@@H]1O[C@H](OC)[C@@H]2OC[C@H](OCc3ccccc3)[C@]2(OCc2ccccc2)[C@@H]1OCc1ccccc1,50,chembal.csv,0,IJKSSCBBAGFHNZ-RAUAQCOESA-N,532.633,4.43,75.61,1,7,12,5,3
CHEMBL572603,CO[C@H]1O[C@@H]([C@H](O)C(=O)OCc2ccccc2)[C@@H](OCc2ccccc2)[C@@]2(OCc3ccccc3)[C@@H](OCc3ccccc3)CO[C@@H]12,133,chembal.csv,0,WYWAMKOIDUUTQQ-QWODULEOSA-N,640.729,4.987,101.91,1,9,14,6,4
CHEMBL574727,CO[C@H]1O[C@H](CO)[C@@H](OCc2ccccc2)[C@@]2(OCc3ccccc3)[C@@H](OCc3ccccc3)CO[C@@H]12,148,chembal.csv,0,KRNCSPAEWZMMNR-DYXWLRBRSA-N,506.595,3.875,75.61,1,7,11,5,3
CHEMBL4445099,CC(=O)N[C@@H](CCCCn1cc(-c2ccccc2)nn1)C(=O)NCC1CCN(Cc2ccccc2)CC1,1.02,chembal.csv,0,XBJDTELTAIBIJL-MHZLTWQESA-N,502.663,3.649,92.15,2,6,12,4,3
CHEMBL3892044,O=C(/C=C/c1cccc(O)c1)NCCC1CCN(Cc2ccccc2)CC1,1.02,chembal.csv,0,NHFVKPVESFSIPR-MDZDMXLPSA-N,364.489,3.824,52.57,2,3,7,3,2
CHEMBL5202267,O=C(COc1ccccc1C(F)(F)F)NCC1CCN(Cc2ccccc2)CC1,1.02,chembal.csv,0,FWDVLVZVHRZRAM-UHFFFAOYSA-N,406.448,4.113,41.57,1,3,7,3,2
CHEMBL3819231,COc1cc(/C=C/C(=O)NCCC2CCN(Cc3ccccc3)CC2)cc(OC)c1O,1.22,chembal.csv,0,GXZHJSKUOGHRTO-CMDGGOBGSA-N,424.541,3.841,71.03,2,5,9,3,2
CHEMBL3943366,C#CCN1CCCC(CNS(=O)(=O)c2ccc3ccccc3c2)C1,1.223,chembal.csv,0,UWQSVNKQBCCLCY-UHFFFAOYSA-N,342.464,2.463,49.41,1,3,5,3,2
CHEMBL4093947,CCOC(=O)[C@H](CCC(=O)NCCC1CCN(Cc2ccccc2)CC1)NC(=O)c1ccccc1,1.3,chembal.csv,0,ORJDLJRUUNFZIZ-VWLOTQADSA-N,479.621,3.547,87.74,2,5,12,3,2
CHEMBL389049,O=C(OCCCCN1CCC(OCc2ccccc2)CC1)c1cccc(Cl)c1,1.35,chembal.csv,0,NDGPQNPYSUGIAY-UHFFFAOYSA-N,401.934,4.958,38.77,0,4,9,3,2
CHEMBL4845699,CC(C)(C)OC(=O)N1CCCC(CNCCOc2cccc3c2CCN3S(=O)(=O)c2ccccc2)C1,1.36,chembal.csv,0,MNDYCVQCRNHOTO-UHFFFAOYSA-N,515.676,4.054,88.18,1,6,8,4,2
CHEMBL3819548,O=C(/C=C/c1ccccc1)NCCC1CCN(Cc2ccccc2)CC1,1.41,chembal.csv,0,IPNCANNCIDZOHY-VAWYXSNFSA-N,348.49,4.118,32.34,1,2,7,3,2
CHEMBL5185868,O=C(COc1ccc(Cl)cc1[N+](=O)[O-])NCCN1CCN(Cc2ccccc2)CC1,1.41,chembal.csv,0,DIPUHFMEXYWVPD-UHFFFAOYSA-N,432.908,2.561,87.95,1,6,9,3,2
CHEMBL4793387,O=C(Nc1ccccc1)OCC1CCN(C2Cc3ccccc3C2)CC1,1.433,chembal.csv,0,TVXNBKDMGAGSDZ-UHFFFAOYSA-N,350.462,4.115,41.57,1,3,4,4,2
CHEMBL4075840,O=C(NCC1CCCN(Cc2ccccc2)C1)c1ccc2ccccc2c1,1.437,chembal.csv,0,GWHUPERVLFNZSH-UHFFFAOYSA-N,358.485,4.482,32.34,1,2,5,4,3
CHEMBL2088781,N#Cc1c(N)nc(NCCCC2CCN(Cc3ccccc3)CC2)c(C#N)c1-c1ccccc1,1.5,chembal.csv,0,RPCOLXBXNDZKDX-UHFFFAOYSA-N,450.59,5.178,101.76,2,6,8,4,3
CHEMBL228359,O=C(OCCCCN1CCC(OCc2ccccc2)CC1)c1cccc(F)c1,1.58,chembal.csv,0,YJPYLKLJKPTNBQ-UHFFFAOYSA-N,385.479,4.444,38.77,0,4,9,3,2
CHEMBL1202875,c1ccc(CN2CCC(CCOc3ccc(-c4ccccc4)nn3)CC2)cc1,1.6,chembal.csv,0,VZIIROIDZAERNQ-UHFFFAOYSA-N,373.5,4.825,38.25,0,4,7,4,3
CHEMBL4283974,CN(C)CCN(CC1CCCN(C2Cc3ccccc3C2)C1)C(=O)c1ccc2c([N+](=O)[O-])ccc(O)c2n1,1.6118,chembal.csv,0,UWLRAGZJMKQUGF-UHFFFAOYSA-N,517.63,3.732,103.05,1,7,8,5,3
CHEMBL5288840,COc1cc2c(cc1OC)/C(=N\NC(=O)CNC(=O)C(C)c1ccc(CC(C)C)cc1)C(CC1CCN(Cc3ccccc3)CC1)C2,1.64,chembal.csv,0,NUEAHYMDXCXIOO-CWAJCWQHSA-N,638.853,6.117,92.26,2,6,13,5,3
CHEMBL1929421,C#CCN(C)Cc1cc2cc(OCCCC3CCN(Cc4ccccc4)CC3)ccc2n1C,1.7,chembal.csv,0,ADCBAOTWERXLAP-UHFFFAOYSA-N,443.635,5.315,20.64,0,4,10,4,3
CHEMBL2088786,N#Cc1cc(C#N)c(NCCCCC2CCN(Cc3ccccc3)CC2)nc1N,1.7,chembal.csv,0,LZUQODKACLHUIP-UHFFFAOYSA-N,388.519,3.902,101.76,2,6,8,3,2
CHEMBL4783852,CC(C)c1ccc(NC(=O)OC2CCN(Cc3ccccc3)CC2)cc1,1.74,chembal.csv,0,RUFCJFOENLCATM-UHFFFAOYSA-N,352.478,5.023,41.57,1,3,5,3,2
CHEMBL1080631,CCCCCCOC(=O)[C@H](CCC(=O)NCCC1CCN(Cc2ccccc2)CC1)NC(=O)c1ccccc1,1.75,chembal.csv,0,XFEJPTLRXOZZDA-LJAQVGFWSA-N,535.729,5.107,87.74,2,5,16,3,2
CHEMBL4294752,CN(C)CCN(CC1CCCN(C2Cc3ccccc3C2)C1)C(=O)c1ccc(O)cc1,1.7942,chembal.csv,0,GYRDTCUJPWURGA-UHFFFAOYSA-N,421.585,3.275,47.02,1,4,7,4,2
CHEMBL1080813,CCCCCCOC(=O)[C@H](CCC(=O)NCCC1CCN(Cc2ccccc2)CC1)NC(=O)c1cccs1,1.8,chembal.csv,0,OCZMNYKUZZMGJF-SANMLTNESA-N,541.758,5.169,87.74,2,6,16,3,2
CHEMBL4076207,CCCCCCOC(=O)[C@H](CCC(=O)NCCC1CCN(Cc2ccccc2)CC1)NC(=O)c1c[nH]c2ccccc12,1.85,chembal.csv,0,MLLNAYHUDYUGTJ-HKBQPEDESA-N,574.766,5.589,103.53,3,5,16,4,3
CHEMBL228950,O=C(OCCCCN1CCC(OCc2ccccc2)CC1)c1ccccc1,1.89,chembal.csv,0,PIHTVJYRMYAPDJ-UHFFFAOYSA-N,367.489,4.305,38.77,0,4,9,3,2
CHEMBL4557745,CCOc1ccc2[nH]c(SCc3cn(CC4CCN(Cc5ccccc5)CC4)nn3)nc2c1,1.91,chembal.csv,0,NKKAMUQXVHRNQH-UHFFFAOYSA-N,462.623,4.758,71.86,1,7,9,5,4
CHEMBL3361270,O=S(=O)(CCCN1CCN(Cc2ccccc2)CC1)NCCNc1cccc2ccccc12,2,chembal.csv,0,PPLHOCSIKGJWTP-UHFFFAOYSA-N,466.651,3.379,64.68,2,5,11,4,3
CHEMBL3818990,O=C(/C=C/c1ccc(Cl)cc1)NCCC1CCN(Cc2ccccc2)CC1,2.07,chembal.csv,0,YFJBXYWLXWUNPK-DHZHZOJOSA-N,382.935,4.772,32.34,1,2,7,3,2
CHEMBL3291019,C#CCN(Cc1ccc(O)c2ncccc12)C(C#N)CCC1CCN(Cc2ccccc2)CC1,2.1,chembal.csv,0,ATRSFRGWPPYVGZ-UHFFFAOYSA-N,452.602,4.96,63.39,1,5,9,4,3
CHEMBL3593652,COCCN(CC1CCN(Cc2nc3ccccc3s2)CC1)C(=O)c1cc([N+](=O)[O-])c2cccnc2c1O,2.14,chembal.csv,0,DEMUYLZJYKLKKF-UHFFFAOYSA-N,535.626,4.459,121.93,1,9,9,5,4
CHEMBL5169781,O=C(COc1ccc(Cl)cc1)NCCN1CCN(Cc2ccccc2)CC1,2.15,chembal.csv,0,AJIIKPBRJPXZMA-UHFFFAOYSA-N,387.911,2.653,44.81,1,4,8,3,2
CHEMBL95020,O=C1Cc2c(ccc3c(CCC4CCN(Cc5ccccc5)CC4)noc23)N1,2.2,chembal.csv,0,OICRNZHKHYSUOP-UHFFFAOYSA-N,375.472,4.167,58.37,1,4,5,5,3
CHEMBL5178350,Cc1cc(Br)cc(C)c1OCC(=O)NCC1CCN(Cc2ccccc2)CC1,2.22,chembal.csv,0,SJVAIPRSGJQDIC-UHFFFAOYSA-N,445.401,4.473,41.57,1,3,7,3,2
CHEMBL4764997,COc1ccc(-c2cc(C(=O)N3CCN(Cc4ccccc4)CC3)c3ccccc3n2)cc1,2.4,chembal.csv,0,GAGZEGAZKAPJPQ-UHFFFAOYSA-N,437.543,4.868,45.67,0,4,5,5,4
CHEMBL4284141,CN(C)CCN(CC1CCCN(C2Cc3ccccc3C2)C1)C(=O)c1cccc(O)c1,2.4851,chembal.csv,0,QKADCQYFJRGKHJ-UHFFFAOYSA-N,421.585,3.275,47.02,1,4,7,4,2
CHEMBL5272511,COc1cc2c(cc1OC)/C(=N\N)C(CC1CCN(Cc3ccccc3)CC1)C2,2.54,chembal.csv,0,JNNSZXVFWZVNAW-LCUIJRPUSA-N,393.531,3.841,60.08,1,5,6,4,2
CHEMBL4760122,Cn1c(=O)sc2cc(NC(=O)CCCCN3CCC(c4ccccc4)CC3)ccc21,2.56,chembal.csv,0,FYJFGLBOOSWANX-UHFFFAOYSA-N,423.582,4.588,54.34,1,5,7,4,3
CHEMBL3891772,C#CCN1CCC(CNS(=O)(=O)c2ccc3ccccc3c2)CC1,2.6,chembal.csv,0,NBWJADYFSHGGRO-UHFFFAOYSA-N,342.464,2.463,49.41,1,3,5,3,2
CHEMBL5174183,O=C(CN1CCN(Cc2ccccc2)CC1)Nc1n[nH]c2ncccc12,2.806,chembal.csv,0,ALQDGYVZZVYOGY-UHFFFAOYSA-N,350.426,1.714,77.15,2,5,5,4,3
CHEMBL4440392,c1ccc(CN2CCC(Cn3cc(CNc4ncnc5ccccc45)nn3)CC2)cc1,2.95,chembal.csv,0,GTJVRLSLZZLTQZ-UHFFFAOYSA-N,413.529,3.746,71.76,1,7,7,5,4
CHEMBL1082081,CCCCCCOC(=O)[C@H](CCC(=O)NCCC1CCN(Cc2ccccc2)CC1)NC(=O)OC(C)(C)C,3,chembal.csv,0,MZBCWMLDVRAXQY-SANMLTNESA-N,531.738,5.202,96.97,2,6,15,2,1
CHEMBL5288918,COc1cc2c(cc1OC)/C(=N\NC(=O)C(NC(=O)C(C)c1ccc(CC(C)C)cc1)C(C)C)C(CC1CCN(Cc3ccccc3)CC1)C2,3.23,chembal.csv,0,JJNNHTVFAVRIPN-ZJWNILRBSA-N,680.934,7.142,92.26,2,6,14,5,3
CHEMBL3818086,COc1ccc(/C=C/C(=O)NCCC2CCN(Cc3ccccc3)CC2)cc1O,3.24,chembal.csv,0,ARNJIILWEVFCOO-CSKARUKUSA-N,394.515,3.833,61.8,2,4,8,3,2
CHEMBL4800026,CC(C)c1ccc(NC(=O)OC2CCCN(Cc3ccccc3)C2)cc1,3.25,chembal.csv,0,PCRCEFXLDHXCPZ-UHFFFAOYSA-N,352.478,5.023,41.57,1,3,5,3,2
CHEMBL5288465,O=C1CC2CCc3sccc3C2=NN1CCCCN1CCN(Cc2ccccc2)CC1,3.3,chembal.csv,0,KMKOTLZTNMZGJF-UHFFFAOYSA-N,436.625,3.845,39.15,0,5,7,5,2
CHEMBL3964515,C#CCN1CCCC(CN(CCOC)C(=O)c2ccc3ccccc3c2)C1,3.306,chembal.csv,0,FTXYXGOUTSVXAQ-UHFFFAOYSA-N,364.489,3.274,32.78,0,3,7,3,2
CHEMBL542543,Cc1nc2ccc(C(=O)CCC3CCN(Cc4ccccc4)CC3)cc2s1,3.4,chembal.csv,0,WUDBCFDOLSHYHH-UHFFFAOYSA-N,378.541,5.48,33.2,0,4,6,4,3
CHEMBL3764211,Cc1cc(=O)oc2cc(CNCCC3CCN(Cc4ccccc4)CC3)ccc12,3.45,chembal.csv,0,HZEOKPNLIUABIQ-UHFFFAOYSA-N,390.527,4.493,45.48,1,4,7,4,3
CHEMBL389048,O=C(OCCCCN1CCC(OCc2ccccc2)CC1)c1ccc(Cl)cc1,3.52,chembal.csv,0,ZUARKRNDJKGEIT-UHFFFAOYSA-N,401.934,4.958,38.77,0,4,9,3,2
CHEMBL5199487,O=C(CCN1CCN(Cc2ccccc2)CC1)Nc1n[nH]c2ncccc12,3.567,chembal.csv,0,KDMZZYWXGOGWFK-UHFFFAOYSA-N,364.453,2.104,77.15,2,5,6,4,3
CHEMBL1940619,COC1=CC(=O)C(N2CCC(C3CCN(Cc4ccccc4OC)CC3)CC2)=CC1=O,3.58,chembal.csv,0,HDRFYRNIKMJEQI-UHFFFAOYSA-N,424.541,3.185,59.08,0,6,6,4,1
CHEMBL5185843,COc1ccc(C(=O)Cc2ncc(C(=O)NC3CCN(Cc4ccccc4)CC3)cn2)cc1,3.7,chembal.csv,0,ORAHSLZARVMGAX-UHFFFAOYSA-N,444.535,3.305,84.42,1,6,8,4,3
CHEMBL4080691,CCOC(=O)[C@H](CCC(=O)NCCC1CCN(Cc2ccccc2)CC1)NC(=O)c1ccc2cc(OC)ccc2c1,3.8,chembal.csv,0,WRHFBOQIYDLZNC-PMERELPUSA-N,559.707,4.709,96.97,2,6,13,4,3
CHEMBL328468,O=C1Cc2cc3onc(CCC4CCN(Cc5ccccc5)CC4)c3cc2N1,3.9,chembal.csv,0,GDDBSWQWOFNCSG-UHFFFAOYSA-N,375.472,4.167,58.37,1,4,5,5,3
CHEMBL329231,O=C1CCc2cc3c(CCC4CCN(Cc5ccccc5)CC4)noc3cc2N1,4,chembal.csv,0,UQBAAIYCOXDDQQ-UHFFFAOYSA-N,389.499,4.557,58.37,1,4,5,5,3
CHEMBL3952086,C#CCN1CCC(CN(CCOC)C(=O)c2ccc3ccccc3c2)CC1,4.04,chembal.csv,0,XRHQVRLQJJVPLD-UHFFFAOYSA-N,364.489,3.274,32.78,0,3,7,3,2
CHEMBL5190969,Cc1cc(Br)cc(C)c1OCC(=O)NCCN1CCN(Cc2ccccc2)CC1,4.1,chembal.csv,0,ICWISHUNHXKOMC-UHFFFAOYSA-N,460.416,3.379,44.81,1,4,8,3,2
CHEMBL5285633,O=C1CC2CCCc3ccsc3C2=NN1CCCCN1CCN(Cc2ccccc2)CC1,4.13,chembal.csv,0,BSRISIKVNVNLJD-UHFFFAOYSA-N,450.652,4.235,39.15,0,5,7,5,2
CHEMBL555075,CCn1c(C)nc2cc(C(=O)CCC3CCN(Cc4ccccc4)CC3)ccc21,4.2,chembal.csv,0,NMPLPABDEKPABN-UHFFFAOYSA-N,389.543,5.24,38.13,0,4,7,4,3
CHEMBL3818782,O=C(/C=C/c1ccc([N+](=O)[O-])cc1)NCCC1CCN(Cc2ccccc2)CC1,4.23,chembal.csv,0,IVQHLHDDUYVRFY-DHZHZOJOSA-N,393.487,4.027,75.48,1,4,8,3,2
CHEMBL552832,O=C(CCC1CCN(Cc2ccccc2)CC1)c1ccccc1,4.3,chembal.csv,0,XDGMPBUKARQUCK-UHFFFAOYSA-N,307.437,4.562,20.31,0,2,6,3,2
CHEMBL3916769,COc1ccc(/C=C/C(=O)NCCC2CCN(Cc3ccccc3)CC2)c(OC)c1,4.39,chembal.csv,0,AHWHBOQIIOPNCM-PKNBQFBNSA-N,408.542,4.136,50.8,1,4,9,3,2
CHEMBL5220219,C#CCN1CCC(CCc2cccc(OC(=O)Nc3ccccc3)c2)CC1,4.4,chembal.csv,0,SZFFVKKUVUJADB-UHFFFAOYSA-N,362.473,4.575,41.57,1,3,6,3,2
CHEMBL4643381,O=C1CN(/N=C/c2ccc(-c3ccccc3[N+](=O)[O-])o2)C(=O)N1CCC1CCN(Cc2ccccc2)CC1,4.47,chembal.csv,0,UJKROTZTWUTZKN-RDRPBHBLSA-N,515.57,4.755,112.5,0,7,9,5,3
CHEMBL94546,CN1C(=O)Cc2cc3c(CCC4CCN(Cc5ccccc5)CC4)noc3cc21,4.5,chembal.csv,0,GBRYDMXCJVBJHH-UHFFFAOYSA-N,389.499,4.192,49.58,0,4,5,5,3
CHEMBL3972913,C#CCN1CCC(CN(CCCOC)C(=O)c2ccc3ccccc3c2)CC1,4.59,chembal.csv,0,HXSGFMAVGTWUKU-UHFFFAOYSA-N,378.516,3.664,32.78,0,3,8,3,2
CHEMBL5207120,O=C(COc1ccc(Cl)cc1[N+](=O)[O-])NCC1CCN(Cc2ccccc2)CC1,4.7,chembal.csv,0,JIGJRZZQZSNHLN-UHFFFAOYSA-N,417.893,3.655,84.71,1,5,8,3,2
CHEMBL557181,O=C(CCC1CCN(Cc2ccccc2)CC1)c1ccc2c(c1)OCCO2,4.8,chembal.csv,0,ZCUGLCPNDXQRDS-UHFFFAOYSA-N,365.473,4.333,38.77,0,4,6,4,2
CHEMBL3407581,C#CCN(C)Cc1cc2cc(OCCCC3CCN(Cc4ccccc4C)CC3)ccc2n1C,4.9,chembal.csv,0,MENPQHDIPOYDSI-UHFFFAOYSA-N,457.662,5.623,20.64,0,4,10,4,3
CHEMBL5189408,O=C(COc1cc(F)ccc1[N+](=O)[O-])NCCN1CCN(Cc2ccccc2)CC1,5.01,chembal.csv,0,LFMKGNKNBKYFSY-UHFFFAOYSA-N,416.453,2.047,87.95,1,6,9,3,2
CHEMBL3361265,O=S(=O)(CCCN1CCC(c2ccccc2)CC1)NCCNc1cccc2ccccc12,5.08,chembal.csv,0,IPWBECFAJPVZBZ-UHFFFAOYSA-N,451.636,4.441,61.44,2,4,10,4,3
CHEMBL5182803,O=C(COc1ccc(CCc2ccccc2)cc1)NCC1CCN(Cc2ccccc2)CC1,5.08,chembal.csv,0,UXCXYERTOFOPQT-UHFFFAOYSA-N,442.603,4.879,41.57,1,3,10,4,3
CHEMBL5283494,O=C1CC2CCc3ccsc3C2=NN1CCN1CCN(Cc2ccccc2)CC1,5.11,chembal.csv,0,BNGICRROXYSOFL-UHFFFAOYSA-N,408.571,3.065,39.15,0,5,5,5,2
CHEMBL228301,O=C(OCCCCN1CCC(OCc2ccccc2)CC1)c1ccc([N+](=O)[O-])cc1,5.23,chembal.csv,0,CBYWQHUSTLWEBJ-UHFFFAOYSA-N,412.486,4.213,81.91,0,6,10,3,2
CHEMBL4873612,O=C(Nc1cncc(OCC2CCN(Cc3ccc(F)cc3)CC2)c1)c1ccnc(NC(=O)C2CC2)c1,5.3,chembal.csv,0,YNKUUJYZUJYJRR-UHFFFAOYSA-N,503.578,4.508,96.45,2,6,9,5,3
CHEMBL4448634,O=C(Cc1c[nH]c2ccccc12)NCc1cn(CC2CCN(Cc3ccccc3)CC2)nn1,5.3,chembal.csv,0,HZLGXQZTFGYMDI-UHFFFAOYSA-N,442.567,3.531,78.84,2,5,8,5,4
CHEMBL5170984,O=C(COc1ccc(-c2ccccc2)cc1)NCC1CCN(Cc2ccccc2)CC1,5.58,chembal.csv,0,OTKIZSHLVPXZAG-UHFFFAOYSA-N,414.549,4.761,41.57,1,3,8,4,3
CHEMBL5270598,O=C1CC2CCc3ccsc3C2=NN1CN1CCN(Cc2ccccc2)CC1,5.58,chembal.csv,0,KBZBQWNBLHHFJW-UHFFFAOYSA-N,394.544,3.022,39.15,0,5,4,5,2
CHEMBL5175950,O=C(COc1ccc(Cl)cc1)NCC1CCN(Cc2ccccc2)CC1,5.61,chembal.csv,0,KWJWMJSYPDQVAD-UHFFFAOYSA-N,372.896,3.747,41.57,1,3,7,3,2
CHEMBL2419684,N#Cc1c(Cl)nc(NCCCCC2CCN(Cc3ccccc3)CC2)c(C#N)c1-c1ccccc1,5.62,chembal.csv,0,NXFUAVRJMVGTEU-UHFFFAOYSA-N,484.047,6.64,75.74,1,5,9,4,3
CHEMBL5186796,COc1ccc(C(=O)Cc2ncc(C(=O)N3CCN(Cc4ccccc4)CC3)cn2)cc1,5.7,chembal.csv,0,WNHJUQLRFUJEME-UHFFFAOYSA-N,430.508,2.869,75.63,0,6,7,4,3
CHEMBL3407582,C#CCN(C)Cc1cc2cc(OCCCC3CCN(Cc4ccc(OC(=O)N(C)C)c5ncccc45)CC3)ccc2n1C,5.9,chembal.csv,0,PXAIJXLXGTZZNP-UHFFFAOYSA-N,581.761,5.923,63.07,0,7,11,5,4
CHEMBL4174514,COc1cc2c(cc1OC)C(=O)C(CC1CCN(Cc3cc(Cl)c4ccccc4n3)CC1)C2,5.99,chembal.csv,0,HGEXYRKZAHOORK-UHFFFAOYSA-N,464.993,5.563,51.66,0,5,6,5,3
CHEMBL542297,Cc1nc2cc(C(=O)CCC3CCN(Cc4ccccc4)CC3)ccc2[nH]1,6.2,chembal.csv,0,LTHKGHCYYOBVQU-UHFFFAOYSA-N,361.489,4.746,48.99,1,3,6,4,3
CHEMBL3889625,COc1cc2c(cc1OC)C(=O)C(CC1CCN(Cc3ccc4ccccc4n3)CC1)C2,6.35,chembal.csv,0,QWDLRZDIIOSNHC-UHFFFAOYSA-N,430.548,4.909,51.66,0,5,6,5,3
CHEMBL486699,COc1cc2c(cc1OC)CC(CC1CCN(Cc3ccccc3)CC1)C2,6.401,chembal.csv,0,DUOWFFYJKGBOQB-UHFFFAOYSA-N,365.517,4.721,21.7,0,3,6,4,2
CHEMBL4174269,COc1cc2c(cc1OC)C(=O)C(CC1CCN(Cc3cc(N)c4ccccc4n3)CC1)C2,6.54,chembal.csv,0,IVWHCJWPOJBTGB-UHFFFAOYSA-N,445.563,4.492,77.68,1,6,6,5,3
CHEMBL4794030,O=C(Nc1ccccc1)OC1CCN(Cc2ccccc2)CC1,6.55,chembal.csv,0,HGOQLBZCERINRQ-UHFFFAOYSA-N,310.397,3.9,41.57,1,3,4,3,2
CHEMBL2088785,N#Cc1cc(C#N)c(NCCCC2CCN(Cc3ccccc3)CC2)nc1N,6.6,chembal.csv,0,LQXBMNZBJKBXIZ-UHFFFAOYSA-N,374.492,3.511,101.76,2,6,7,3,2
CHEMBL4280532,Cc1c(C)c2c(c(C)c1O)CCC(C)(C(=O)N(CCN(C)C)CC1CCCN(C3Cc4ccccc4C3)C1)O2,6.9164,chembal.csv,0,VBGUYUWLDZCADB-UHFFFAOYSA-N,533.757,4.671,56.25,1,5,7,5,2
CHEMBL4437391,c1ccc(CN2CCC(Cn3cc(Cc4cccc5ccccc45)nn3)CC2)cc1,7.06,chembal.csv,0,MHFSZJNPDVJQJK-UHFFFAOYSA-N,396.538,4.934,33.95,0,4,6,5,4
CHEMBL3407583,C#CCN(C)Cc1cc2cc(OCCCC3CCN(Cc4ccccc4)CC3)ccc2[nH]1,7.1,chembal.csv,0,JIHVXAPKKMMRTK-UHFFFAOYSA-N,429.608,5.304,31.5,1,3,10,4,3
CHEMBL329012,O=C1Cc2cc3c(CCC4CCN(Cc5ccccc5)CC4)noc3cc2N1,7.2,chembal.csv,0,MTCMTKNMZCPKLX-UHFFFAOYSA-N,375.472,4.167,58.37,1,4,5,5,3
CHEMBL4792483,CCN(C)C(=O)OCC1CCCN(Cc2ccccc2)C1,7.23,chembal.csv,0,QTKJESXVOYSUBT-UHFFFAOYSA-N,290.407,2.987,32.78,0,3,5,2,1
CHEMBL3407584,C#CCNCc1cc2cc(OCCCC3CCN(Cc4ccccc4)CC3)ccc2[nH]1,7.3,chembal.csv,0,PVAHNJQQAFBHBW-UHFFFAOYSA-N,415.581,4.962,40.29,2,3,10,4,3
CHEMBL3818332,O=C(/C=C/c1ccc(F)cc1)NCCC1CCN(Cc2ccccc2)CC1,7.51,chembal.csv,0,PQXRJZJLERADCX-DHZHZOJOSA-N,366.48,4.257,32.34,1,2,7,3,2
CHEMBL2419688,N#Cc1cc(C#N)c(NCCCCC2CCN(Cc3ccccc3)CC2)nc1Cl,8.13,chembal.csv,0,VPVULNNWJJSXOM-UHFFFAOYSA-N,407.949,4.973,75.74,1,5,8,3,2
CHEMBL3985059,COc1cc2c(cc1OC)C(=O)C(CC1CCN(Cc3ccc(F)cc3)CC1)C2,8.13,chembal.csv,0,MXYQBFFZAMEOHM-UHFFFAOYSA-N,397.49,4.5,38.77,0,4,6,4,2
CHEMBL2419687,N#Cc1cc(C#N)c(NCCCC2CCN(Cc3ccccc3)CC2)nc1Cl,8.39,chembal.csv,0,CXJHSZNBWBHAQG-UHFFFAOYSA-N,393.922,4.583,75.74,1,5,7,3,2
CHEMBL5272491,COc1ccc2c(c1)c(CC(=O)N/N=C1\c3cc(OC)c(OC)cc3CC1CC1CCN(Cc3ccccc3)CC1)c(C)n2C(=O)c1ccc(Cl)cc1,8.53,chembal.csv,0,OTGGFKLZXIIMFI-WVVCCSDTSA-N,733.309,7.855,94.39,1,8,11,7,5
CHEMBL3900401,COc1cc2c(cc1OC)C(=O)C(CC1CCN(Cc3ncc(C)cc3C)CC1)C2,8.55,chembal.csv,0,PFSOXGQUNSMPSU-UHFFFAOYSA-N,408.542,4.373,51.66,0,5,6,4,2
CHEMBL3924905,C#CCN1CCCC(CN(CCCOC)C(=O)c2ccc3ccccc3c2)C1,8.641,chembal.csv,0,MWHHXIYOHDCIBL-UHFFFAOYSA-N,378.516,3.664,32.78,0,3,8,3,2
CHEMBL94217,CC(=O)Nc1ccc2c(CCC3CCN(Cc4ccccc4)CC3)noc2c1,9,chembal.csv,0,OEDAMXCGASJANJ-UHFFFAOYSA-N,377.488,4.631,58.37,1,4,6,4,3
CHEMBL2419683,N#Cc1c(Cl)nc(NCCCC2CCN(Cc3ccccc3)CC2)c(C#N)c1-c1ccccc1,9.41,chembal.csv,0,PWFVTINZOVIFQP-UHFFFAOYSA-N,470.02,6.25,75.74,1,5,8,4,3
CHEMBL4286736,CC(C)(C)c1cc(C(=O)CNCC2CCN(Cc3ccccc3)CC2)cc(C(C)(C)C)c1O,9.61,chembal.csv,0,BAJOYHCPUXVMBH-UHFFFAOYSA-N,450.667,5.672,52.57,2,4,7,3,2
CHEMBL3407586,CCOC(=O)c1cc2cc(OCCCC3CCN(Cc4ccccc4)CC3)ccc2[nH]1,9.7,chembal.csv,0,NBAHQYYCUNANCX-UHFFFAOYSA-N,420.553,5.416,54.56,1,4,9,4,3
CHEMBL5283557,O=C1CC2CCc3ccsc3C2=NN1Cc1ccc(CN2CCN(Cc3ccccc3)CC2)cc1,9.7,chembal.csv,0,FMHFUABJEGMXDA-UHFFFAOYSA-N,484.669,4.765,39.15,0,5,6,6,3
CHEMBL2419689,N#Cc1c(NCCC2CCN(Cc3ccccc3)CC2)nc(NCCC2CCN(Cc3ccccc3)CC2)c(C#N)c1-c1ccccc1,10,chembal.csv,0,NGQBESRBBIDATI-UHFFFAOYSA-N,637.876,7.92,91.01,2,7,13,6,4
CHEMBL4176598,[N-]=[N+]=Nc1cc(CN2CCC(C=O)CC2)nc2ccccc12,10,chembal.csv,0,HQJWVUZCQRHTNL-UHFFFAOYSA-N,295.346,3.588,81.96,0,4,4,3,2
CHEMBL4163705,OCC1CCN(Cc2cc(Cl)c3ccccc3n2)CC1,10,chembal.csv,0,HBEXNJLWNBUZRF-UHFFFAOYSA-N,290.794,3.093,36.36,1,3,3,3,2
CHEMBL4574766,O=C1c2ccccc2C(=O)N1Cc1cn(CC2CCN(Cc3ccccc3)CC2)nn1,10,chembal.csv,0,FFRRFBBXYMQKCX-UHFFFAOYSA-N,415.497,2.987,71.33,0,6,6,5,3
CHEMBL4164010,O=CC1CCN(Cc2cc(Cl)c3ccccc3n2)CC1,10,chembal.csv,0,CEVKXPOHTHWFHB-UHFFFAOYSA-N,288.778,3.299,33.2,0,3,3,3,2
CHEMBL4078305,O=C(CC[C@H](NC(=O)c1ccccc1)C(=O)O)NCCC1CCN(Cc2ccccc2)CC1,10,chembal.csv,0,APDPXKPLRPNYCX-QHCPKHFHSA-N,451.567,3.068,98.74,3,4,11,3,2
CHEMBL2419682,N#Cc1c(Cl)nc(NCCC2CCN(Cc3ccccc3)CC2)c(C#N)c1-c1ccccc1,10,chembal.csv,0,CBUMRMKTVSNLKA-UHFFFAOYSA-N,455.993,5.86,75.74,1,5,7,4,3
CHEMBL4438642,COc1cc2c(cc1OC)C(=O)C(Cc1cn(CC3CCN(Cc4ccccc4)CC3)nn1)C2,10,chembal.csv,0,WAMFQMXOUNENQQ-UHFFFAOYSA-N,460.578,3.805,69.48,0,7,8,5,3
CHEMBL4534345,COc1cc2ncnc(NCc3cn(CC4CCN(Cc5ccccc5)CC4)nn3)c2cc1OC,10,chembal.csv,0,XORLKAVTXLAHSI-UHFFFAOYSA-N,473.581,3.763,90.22,1,9,9,5,4
CHEMBL5411394,N=c1oc2ccccc2cc1C(=O)Nc1cc(Br)ccc1N1CCN(Cc2ccc(F)cc2)CC1,10.47,chembal.csv,0,SNJYCIJQXGAORQ-UHFFFAOYSA-N,535.417,5.388,72.57,2,5,5,5,4
CHEMBL228303,CC(C)c1ccc(C(=O)OCCCCN2CCC(OCc3ccccc3)CC2)cc1,10.79,chembal.csv,0,CHWHEVBNJSELJL-UHFFFAOYSA-N,409.57,5.428,38.77,0,4,10,3,2
CHEMBL5276920,COc1cc2c(cc1OC)/C(=N\NC(=O)CCNC(=O)C(C)c1ccc(CC(C)C)cc1)C(CC1CCN(Cc3ccccc3)CC1)C2,11.6,chembal.csv,0,HFVRGDZYGPOTOS-MBJURZOESA-N,652.88,6.507,92.26,2,6,14,5,3
CHEMBL3943450,COc1cc2c(cc1OC)C(=O)C(CC1CCN(Cc3ccccc3F)CC1)C2,12.8,chembal.csv,0,WJIWWKMTCQJEPQ-UHFFFAOYSA-N,397.49,4.5,38.77,0,4,6,4,2
CHEMBL389047,O=C(Nc1ccc(Cl)cc1)OCCCCN1CCC(OC(c2ccccc2)c2ccccc2)CC1,13.65,chembal.csv,0,GAGXMDYTZIENSW-UHFFFAOYSA-N,493.047,6.939,50.8,1,4,10,4,3
CHEMBL4779214,C#CCN1CCC(COC(=O)Nc2ccccc2)CC1,14.38,chembal.csv,0,YZHGAPQDTIOBDF-UHFFFAOYSA-N,272.348,2.58,41.57,1,3,4,2,1
CHEMBL228302,CC(C)(C)c1ccc(C(=O)OCCCCN2CCC(OCc3ccccc3)CC2)cc1,15.23,chembal.csv,0,GFIJRXDCBUNMRS-UHFFFAOYSA-N,423.597,5.602,38.77,0,4,9,3,2
CHEMBL426915,O=C(Nc1ccc(F)cc1)OCCCCN1CCC(OC(c2ccccc2)c2ccccc2)CC1,15.67,chembal.csv,0,WLJQCKZUHRFXBV-UHFFFAOYSA-N,476.592,6.425,50.8,1,4,10,4,3
CHEMBL5405755,CCOC(=O)C1=C(C)N(CCC2CCN(Cc3ccccc3)CC2)C(=O)NC1c1coc2c(Cl)cc(Cl)cc2c1=O,17.3,chembal.csv,0,PCEFDTXXUQXRHF-UHFFFAOYSA-N,598.527,6.306,92.09,1,6,8,5,3
CHEMBL4779749,C#CCN1CCCC(COC(=O)Nc2ccc(C(C)C)cc2)C1,17.75,chembal.csv,0,VAGGJGRIOBVXEQ-UHFFFAOYSA-N,314.429,3.704,41.57,1,3,5,2,1
CHEMBL4799709,O=C(Nc1ccccc1)OC1CCN(C2Cc3ccccc3C2)CC1,18.1,chembal.csv,0,MEQMHNDIDFKKBK-UHFFFAOYSA-N,336.435,3.867,41.57,1,3,3,4,2
CHEMBL3933395,COc1cc2c(cc1OC)C(=O)C(CC1CCN(Cc3ccccc3Cl)CC1)C2,18.8,chembal.csv,0,RHZKAWSSJKSGEO-UHFFFAOYSA-N,413.945,5.015,38.77,0,4,6,4,2
CHEMBL4791143,C#CCN1CCC(OC(=O)Nc2ccccc2)CC1,19.06,chembal.csv,0,BHHRIKRORYKZPG-UHFFFAOYSA-N,258.321,2.333,41.57,1,3,3,2,1
CHEMBL4279488,CC(C)(C)c1cc(C(=O)CNCCC2CCN(Cc3ccccc3)CC2)cc(C(C)(C)C)c1O,19.56,chembal.csv,0,SRMMNLDVKTUNCR-UHFFFAOYSA-N,464.694,6.062,52.57,2,4,8,3,2
CHEMBL5277364,COc1cc2c(cc1OC)/C(=N\NC(=O)C(CC(C)C)NC(=O)C(C)c1ccc(CC(C)C)cc1)C(CC1CCN(Cc3ccccc3)CC1)C2,20.17,chembal.csv,0,SPRDUHMXZHAPRQ-INXUWUOZSA-N,694.961,7.532,92.26,2,6,15,5,3
CHEMBL4292256,CN(C)CCN(CC1CCCN(C2Cc3ccccc3C2)C1)C(=O)c1ccc(O)nc1,20.9513,chembal.csv,0,DYFLXOXZQLDQFT-UHFFFAOYSA-N,422.573,2.67,59.91,1,5,7,4,2
CHEMBL4782186,CCN(C)C(=O)OC1CCCN(Cc2ccccc2)C1,21,chembal.csv,0,UQFYXANPTRIVID-UHFFFAOYSA-N,276.38,2.739,32.78,0,3,4,2,1
CHEMBL229001,O=C(OCCCCN1CCC(OC(c2ccccc2)c2ccccc2)CC1)c1ccc(F)cc1,22.19,chembal.csv,0,MVIZKYMCKNLHOB-UHFFFAOYSA-N,461.577,6.033,38.77,0,4,10,4,3
CHEMBL229051,CC(C)c1ccc(C(=O)OCCCCN2CCC(OC(c3ccccc3)c3ccccc3)CC2)cc1,23.21,chembal.csv,0,QUOAJLYKYXSDOC-UHFFFAOYSA-N,485.668,7.018,38.77,0,4,11,4,3
CHEMBL3915915,C#CCN1CCCC(CNC(=O)c2ccc3ccccc3c2)C1,23.444,chembal.csv,0,ISTATEVUXJJPDY-UHFFFAOYSA-N,306.409,2.915,32.34,1,2,4,3,2
CHEMBL4792289,C#CCN1CCC(COC(=O)Nc2ccc(C(C)C)cc2)CC1,24.3,chembal.csv,0,UWGQVPIXFJKBAU-UHFFFAOYSA-N,314.429,3.704,41.57,1,3,5,2,1
CHEMBL3889713,COC(=O)c1cccc(CN2CCC(CC3Cc4cc(OC)c(OC)cc4C3=O)CC2)n1,25.4,chembal.csv,0,JVZHCFKOAOKJII-UHFFFAOYSA-N,438.524,3.543,77.96,0,7,7,4,2
CHEMBL3927363,COc1cc2c(cc1OC)C(=O)C(CC1CCN(Cc3cccc(F)c3)CC1)C2,26.7,chembal.csv,0,WIBAQCAJLVMGFE-UHFFFAOYSA-N,397.49,4.5,38.77,0,4,6,4,2
CHEMBL390809,O=C(OCCCCN1CCC(OC(c2ccccc2)c2ccccc2)CC1)c1ccc([N+](=O)[O-])cc1,26.83,chembal.csv,0,QWCNWPIATXKXKM-UHFFFAOYSA-N,488.584,5.802,81.91,0,6,11,4,3
CHEMBL170946,COc1cc2c(cc1OC)C(=O)C(CC1CCN(Cc3cccc(C)c3)CC1)C2,28.1,chembal.csv,0,QBOHSSFTEGRUFM-UHFFFAOYSA-N,393.527,4.67,38.77,0,4,6,4,2
CHEMBL4783379,C#CCN1CCCC(COC(=O)Nc2ccccc2)C1,29.6,chembal.csv,0,LQJCTZNMHDZMLG-UHFFFAOYSA-N,272.348,2.58,41.57,1,3,4,2,1
CHEMBL3407587,OCc1cc2cc(OCCCC3CCN(Cc4ccccc4)CC3)ccc2[nH]1,31.2,chembal.csv,0,JTXXBIULLCCIBN-UHFFFAOYSA-N,378.516,4.731,48.49,2,3,8,4,3
CHEMBL228999,O=C(OCCCCN1CCC(OC(c2ccccc2)c2ccccc2)CC1)c1ccccc1,31.55,chembal.csv,0,SUQKPOGAPWZPRM-UHFFFAOYSA-N,443.587,5.894,38.77,0,4,10,4,3
CHEMBL229104,O=C(OCCCCN1CCC(OC(c2ccccc2)c2ccccc2)CC1)c1cccc(F)c1,31.55,chembal.csv,0,DYTKBQNLTOIBHE-UHFFFAOYSA-N,461.577,6.033,38.77,0,4,10,4,3
CHEMBL4858801,COc1ccc(OC)c(CN2CCC(c3oc4ccccc4c3C(=O)c3ccccc3)CC2)c1,33.5,chembal.csv,0,XUUAVZAGVHTUGK-UHFFFAOYSA-N,455.554,6.061,51.91,0,5,7,5,4
CHEMBL4875660,COc1ccc(OC)c(CN2CCC(c3cc4ccccc4o3)CC2)c1,35.47,chembal.csv,0,ZFAIZGSFEBEUHC-UHFFFAOYSA-N,351.446,4.83,34.84,0,4,5,4,3
CHEMBL3934564,COc1cc2c(cc1OC)C(=O)C(CC1CCN(Cc3ccc4cccc(O)c4n3)CC1)C2,37.4,chembal.csv,0,DIRWKSCWOCKTCI-UHFFFAOYSA-N,446.547,4.615,71.89,1,6,6,5,3
CHEMBL229000,O=C(OCCCCN1CCC(OC(c2ccccc2)c2ccccc2)CC1)c1ccc(Cl)cc1,38.4,chembal.csv,0,XOLJQOANRCUANC-UHFFFAOYSA-N,478.032,6.548,38.77,0,4,10,4,3
CHEMBL3910513,COc1cc2c(cc1OC)C(=O)C(CC1CCN(Cc3ccccn3)CC1)C2,38.6,chembal.csv,0,HASPOWFDQOETTJ-UHFFFAOYSA-N,380.488,3.756,51.66,0,5,6,4,2
CHEMBL3928343,COc1cc2c(cc1OC)C(=O)C(CC1CCN(Cc3cccc(F)n3)CC1)C2,38.9,chembal.csv,0,SKLIQILUFPGCDR-UHFFFAOYSA-N,398.478,3.895,51.66,0,5,6,4,2
CHEMBL3407585,C=CCNCc1cc2cc(OCCCC3CCN(Cc4ccccc4)CC3)ccc2[nH]1,40.6,chembal.csv,0,RTYLHNDNHPELSN-UHFFFAOYSA-N,417.597,5.515,40.29,2,3,11,4,3
CHEMBL3890758,COc1cc2c(cc1OC)C(=O)C(CC1CCN(Cc3ccccc3C(F)(F)F)CC1)C2,41.4,chembal.csv,0,AEVWXIOQXSMEOS-UHFFFAOYSA-N,447.497,5.38,38.77,0,4,6,4,2
CHEMBL354848,COc1cc2c(cc1OC)C(=O)C(CC1CCN(Cc3ccc(C)cc3)CC1)C2,43.8,chembal.csv,0,XKRGRLGLKJEACL-UHFFFAOYSA-N,393.527,4.67,38.77,0,4,6,4,2
CHEMBL4799313,CCN(C)C(=O)OCC1CCN(Cc2ccccc2)CC1,46,chembal.csv,0,FASDVEQGWLQBRA-UHFFFAOYSA-N,290.407,2.987,32.78,0,3,5,2,1
CHEMBL3891369,COc1cc2c(cc1OC)C(=O)C(CC1CCN(Cc3ncccc3C)CC1)C2,49.2,chembal.csv,0,GMORXUFYAMIBNR-UHFFFAOYSA-N,394.515,4.065,51.66,0,5,6,4,2
CHEMBL3960861,COc1cc2c(cc1OC)C(=O)C(CC1CCN(Cc3cccc(Cl)c3)CC1)C2,50.2,chembal.csv,0,CSYVGFFWWUUSDU-UHFFFAOYSA-N,413.945,5.015,38.77,0,4,6,4,2
CHEMBL4849087,COc1ccc(C(=O)c2c(C3CCN(Cc4ccccc4)CC3)oc3ccccc23)cc1,52.105,chembal.csv,0,KDKJYFIKJWMJDQ-UHFFFAOYSA-N,425.528,6.052,42.68,0,4,6,5,4
CHEMBL4855388,c1ccc(CN2CCC(c3cc4ccccc4o3)CC2)cc1,54.26,chembal.csv,0,JMULJIQFSHBVOR-UHFFFAOYSA-N,291.394,4.812,16.38,0,2,3,4,3
CHEMBL3980929,C#CCN1CCC(CNC(=O)c2ccc3ccccc3c2)CC1,54.396,chembal.csv,0,LJDVJVVTDVGBQR-UHFFFAOYSA-N,306.409,2.915,32.34,1,2,4,3,2
CHEMBL4875517,Fc1ccc(CN2CCC(c3cc4ccccc4o3)CC2)cc1,55.755,chembal.csv,0,GZCWMUIOKUAEEN-UHFFFAOYSA-N,309.384,4.952,16.38,0,2,3,4,3
CHEMBL229052,O=C(OCCCCN1CCC(OC(c2ccccc2)c2ccccc2)CC1)c1cccc(Cl)c1,57.87,chembal.csv,0,POYPPSSYHBKLEI-UHFFFAOYSA-N,478.032,6.548,38.77,0,4,10,4,3
CHEMBL4845972,COc1ccc(CN2CCC(c3oc4ccccc4c3C(=O)c3ccc(OC)cc3)CC2)cc1,59.655,chembal.csv,0,VLJHMIMODLBWRT-UHFFFAOYSA-N,455.554,6.061,51.91,0,5,7,5,4
CHEMBL4857748,COc1ccc(C(=O)c2c(C3CCN(Cc4cc(OC)ccc4OC)CC3)oc3ccccc23)cc1,61.659,chembal.csv,0,YIPFVRUSXPLAIA-UHFFFAOYSA-N,485.58,6.069,61.14,0,6,8,5,4
CHEMBL4874487,COc1ccc(CN2CCC(c3oc4ccccc4c3C(=O)c3ccc(OC)c(OC)c3)CC2)cc1OC,62.23,chembal.csv,0,MRPBGBKPCPJUTC-UHFFFAOYSA-N,515.606,6.078,70.37,0,7,9,5,4
CHEMBL4853093,COc1ccc(CN2CCC(c3oc4ccccc4c3C(=O)c3ccccc3)CC2)cc1,62.595,chembal.csv,0,HUYFGENREADJSK-UHFFFAOYSA-N,425.528,6.052,42.68,0,4,6,5,4
CHEMBL4863754,COc1ccc(CN2CCC(c3cc4ccccc4o3)CC2)cc1OC,64.595,chembal.csv,0,IWKUJBDKKVVRFI-UHFFFAOYSA-N,351.446,4.83,34.84,0,4,5,4,3
CHEMBL4873119,Oc1ccc(CN2CCC(c3cc4ccccc4o3)CC2)cc1,64.62,chembal.csv,0,KKGNJYSVNBJVDD-UHFFFAOYSA-N,307.393,4.518,36.61,1,3,3,4,3
CHEMBL3919441,COc1cc2c(cc1OC)C(=O)C(CC1CCN(Cc3cccc(C)n3)CC1)C2,65.7,chembal.csv,0,ZBPKNQIMVQSMLB-UHFFFAOYSA-N,394.515,4.065,51.66,0,5,6,4,2
CHEMBL4848809,COc1ccc(OC)c(CN2CCC(c3oc4ccccc4c3C(=O)c3ccc(OC)c(OC)c3)CC2)c1,66.31,chembal.csv,0,SMNOBZKFCCCERS-UHFFFAOYSA-N,515.606,6.078,70.37,0,7,9,5,4
CHEMBL4086191,O=C(CC[C@H](NC(=O)c1c[nH]c2ccccc12)C(=O)O)NCCC1CCN(Cc2ccccc2)CC1,71,chembal.csv,0,OSBMBUVYRFZYLM-VWLOTQADSA-N,490.604,3.55,114.53,4,4,11,4,3
CHEMBL3961494,COc1cc2c(cc1OC)C(=O)C(CC1CCN(Cc3cccc(C(F)(F)F)c3)CC1)C2,76.9,chembal.csv,0,MMBOOKVUXAQCOP-UHFFFAOYSA-N,447.497,5.38,38.77,0,4,6,4,2
CHEMBL3944652,COc1cc2c(cc1OC)C(=O)C(CC1CCN(Cc3cccc(Cl)n3)CC1)C2,78.7,chembal.csv,0,NQXMJGWHWLUOTH-UHFFFAOYSA-N,414.933,4.41,51.66,0,5,6,4,2
CHEMBL229050,CC(C)(C)c1ccc(C(=O)OCCCCN2CCC(OC(c3ccccc3)c3ccccc3)CC2)cc1,78.92,chembal.csv,0,OZFZSZURBQGDFI-UHFFFAOYSA-N,499.695,7.192,38.77,0,4,10,4,3
CHEMBL3926911,COc1cc2c(cc1OC)C(=O)C(CC1CCN(Cc3ccc(Cl)cc3)CC1)C2,81.6,chembal.csv,0,VGQNXCDLTRSTAF-UHFFFAOYSA-N,413.945,5.015,38.77,0,4,6,4,2
CHEMBL4064686,O=C(CC[C@@H](NC(=O)c1ccccc1)C(=O)O)NCCC1CCN(Cc2ccccc2)CC1,82,chembal.csv,0,APDPXKPLRPNYCX-HSZRJFAPSA-N,451.567,3.068,98.74,3,4,11,3,2
CHEMBL4780895,C#CCN1CCCC(OC(=O)Nc2ccccc2)C1,84.5,chembal.csv,0,ZMAXJNFYRWSNFA-UHFFFAOYSA-N,258.321,2.333,41.57,1,3,3,2,1
CHEMBL4283390,CC(C)(C)c1cc(/C=C/C(=O)NCCC2CCN(Cc3ccccc3)CC2)cc(C(C)(C)C)c1O,84.81,chembal.csv,0,SSSYJOIFOJYAAD-OUKQBFOZSA-N,476.705,6.419,52.57,2,3,7,3,2
CHEMBL171048,COc1cc2c(cc1OC)C(=O)C(CC1CCN(Cc3ccc([N+](=O)[O-])cc3)CC1)C2,85.8,chembal.csv,0,ACJJKDSOGZQROR-UHFFFAOYSA-N,424.497,4.269,81.91,0,6,7,4,2
CHEMBL145361,COc1cc2c(cc1OC)C(=O)C(CC1CCN(Cc3ccccc3[N+](=O)[O-])CC1)C2,91.2,chembal.csv,0,MJYITRIIINQALM-UHFFFAOYSA-N,424.497,4.269,81.91,0,6,7,4,2
CHEMBL4073273,COc1ccc2cc(C(=O)N[C@@H](CCC(=O)NCCC3CCN(Cc4ccccc4)CC3)C(=O)O)ccc2c1,97,chembal.csv,0,NHVWEFCFXBVOSE-NDEPHWFRSA-N,531.653,4.23,107.97,3,5,12,4,3
CHEMBL4798315,C#CCN1CCCC(OC(=O)Nc2ccc(C(C)C)cc2)C1,100,chembal.csv,0,NXEDABWVGUNSPQ-UHFFFAOYSA-N,300.402,3.456,41.57,1,3,4,2,1
CHEMBL4787011,CC(C)c1ccc(NC(=O)OCC2CCN(C3Cc4ccccc4C3)CC2)cc1,100,chembal.csv,0,HGJNVGMGHMPCIT-UHFFFAOYSA-N,392.543,5.238,41.57,1,3,5,4,2
CHEMBL4878578,Clc1ccc(CN2CCC(c3cc4ccccc4o3)CC2)cc1,100,chembal.csv,0,ACQJSWKZZFRCRQ-UHFFFAOYSA-N,325.839,5.466,16.38,0,2,3,4,3
CHEMBL4848309,COc1ccc(CN2CCC(c3oc4ccccc4c3C(=O)c3ccccc3)CC2)cc1OC,100,chembal.csv,0,NPTSVXZSYDYQHR-UHFFFAOYSA-N,455.554,6.061,51.91,0,5,7,5,4
CHEMBL4789292,CC(C)c1ccc(NC(=O)OC2CCCN(C3Cc4ccccc4C3)C2)cc1,100,chembal.csv,0,DOQSUJLBOVDRML-UHFFFAOYSA-N,378.516,4.99,41.57,1,3,4,4,2
CHEMBL4871752,COc1ccc(CN2CCC(c3cc4ccccc4o3)CC2)cc1,100,chembal.csv,0,YCBHXXJWADXIHF-UHFFFAOYSA-N,321.42,4.821,25.61,0,3,4,4,3
CHEMBL4788729,OCC1CCCN(C2Cc3ccccc3C2)C1,100,chembal.csv,0,RAZZBNCWCCMMGG-UHFFFAOYSA-N,231.339,1.858,23.47,1,2,2,3,1
CHEMBL4865381,O=C(c1ccccc1)c1c(C2CCN(Cc3ccccc3)CC2)oc2ccccc12,100,chembal.csv,0,YVSAEODTAOQOGD-UHFFFAOYSA-N,395.502,6.043,33.45,0,3,5,5,4
CHEMBL4855139,CCc1ccc(CN2CCC(c3cc4ccccc4o3)CC2)cc1,100,chembal.csv,0,WAABLLMMQHSMLJ-UHFFFAOYSA-N,319.448,5.375,16.38,0,2,4,4,3
CHEMBL4776331,CC(C)c1ccc(NC(=O)OC2CCN(C3Cc4ccccc4C3)CC2)cc1,100,chembal.csv,0,CDBAAXNYHDKTFF-UHFFFAOYSA-N,378.516,4.99,41.57,1,3,4,4,2
CHEMBL4792634,C#CCN1CCC(OC(=O)Nc2ccc(C(C)C)cc2)CC1,100,chembal.csv,0,LJYBWYFQBIECKG-UHFFFAOYSA-N,300.402,3.456,41.57,1,3,4,2,1
CHEMBL4797900,OCC1CCN(C2Cc3ccccc3C2)CC1,100,chembal.csv,0,LVHPIAQBTUVFSJ-UHFFFAOYSA-N,231.339,1.858,23.47,1,2,2,3,1
CHEMBL4798907,CCN(C)C(=O)OC1CCN(Cc2ccccc2)CC1,100,chembal.csv,0,JOSOZFZQNNBBRA-UHFFFAOYSA-N,276.38,2.739,32.78,0,3,4,2,1
CHEMBL4529341,OCC1CCN(Cc2ccccc2)CC1,100,chembal.csv,0,FLQPYEOKVZYXRL-UHFFFAOYSA-N,205.301,1.891,23.47,1,2,3,2,1
CHEMBL4571402,OCC1CCCN(Cc2ccccc2)C1,100,chembal.csv,0,GEXYNZFTVPXBBB-UHFFFAOYSA-N,205.301,1.891,23.47,1,2,3,2,1
CHEMBL3236082,COc1cc(NC(=O)/C=C/c2cccc(OC(C)=O)c2)cc(OC)c1OC,1.25,chembal.csv,0,CZZTYNDRJIGRSJ-CMDGGOBGSA-N,371.389,3.29,83.09,1,6,7,2,2
CHEMBL3236097,COc1cc(NC(=O)/C=C/c2c(F)cccc2Cl)cc(OC)c1OC,1.32,chembal.csv,0,AKDPVPNGVGXVCE-BQYQJAHWSA-N,365.788,4.157,56.79,1,4,6,2,2
CHEMBL3917990,COc1ccc(/C=C/C(=O)Nc2ccc(CN(C)Cc3ccccc3)cc2)cc1OC,1.56,chembal.csv,0,SBRJGGDKKJIEFJ-FOWTUZBSSA-N,416.521,4.988,50.8,1,4,9,3,3
CHEMBL4285714,CN(C)CCOC(=O)/C=C/c1ccc2oc(C(=O)Nc3ccccc3)cc(=O)c2c1,1.57,chembal.csv,0,JCGRBDHQHKNQJU-PKNBQFBNSA-N,406.438,3.163,88.85,1,6,7,3,3
CHEMBL4072258,COc1cc(/C=C/C(=O)Nc2ccccc2)ccc1OCCCCCCN1CCCC1,2.23,chembal.csv,0,XYELBLVOUGSOOD-JQIJEIRASA-N,422.569,5.382,50.8,1,4,12,3,2
CHEMBL4095695,COc1cc(/C=C/C(=O)Nc2ccccc2)ccc1OCCN1CCCCC1,2.34,chembal.csv,0,SUCBPGDIKUCNLJ-ACCUITESSA-N,380.488,4.212,50.8,1,4,8,3,2
CHEMBL3754448,CCN(Cc1cccc2[nH]c3cc(Cl)ccc3c12)C(=O)/C=C/c1ccc(O)c(OC)c1,2.8,chembal.csv,0,YVAXITGHSDJYIT-XYOKQWHBSA-N,434.923,5.751,65.56,2,3,6,4,4
CHEMBL4082739,COc1cc(/C=C/C(=O)Nc2ccccc2)ccc1OCCCCCCCCCCN1CCCC1,2.99,chembal.csv,0,AMUTWSXNULHLCP-CZIZESTLSA-N,478.677,6.943,50.8,1,4,16,3,2
CHEMBL5182966,COc1cc(/C=C/C(=O)N2CCC(c3ncccn3)CC2)ccc1O,3.4,chembal.csv,0,AWOUVYFYJHLRSU-GQCTYLIASA-N,339.395,2.61,75.55,1,5,4,3,2
CHEMBL4800310,CCN(C)C(=O)Oc1ccc(/C=C/C(=O)N(CC)Cc2ccccc2)cc1OC,3.8,chembal.csv,0,OONJTMHYAWPQHW-FYWRMAATSA-N,396.487,4.208,59.08,0,4,8,2,2
CHEMBL4063663,COc1cc(/C=C/C(=O)Nc2ccccc2)ccc1OCCCCN1CCCC1,3.83,chembal.csv,0,ABOSKQBOCJYUER-WYMLVPIESA-N,394.515,4.602,50.8,1,4,10,3,2
CHEMBL3235783,COc1cc(NC(=O)/C=C/c2ccc(NOC(C)=O)cc2)cc(OC)c1OC,3.85,chembal.csv,0,VCXBALSGAMXWST-JXMROGBWSA-N,386.404,3.254,95.12,2,7,8,2,2
CHEMBL1094079,COc1cc(NC(=O)/C=C/c2cccc(OCc3ccccc3)c2)cc(OC)c1OC,3.93,chembal.csv,0,FWEZPGFJNBQJPA-OUKQBFOZSA-N,419.477,4.943,66.02,1,5,9,3,3
CHEMBL4105158,CCN(CC)CCCCCCCCOc1ccc(/C=C/C(=O)Nc2ccccc2)cc1OC,3.98,chembal.csv,0,CEMCHKPKVITYSX-CZIZESTLSA-N,452.639,6.408,50.8,1,4,16,2,2
CHEMBL4100736,COc1cc(/C=C/C(=O)Nc2ccccc2)ccc1OCCCCCCCCN1CCCC1,4.03,chembal.csv,0,JPZBGYAKFYXSAQ-FBMGVBCBSA-N,450.623,6.162,50.8,1,4,14,3,2
CHEMBL4286556,CN(C)CCOC(=O)/C=C/c1ccc2occ(C(=O)Nc3ccccc3)c(=O)c2c1,4.32,chembal.csv,0,LCTAOJAKRLVNOM-PKNBQFBNSA-N,406.438,3.163,88.85,1,6,7,3,3
CHEMBL4093019,COc1cc(/C=C/C(=O)Nc2ccccc2)ccc1OCCCCCN1CCCC1,4.78,chembal.csv,0,GWVKNWGBCFHQGD-FYWRMAATSA-N,408.542,4.992,50.8,1,4,11,3,2
CHEMBL4068340,COc1cc(/C=C/C(=O)Nc2ccccc2)ccc1OCCCN1CCCCC1,4.78,chembal.csv,0,VPSLKDXFDUXJBW-WYMLVPIESA-N,394.515,4.602,50.8,1,4,9,3,2
CHEMBL4074258,COc1cc(/C=C/C(=O)Nc2ccccc2)ccc1OCCCCCCCCCCN1CCCCC1,4.84,chembal.csv,0,YJOPXKGZSGOMKN-XUTLUUPISA-N,492.704,7.333,50.8,1,4,16,3,2
CHEMBL4094981,CCN(CC)CCCCCCOc1ccc(/C=C/C(=O)Nc2ccccc2)cc1OC,4.86,chembal.csv,0,SUHSTQZPQZATNC-FBMGVBCBSA-N,424.585,5.628,50.8,1,4,14,2,2
CHEMBL140,COc1cc(/C=C/C(=O)CC(=O)/C=C/c2ccc(O)c(OC)c2)ccc1O,5,chembal.csv,0,VFLDPWHFBUODDF-FCXRPNKRSA-N,368.385,3.37,93.06,2,6,8,2,2
CHEMBL4761179,CCN(CC)C(=O)Oc1ccc(/C=C/C(=O)N2CCC(Cc3ccccc3)CC2)cc1OC,5.1,chembal.csv,0,DOKSDSNRXIBXCC-WYMLVPIESA-N,450.579,5.03,59.08,0,4,8,3,2
CHEMBL3891025,COc1cc(/C=C/C(=O)Nc2ccc(CN(C)Cc3ccccc3)cc2)ccc1O,5.12,chembal.csv,0,IXTWYODPRCKMGS-RVDMUPIBSA-N,402.494,4.685,61.8,2,4,8,3,3
CHEMBL3236092,COc1cccc(/C=C/C(=O)Nc2cc(OC)c(OC)c(OC)c2)c1O,5.19,chembal.csv,0,WGCJLZVGECWZAI-CMDGGOBGSA-N,359.378,3.079,86.25,2,6,7,2,2
CHEMBL4098132,COc1cc(/C=C/C(=O)Nc2ccccc2)ccc1OCCCCCCCCN1CCCCC1,5.45,chembal.csv,0,SCYGNMDNXKFRRE-HTXNQAPBSA-N,464.65,6.552,50.8,1,4,14,3,2
CHEMBL4069385,COc1cc(/C=C/C(=O)Nc2ccccc2)ccc1OCCCCN1CCCCC1,5.69,chembal.csv,0,GXMWXTXGYXFVDJ-FYWRMAATSA-N,408.542,4.992,50.8,1,4,10,3,2
CHEMBL3945872,COc1cc(/C=C/C(=O)Nc2cccc(CN(C)Cc3ccccc3)c2)ccc1O,5.89,chembal.csv,0,OSLSNUMCXBJEGP-WYMLVPIESA-N,402.494,4.685,61.8,2,4,8,3,3
CHEMBL4090413,COc1cc(/C=C/C(=O)Nc2ccccc2)ccc1OCCCCCN1CCCCC1,5.9,chembal.csv,0,YKHAIGLEUINAGM-JQIJEIRASA-N,422.569,5.382,50.8,1,4,11,3,2
CHEMBL4787165,CCN(C)C(=O)Oc1ccc(/C=C/C(=O)N2CCC(Cc3ccccc3)CC2)cc1OC,6.5,chembal.csv,0,IWQVOBYFNTVEOD-ACCUITESSA-N,436.552,4.64,59.08,0,4,7,3,2
CHEMBL4063045,COc1cc(/C=C/C(=O)Nc2ccccc2)ccc1OCCCCCCN(C)C,6.72,chembal.csv,0,VKLXDYMSDQZNBL-JQIJEIRASA-N,396.531,4.848,50.8,1,4,12,2,2
CHEMBL4284235,Cc1ccc(NC(=O)c2coc3ccc(/C=C/C(=O)OCCN(C)C)cc3c2=O)cc1,7.42,chembal.csv,0,FIOCFZWNVLEJQA-YRNVUSSQSA-N,420.465,3.472,88.85,1,6,7,3,3
CHEMBL4792013,COc1cc(/C=C/C(=O)N2CCC(Cc3ccccc3)CC2)ccc1OC(=O)N(C)C,7.6,chembal.csv,0,DGIUFKOTVNGVKP-ZRDIBKRKSA-N,422.525,4.25,59.08,0,4,6,3,2
CHEMBL3236093,COc1ccc(/C=C/C(=O)Nc2cc(OC)c(OC)c(OC)c2)cc1O,7.65,chembal.csv,0,VBWWEYPTKVJYKJ-SOFGYWHQSA-N,359.378,3.079,86.25,2,6,7,2,2
CHEMBL4779514,CCN(CC)C(=O)Oc1ccc(/C=C/C(=O)N2CCc3ccccc3C2)cc1OC,7.7,chembal.csv,0,XINGJGMSNDJSNH-ACCUITESSA-N,408.498,4.134,59.08,0,4,6,3,2
CHEMBL4216806,CN(Cc1ccccc1)Cc1ccc(NC(=O)/C=C/c2ccc(O)c(O)c2)cc1,8.01,chembal.csv,0,NANDDLAEPXKMHJ-GXDHUFHOSA-N,388.467,4.382,72.8,3,4,7,3,3
CHEMBL4087300,CCN(CC)CCCCCCCCCCOc1ccc(/C=C/C(=O)Nc2ccccc2)cc1OC,8.47,chembal.csv,0,JDTJRFQWXXRFPX-LSDHQDQOSA-N,480.693,7.189,50.8,1,4,18,2,2
CHEMBL5170410,CCN(CCCCOc1ccc(/C=C/C(=O)N2CCc3ccccc3C2)cc1OC)Cc1ccccc1,8.9,chembal.csv,0,CGZGXSZYVAXOGJ-FBMGVBCBSA-N,498.667,5.974,42.01,0,4,12,4,3
CHEMBL3754631,COc1cc(/C=C/C(=O)N(Cc2cccc3[nH]c4ccccc4c23)C(C)C)ccc1O,9,chembal.csv,0,CBEQHARBUNEXIY-WYMLVPIESA-N,414.505,5.486,65.56,2,3,6,4,4
CHEMBL4759959,COc1cc(/C=C/C(=O)N2CCc3ccccc3C2)ccc1OC(=O)N(C)C,9.5,chembal.csv,0,SCZIJKUJAHPGAK-PKNBQFBNSA-N,380.444,3.354,59.08,0,4,4,3,2
CHEMBL4084714,COc1cc(/C=C/C(=O)Nc2ccccc2)ccc1OCCCCCCCCN(C)C,10.41,chembal.csv,0,LVAPRXNJGUAWBC-FBMGVBCBSA-N,424.585,5.628,50.8,1,4,14,2,2
CHEMBL4740081,CCN(CC)C(=O)Oc1ccc(/C=C/C(=O)N2CCN(Cc3ccccc3)CC2)cc1OC,10.6,chembal.csv,0,LUVGFBXWMIIQJF-WYMLVPIESA-N,451.567,3.893,62.32,0,5,8,3,2
CHEMBL4072405,CCOC(=O)/C=C/c1ccc(OCCCCCCN(CC)CC)c(OC)c1,11.38,chembal.csv,0,PQAFELCHIANEDB-FYWRMAATSA-N,377.525,4.553,48,0,5,14,1,1
CHEMBL4064846,CCN(CC)CCOc1ccc(/C=C/C(=O)Nc2ccccc2)cc1OC,11.46,chembal.csv,0,BBYZVSNUMPLANP-WYMLVPIESA-N,368.477,4.068,50.8,1,4,10,2,2
CHEMBL4103604,COc1cc(/C=C/C(=O)Nc2ccccc2)ccc1OCCCCCN(C)C,12.08,chembal.csv,0,YXZMDZDIYPWGCC-FYWRMAATSA-N,382.504,4.458,50.8,1,4,11,2,2
CHEMBL4747710,CCN(C)C(=O)Oc1ccc(/C=C/C(=O)N2CCCCC2)cc1OC,12.6,chembal.csv,0,KIQCSORRMFIOHM-PKNBQFBNSA-N,346.427,3.171,59.08,0,4,5,2,1
CHEMBL4101703,COc1cc(/C=C/C(=O)Nc2ccccc2)ccc1OCCN1CCCC1,12.68,chembal.csv,0,TZUVDPNIKKXCNG-ZRDIBKRKSA-N,366.461,3.822,50.8,1,4,8,3,2
CHEMBL4080105,COc1cc(/C=C/C(=O)Nc2ccccc2)ccc1OCCCCCCN1CCCCC1,12.97,chembal.csv,0,MAZPMOOWHCJJOW-BMRADRMJSA-N,436.596,5.772,50.8,1,4,12,3,2
CHEMBL4087978,CCOC(=O)/C=C/c1ccc(OCCCCCCCCN(CC)CC)c(OC)c1,13.05,chembal.csv,0,KUFZKQHKJGVJHQ-BMRADRMJSA-N,405.579,5.333,48,0,5,16,1,1
CHEMBL4748948,COc1cc(/C=C/C(=O)N2CCCCC2)ccc1OC(=O)N(C)C,13.1,chembal.csv,0,RVHOEUHHAHFBJU-CSKARUKUSA-N,332.4,2.781,59.08,0,4,4,2,1
CHEMBL4085283,COc1cc(/C=C/C(=O)Nc2ccccc2)ccc1OCCCN1CCCC1,14.19,chembal.csv,0,YOBAAIRRDJUNFP-ACCUITESSA-N,380.488,4.212,50.8,1,4,9,3,2
CHEMBL4756176,COc1cc(/C=C/C(=O)N2CCN(Cc3ccccc3)CC2)ccc1OC(=O)N(C)C,14.2,chembal.csv,0,YPFUXEHNZQELSW-ZRDIBKRKSA-N,423.513,3.113,62.32,0,5,6,3,2
CHEMBL4789995,CCN(CC)C(=O)/C=C/c1ccc(OC(=O)N(C)C)c(OC)c1,15.2,chembal.csv,0,HSCGFHIZLBSWKK-PKNBQFBNSA-N,320.389,2.637,59.08,0,4,6,1,1
CHEMBL4741070,COc1cc(/C=C/C(=O)N2CCc3ccccc3C2)ccc1OC(=O)N(C)OC,16.2,chembal.csv,0,ZUJNWRAQDSOTQS-PKNBQFBNSA-N,396.443,3.285,68.31,0,5,5,3,2
CHEMBL4078463,CCN(CC)CCCOc1ccc(/C=C/C(=O)Nc2ccccc2)cc1OC,16.88,chembal.csv,0,MIVXLVIUXDGSMV-FYWRMAATSA-N,382.504,4.458,50.8,1,4,11,2,2
CHEMBL4065799,COc1cc(/C=C/C(=O)Nc2ccccc2)ccc1OCCCN(C)C,20.02,chembal.csv,0,DPQGNFXYASLNPM-ACCUITESSA-N,354.45,3.678,50.8,1,4,9,2,2
CHEMBL4086323,COc1cc(/C=C/C(=O)Nc2ccccc2)ccc1OCCCCCCCCCCN(C)C,20.58,chembal.csv,0,YCMQYVCSBIXFBB-CZIZESTLSA-N,452.639,6.408,50.8,1,4,16,2,2
CHEMBL4067562,CCN(CC)CCCCCOc1ccc(/C=C/C(=O)Nc2ccccc2)cc1OC,22.15,chembal.csv,0,ZCCVLZJUIKJUDQ-BMRADRMJSA-N,410.558,5.238,50.8,1,4,13,2,2
CHEMBL4762653,COc1cc(/C=C/C(=O)N2CCN(Cc3ccccc3)CC2)ccc1OC(=O)N(c1ccccc1)c1ccccc1,22.3,chembal.csv,0,ICKSGIYUZRTUTJ-CZIZESTLSA-N,547.655,6.39,62.32,0,5,8,5,4
CHEMBL4756054,COc1cc(/C=C/C(=O)N2CCCCC2)ccc1OC(=O)N(c1ccccc1)c1ccccc1,22.9,chembal.csv,0,FRTYPMGQTQZTSS-FBMGVBCBSA-N,456.542,6.058,59.08,0,4,6,4,3
CHEMBL4093408,COc1cc(/C=C/C(=O)Nc2ccccc2)ccc1OCCN(C)C,23.28,chembal.csv,0,MXBCJMNQGGWMNB-ZRDIBKRKSA-N,340.423,3.288,50.8,1,4,8,2,2
CHEMBL4102718,CCN(CC)CCCCOc1ccc(/C=C/C(=O)Nc2ccccc2)cc1OC,25.07,chembal.csv,0,ZEAQJQXLHTVQCH-JQIJEIRASA-N,396.531,4.848,50.8,1,4,12,2,2
CHEMBL4762548,CCN(Cc1ccccc1)C(=O)/C=C/c1ccc(OC(=O)N(c2ccccc2)c2ccccc2)c(OC)c1,25.3,chembal.csv,0,KOURHYYDCUECQR-LSDHQDQOSA-N,506.602,7.094,59.08,0,4,9,4,4
CHEMBL4745075,COc1cc(/C=C/C(=O)N2CCc3ccccc3C2)ccc1OC(=O)N(c1ccccc1)c1ccccc1,25.8,chembal.csv,0,AJGKMXXAHDHHEF-HTXNQAPBSA-N,504.586,6.63,59.08,0,4,6,5,4
CHEMBL4085671,COc1cc(/C=C/C(=O)Nc2ccccc2)ccc1OCCCCN(C)C,25.9,chembal.csv,0,GDUYHJPEMHCXNI-WYMLVPIESA-N,368.477,4.068,50.8,1,4,10,2,2
CHEMBL5199756,COc1cc(/C=C/C(=O)O[C@H]2C[C@H]3O[C@H](OC(=O)Nc4ccccc4)C[C@H]3O2)ccc1O,29.16,chembal.csv,0,RRHJMUPVIFJFGU-NFQYUROUSA-N,441.436,3.436,112.55,2,8,6,4,2
CHEMBL4759355,COc1cc(/C=C/C(=O)N2CCC(Cc3ccccc3)CC2)ccc1OC(=O)N(c1ccccc1)c1ccccc1,36.7,chembal.csv,0,GKLOQGGYHKLMHI-CZIZESTLSA-N,546.667,7.527,59.08,0,4,8,5,4
CHEMBL4094761,CCOC(=O)/C=C/c1ccc(OCCCCCCN2CCCCC2)c(OC)c1,41.76,chembal.csv,0,WYHMIVYQSACMED-WYMLVPIESA-N,389.536,4.697,48,0,5,12,2,1
CHEMBL32749,COc1cc(/C=C/C(=O)O)ccc1O,100,chembal.csv,0,KSEBMYQBYZTDHS-HWKANZROSA-N,194.186,1.499,66.76,2,3,3,1,1
CHEMBL4075021,COc1cc(/C=C/C(=O)O)ccc1OCCCCCCN1CCCCC1,145.69,chembal.csv,0,VYHSSRYMBFDMPM-ZRDIBKRKSA-N,361.482,4.218,59,1,4,11,2,1
CHEMBL4099340,CCN(CC)CCCCCCOc1ccc(/C=C/C(=O)O)cc1OC,263.11,chembal.csv,0,RDISTOXSPWHYOS-ACCUITESSA-N,349.471,4.074,59,1,4,13,1,1
CHEMBL4090559,COc1cc(/C=C/C(=O)O)ccc1OCCCCCCN1CCCC1,286.72,chembal.csv,0,JIQGNGJSPXZNBD-PKNBQFBNSA-N,347.455,3.828,59,1,4,11,2,1
CHEMBL4059684,CCN(CC)CCCCCCCCOc1ccc(/C=C/C(=O)O)cc1OC,302.45,chembal.csv,0,MTLAAHSBOUTZHH-FYWRMAATSA-N,377.525,4.854,59,1,4,15,1,1
CHEMBL4062593,CCOC(=O)/C=C/c1ccc(OCCCCCCN2CCCC2)c(OC)c1,376.71,chembal.csv,0,NFUINQRBUABRIL-ACCUITESSA-N,375.509,4.307,48,0,5,12,2,1
CHEMBL2414860,COc1ccc(/C=N/NC(=O)Nc2ccncc2)cc1OC,426.4,chembal.csv,0,BUYKIHNWCJPNLT-LICLKQGHSA-N,300.318,2.254,84.84,2,5,5,2,2
CHEMBL4088116,COc1cc(/C=C/C(=O)Nc2ccccc2)ccc1O,500,chembal.csv,0,MBLZKSXOWMOQPK-CSKARUKUSA-N,269.3,3.053,58.56,2,3,4,2,2
CHEMBL335167,CCc1cccc(CC)c1NC(=O)Oc1ccc2c(c1)[C@]1(C)CCN(C)[C@@H]1N2C,1.1,chembal.csv,0,GYPZKPCPQHCARI-VWNXMTODSA-N,393.531,4.791,44.81,1,4,4,4,2
CHEMBL99414,CNC(=O)Oc1ccc2c(c1)[C@@]1(C)CCN(C)C1N2,1.1205,chembal.csv,0,GPONHWSDHNCYFZ-TYZXPVIJSA-N,261.325,1.75,53.6,2,4,1,3,1
CHEMBL381782,Cc1ccccc1NC(=O)Oc1ccc2c(c1)[C@@]1(C)CCN(C)[C@H]1N2C,1.18,chembal.csv,0,JGAGHIIOCADQOV-PZJWPPBQSA-N,351.45,3.975,44.81,1,4,2,4,2
CHEMBL54727,CN1CC[C@@]2(C)c3cc(OC(=O)Nc4ccccc4)ccc3N(C)C12,1.3,chembal.csv,0,PBHFNBQPZCRWQP-IJHRGXPZSA-N,337.423,3.667,44.81,1,4,2,4,2
CHEMBL74926,CN1CC[C@@]2(C)c3cc(OC(=O)Nc4ccccc4)ccc3N(C)[C@@H]12,1.3,chembal.csv,0,PBHFNBQPZCRWQP-QUCCMNQESA-N,337.423,3.667,44.81,1,4,2,4,2
CHEMBL55315,Cc1ccccc1NC(=O)Oc1ccc2c(c1)[C@]1(C)CCN(C)C1N2,1.43,chembal.csv,0,ZRWYMOGAPUKQLT-IJHRGXPZSA-N,337.423,3.951,53.6,2,4,2,4,2
CHEMBL100366,CN1CC[C@@]2(C)c3cc(OC(=O)Nc4ccccc4)ccc3N(C=O)C12,1.473,chembal.csv,0,RNBMJTUDVDLVNT-IJHRGXPZSA-N,351.406,3.193,61.88,1,4,3,4,2
CHEMBL205895,Cc1ccccc1NC(=O)Oc1ccc2c(c1)[C@]1(C)CCO[C@@H]1N2C,1.56,chembal.csv,0,AGOPIOMWLMAZHS-ICSRJNTNSA-N,338.407,4.06,50.8,1,4,2,4,2
CHEMBL362049,Cc1ccccc1NC(=O)Oc1ccc2c(c1)[C@]1(C)CCOC1N2C,1.56,chembal.csv,0,AGOPIOMWLMAZHS-IJHRGXPZSA-N,338.407,4.06,50.8,1,4,2,4,2
CHEMBL124054,Cc1ccccc1NC(=O)Oc1ccc2c(c1)[C@]1(C)CCN(C)O[C@@H]1N2C,1.57,chembal.csv,0,UIQTWEXHPAOUGM-FPOVZHCZSA-N,367.449,3.907,54.04,1,5,2,4,2
CHEMBL317162,CNC(=O)Oc1ccc2c(c1)[C@@]1(C)CCN(C)C1N2Cc1ccccc1,1.5895,chembal.csv,0,MFSFKJAYNZMHEN-VGAJERRHSA-N,351.45,3.344,44.81,1,4,3,4,2
CHEMBL539624,CCc1ccccc1NC(=O)Oc1ccc2c(c1)[C@]1(C)CC[N+](C)([O-])[C@@H]1N2C,1.7,chembal.csv,0,MVHRCJQCKYPDRL-IIUCQXFBSA-N,381.476,4.242,64.63,1,4,3,4,2
CHEMBL538109,CCc1ccccc1NC(=O)Oc1ccc2c(c1)[C@]1(C)CC[N@@+](C)([O-])[C@@H]1N2C,1.7,chembal.csv,0,MVHRCJQCKYPDRL-UWDQQESISA-N,381.476,4.242,64.63,1,4,3,4,2
CHEMBL99284,CN1CC[C@]2(C)c3cc(OC(=O)Nc4ccccc4)ccc3NC12,1.7455,chembal.csv,0,AGMUUBYEBVEYGU-WHCXFUJUSA-N,323.396,3.642,53.6,2,4,2,4,2
CHEMBL54956,Cc1ccccc1NC(=O)Oc1ccc2c(c1)[C@]1(C)CCN(CCc3ccccc3)C1N2C,1.79,chembal.csv,0,XVAIKIDWWWIJHZ-RXBHZZDJSA-N,441.575,5.588,44.81,1,4,5,5,3
CHEMBL335220,Cc1ccc(NC(=O)Oc2ccc3c(c2)[C@]2(C)CCN(C)[C@@H]2N3C)c(C)c1,1.82,chembal.csv,0,RQHQYLYBYIHRCT-IRLDBZIGSA-N,365.477,4.283,44.81,1,4,2,4,2
CHEMBL130458,Cc1ccccc1NC(=O)Oc1ccc2c(c1)[C@]1(C)CCN(C)[C@@H]1N2C,1.95,chembal.csv,0,JGAGHIIOCADQOV-CTNGQTDRSA-N,351.45,3.975,44.81,1,4,2,4,2
CHEMBL300143,Cc1ccccc1NC(=O)Oc1ccc2c(c1)[C@]1(C)CCN(C)C1N2C,1.95,chembal.csv,0,JGAGHIIOCADQOV-QWAKEFERSA-N,351.45,3.975,44.81,1,4,2,4,2
CHEMBL308503,CN1CC[C@@]2(C)c3cc(OC(=O)NC(C)(C)C)ccc3N(C)[C@@H]12,2,chembal.csv,0,AFSDRTXSPIZEMA-QAPCUYQASA-N,317.433,2.943,44.81,1,4,1,3,1
CHEMBL53623,Cc1ccccc1NC(=O)Oc1ccc2c(c1)[C@]1(C)CCNC1N2C,2.165,chembal.csv,0,QJNHONPWJGXIOZ-IJHRGXPZSA-N,337.423,3.633,53.6,2,4,2,4,2
CHEMBL76640,CNC(=O)Oc1ccc2c(c1)[C@@]1(C)CCN(C)C1N2C,2.489,chembal.csv,0,PIJVFDBKTWXHHD-AWKYBWMHSA-N,275.352,1.774,44.81,1,4,1,3,1
CHEMBL382351,CNC(=O)Oc1ccc2c(c1)[C@@]1(C)CCN(C)[C@H]1N2C,2.49,chembal.csv,0,PIJVFDBKTWXHHD-DZGCQCFKSA-N,275.352,1.774,44.81,1,4,1,3,1
CHEMBL122834,CCc1ccccc1NC(=O)Oc1ccc2c(c1)[C@]1(C)CCN(C)[C@@H]1N2C,2.9,chembal.csv,0,NRKKZJALIFDZIJ-IRLDBZIGSA-N,365.477,4.229,44.81,1,4,3,4,2
CHEMBL130363,Cc1cc(C)c(NC(=O)Oc2ccc3c(c2)[C@]2(C)CCN(C)[C@@H]2N3C)c(C)c1,3.29,chembal.csv,0,HBELXDSVRMNXTN-GGAORHGYSA-N,379.504,4.592,44.81,1,4,2,4,2
CHEMBL132285,CN(C)Cc1cc2c(cc1OC(=O)Nc1ccccc1)[C@]1(C)CCN(C)[C@@H]1N2C,3.89,chembal.csv,0,CBXFNMRCSJBKBI-GGAORHGYSA-N,394.519,3.728,48.05,1,5,4,4,2
CHEMBL132531,Cc1cc2c(cc1OC(=O)Nc1ccccc1)[C@]1(C)CCN(C)[C@@H]1N2C,5.02,chembal.csv,0,XXRVJIACNHMGJG-CTNGQTDRSA-N,351.45,3.975,44.81,1,4,2,4,2
CHEMBL205335,Cc1ccccc1NC(=O)Oc1ccc2c(c1)[C@@]1(C)CCO[C@H]1N2C,5.1,chembal.csv,0,AGOPIOMWLMAZHS-UYAOXDASSA-N,338.407,4.06,50.8,1,4,2,4,2
CHEMBL383013,CC(C)c1ccc(NC(=O)Oc2ccc3c(c2)[C@@]2(C)CCN(C)[C@H]2N3C)cc1,5.1,chembal.csv,0,NKJRRVBTMYRXRB-JTHBVZDNSA-N,379.504,4.79,44.81,1,4,3,4,2
CHEMBL557400,CC(C)c1ccc(NC(=O)Oc2ccc3c(c2)[C@]2(C)CC[N@@+](C)([O-])[C@@H]2N3C)cc1,5.2,chembal.csv,0,BUFXKBAJCGWYSI-RZPFDVGOSA-N,395.503,4.803,64.63,1,4,3,4,2
CHEMBL99655,CN1CC[C@]2(C)c3cc(OC(=O)Nc4ccccc4)ccc3N(Cc3ccccc3)C12,7.086,chembal.csv,0,UUQLGETXWSEMFB-JUERFOTFSA-N,413.521,5.237,44.81,1,4,4,5,3
CHEMBL134251,CNC(=O)Oc1cc2c(cc1C)N(C)[C@H]1N(C)CC[C@@]21C,8.53,chembal.csv,0,LWKZVVXKVJQNHR-ZBFHGGJFSA-N,289.379,2.082,44.81,1,4,1,3,1
CHEMBL556186,Cc1ccccc1NC(=O)Oc1ccc2c(c1)[C@]1(C)CC[N@@+](C)([O-])[C@@H]1N2C,10,chembal.csv,0,GHYFEILIYSGWHS-ZCVJKFOLSA-N,367.449,3.988,64.63,1,4,2,4,2
CHEMBL131825,CN(C(=O)Oc1ccc2c(c1)[C@]1(C)CCN(C)[C@@H]1N2C)c1ccccc1,10,chembal.csv,0,JETPGMSWLKMQAI-CTNGQTDRSA-N,351.45,3.691,36.02,0,4,2,4,2
CHEMBL538853,CN1c2ccc(OC(=O)Nc3ccccc3)cc2[C@]2(C)CC[N@@+](C)([O-])[C@H]12,10,chembal.csv,0,PYNCZOMCQLYABK-GREBRCKQSA-N,353.422,3.679,64.63,1,4,2,4,2
CHEMBL75919,CN1CC[C@]2(C)c3cc(OC(=O)Nc4ccccc4)ccc3N(C)C12,23.49,chembal.csv,0,PBHFNBQPZCRWQP-ROPPNANJSA-N,337.423,3.667,44.81,1,4,2,4,2
10067609,Cc1ccccc1NC(=O)Oc1ccc2c(c1)[C@]1(C)CC[N@@+](C)(O)[C@@H]1N2C,10,pubchem.csv,0,LMOGTSBPJOKDHW-ZCVJKFOLSA-O,368.457,3.879,61.8,2,4,2,4,2
10383491,CN1c2ccc(OC(=O)Nc3ccccc3)cc2[C@]2(C)CC[N@@+](C)(O)[C@H]12,10,pubchem.csv,0,CJVCVNDKLPBCBG-GREBRCKQSA-O,354.43,3.571,61.8,2,4,2,4,2
23645287,Cc1ccccc1NC(=O)Oc1ccc2c(c1)[C@@]1(C)CCN(C)C1N2C,1.18,pubchem.csv,0,JGAGHIIOCADQOV-VGAJERRHSA-N,351.45,3.975,44.81,1,4,2,4,2
23645290,Cc1ccccc1NC(=O)Oc1ccc2c(c1)[C@@]1(C)CCOC1N2C,5.1,pubchem.csv,0,AGOPIOMWLMAZHS-ROPPNANJSA-N,338.407,4.06,50.8,1,4,2,4,2
23645294,CC(C)c1ccc(NC(=O)Oc2ccc3c(c2)[C@@]2(C)CCN(C)C2N3C)cc1,5.1,pubchem.csv,0,NKJRRVBTMYRXRB-JFGZAKSSSA-N,379.504,4.79,44.81,1,4,3,4,2
23645356,CC(C)c1ccc(NC(=O)Oc2ccc3c(c2)[C@]2(C)CC[N@@+](C)(O)[C@@H]2N3C)cc1,5.2,pubchem.csv,0,QUIZUXGWWQDPKA-RZPFDVGOSA-O,396.511,4.694,61.8,2,4,3,4,2
23645358,CCc1ccccc1NC(=O)Oc1ccc2c(c1)[C@]1(C)CC[N@@+](C)(O)[C@@H]1N2C,1.7,pubchem.csv,0,AJWNTIIQZLHZRZ-UWDQQESISA-O,382.484,4.133,61.8,2,4,3,4,2
CHEMBL5207319,CN(CCC1CCN(Cc2ccccc2)CC1)Cc1c[nH]c2ccccc12,1.711,chembal.csv,0,ATYAJEFBBFWWBL-UHFFFAOYSA-N,361.533,4.902,22.27,1,2,7,4,3
CHEMBL4745688,CCCCN[C@@H](Cc1c[nH]c2ccccc12)C(=O)NCCC1CCN(CC2CCN(C)CC2)CC1,6.6,chembal.csv,0,MFGSBTSKIFVDPU-NDEPHWFRSA-N,481.729,4.029,63.4,3,4,12,4,2
CHEMBL4746867,CCCCN[C@@H](CC(C)C)C(=O)NCCC1CCCCCC1,36.3,chembal.csv,0,OKFFBFOOBTZMDZ-SFHVURJKSA-N,310.526,4.268,41.13,2,2,10,1,0
CHEMBL4095755,CC1CC[C@@]2(C)c3cc(OC(=O)Nc4ccccc4)ccc3C(C)[C@@H]12,1.56,chembal.csv,0,MWEAKHOVJKHXJC-FVZYHINPSA-N,335.447,5.718,38.33,1,2,2,4,2
CHEMBL5220093,COc1ccc(NC(=O)Oc2ccc3c(c2)[C@]2(O)CCN(C(C)=O)[C@@H]2N3)cc1,2.31,chembal.csv,0,CFNXURINQVABPV-AZUAARDMSA-N,383.404,2.497,100.13,3,6,3,4,2
CHEMBL426674,Cc1ccccc1NC(=O)Oc1ccc2c(c1)[C@]1(C)CCO[C@@H]1O2,11.4,chembal.csv,0,JZMKNXICJRCGJX-MJGOQNOKSA-N,325.364,4.002,56.79,1,4,2,4,2
CHEMBL178770,Cc1ccccc1NC(=O)Oc1ccc2c(c1)C1(C)CCOC1O2,30,chembal.csv,0,JZMKNXICJRCGJX-UHFFFAOYSA-N,325.364,4.002,56.79,1,4,2,4,2
CHEMBL178294,Cc1ccccc1NC(=O)Oc1ccc2c(c1)C1(C)COC(C1)O2,30,chembal.csv,0,MBYLQCWDOYEQRA-UHFFFAOYSA-N,325.364,4.002,56.79,1,4,2,4,2
CHEMBL206093,Cc1ccccc1NC(=O)Oc1ccc2c(c1)[C@@]1(C)CCO[C@H]1O2,36.4,chembal.csv,0,JZMKNXICJRCGJX-PKOBYXMFSA-N,325.364,4.002,56.79,1,4,2,4,2
CHEMBL378404,Cc1ccccc1NC(=O)Oc1ccc2c(c1)[C@@]1(C)CO[C@H](C1)O2,52,chembal.csv,0,MBYLQCWDOYEQRA-PKOBYXMFSA-N,325.364,4.002,56.79,1,4,2,4,2
CHEMBL5218931,CC(=O)N1CC[C@@]2(O)c3cc(OC(=O)Nc4ccccc4)ccc3N[C@@H]12,100,chembal.csv,0,JNGNBJCWEIWRCU-PKOBYXMFSA-N,353.378,2.489,90.9,3,5,2,4,2
23645279,Cc1ccccc1NC(=O)Oc1ccc2c(c1)[C@]1(C)CCOC1O2,11.4,pubchem.csv,0,JZMKNXICJRCGJX-NNBQYGFHSA-N,325.364,4.002,56.79,1,4,2,4,2
23645280,Cc1ccccc1NC(=O)Oc1ccc2c(c1)[C@@]1(C)CCOC1O2,36.4,pubchem.csv,0,JZMKNXICJRCGJX-WHCXFUJUSA-N,325.364,4.002,56.79,1,4,2,4,2
23645284,Cc1ccccc1NC(=O)Oc1ccc2c(c1)[C@@]1(C)COC(C1)O2,52,pubchem.csv,0,MBYLQCWDOYEQRA-WHCXFUJUSA-N,325.364,4.002,56.79,1,4,2,4,2
CHEMBL5414324,CCN(C)C(=O)Oc1cccc2cc[nH]c12,1.39,chembal.csv,0,QHTBSUOSZFYNDH-UHFFFAOYSA-N,218.256,2.618,45.33,1,2,2,2,2
CHEMBL4867218,C=C(C)[C@@H]1CCC(C)=C[C@H]1c1c(O)cc(CCCCC)cc1OC(=O)N(C)CC,1.51,chembal.csv,0,HUNHKOCOXRQNLM-LEWJYISDSA-N,399.575,6.591,49.77,1,3,8,2,1
CHEMBL5405919,CN(C)C(=O)Oc1cccc2cc[nH]c12,1.66,chembal.csv,0,XJSDMQWHGGYPGS-UHFFFAOYSA-N,204.229,2.228,45.33,1,2,1,2,2
CHEMBL4870785,C=C(C)[C@@H]1CCC(C)=C[C@H]1c1c(O)cc(CCCCC)cc1OC(=O)N(C)Cc1ccc(Cl)cc1,1.77,chembal.csv,0,OHHCIRJUIDNYFH-IZZNHLLZSA-N,496.091,8.425,49.77,1,3,9,3,2
CHEMBL3827011,CCCCCCCCC1OCc2c[n+](C)c(C)c(OC(=O)N(C)C)c2CO1,2,chembal.csv,0,MUOAMAUOYSSLJG-UHFFFAOYSA-N,379.521,4.003,51.88,0,4,8,2,1
CHEMBL4858546,C=C(C)[C@@H]1CCC(C)=C[C@H]1c1c(O)cc(CCCCC)cc1OC(=O)N(C)Cc1ccc(Br)cc1,2.15,chembal.csv,0,BPMDMDROJOGDRW-IZZNHLLZSA-N,540.542,8.534,49.77,1,3,9,3,2
CHEMBL1193656,C#CCNC1CCc2c(OC(=O)N(C)CC)cccc21,2.15,chembal.csv,0,CAFPZIPDWWVNRP-UHFFFAOYSA-N,272.348,2.347,41.57,1,3,4,2,1
CHEMBL4635686,CN(C)C(=O)Oc1cccc(C(O)CNC2CCCCC2)c1,2.2,chembal.csv,0,WKINCXKQRMVAPH-UHFFFAOYSA-N,306.406,2.703,61.8,2,4,5,2,1
CHEMBL4777412,CCN(C)C(=O)Oc1ccc(/C=C/C(=O)N2CCc3ccccc3C2)cc1,3.7,chembal.csv,0,MWFZYRJWHFSLOE-JLHYYAGUSA-N,364.445,3.735,49.85,0,3,4,3,2
CHEMBL341437,CCSc1nc(-c2ccc(OC)cc2)nn1C(=O)N1CCOCC1,4,chembal.csv,0,NYMPNIWEHHDXQA-UHFFFAOYSA-N,348.428,2.366,69.48,0,7,4,3,2
CHEMBL5219232,C#CCN[C@@H]1CCc2ccc(OC(=O)N(C)CC)cc21,4.1,chembal.csv,0,LHXOCOHMBFOVJS-OAHLLOKOSA-N,272.348,2.347,41.57,1,3,4,2,1
CHEMBL5218952,C#CCN1CCC(CCc2cccc(OC(=O)N(C)CC)c2)CC1,4.3,chembal.csv,0,SCPSEUBMTPQSLE-UHFFFAOYSA-N,328.456,3.415,32.78,0,3,6,2,1
CHEMBL4800467,CCN(C)C(=O)OCC1CCN(C2Cc3ccccc3C2)CC1,4.46,chembal.csv,0,CZEZFKJJTGHHLX-UHFFFAOYSA-N,316.445,2.954,32.78,0,3,4,3,1
CHEMBL4776936,CCN(C)C(=O)Oc1ccc(/C=C/C(=O)N2CCC(Cc3ccccc3)CC2)cc1,5.6,chembal.csv,0,MNNPXTZWADKUJP-SDNWHVSQSA-N,406.526,4.632,49.85,0,3,6,3,2
CHEMBL1784957,C[C@@H](Cc1ccccc1)NC(=O)Oc1cccc([C@H](C)N(C)C)c1,7.322,chembal.csv,0,HKJROXHSAHRDAO-HOTGVXAUSA-N,326.44,4.029,41.57,1,3,6,2,2
CHEMBL3407591,C#CCN(C)Cc1ccc(OC(=O)N(C)C)c2ncccc12,7.9,chembal.csv,0,JWUFDSSCTMPGLI-UHFFFAOYSA-N,297.358,2.36,45.67,0,4,4,2,2
CHEMBL3828028,CCCCCCCC1OCc2c[n+](C)c(C)c(OC(=O)N(C)C)c2CO1,8.1,chembal.csv,0,KEOQUADZGRDLDB-UHFFFAOYSA-N,365.494,3.613,51.88,0,4,7,2,1
CHEMBL241548,O=C(Oc1ccc(Oc2ccc(C(F)(F)F)cn2)cc1)N1CCCCC1,8.2,chembal.csv,0,PWTSFLUGJNLKKD-UHFFFAOYSA-N,366.339,4.877,51.66,0,4,3,3,2
CHEMBL3335024,CCN(C)C(=O)Oc1cc(C(C)N(C)C)c2c(c1)oc(=O)c1ccccc12,8.5,chembal.csv,0,MHJSTVGCJSASLZ-UHFFFAOYSA-N,368.433,4.019,62.99,0,5,4,3,3
CHEMBL4792310,CCN(C)C(=O)OCC1CCCN(C2Cc3ccccc3C2)C1,9.39,chembal.csv,0,JTNNREFXLZRASL-UHFFFAOYSA-N,316.445,2.954,32.78,0,3,4,3,1
CHEMBL4786091,CCN(C)C(=O)OC1CCCN(C2Cc3ccccc3C2)C1,9.69,chembal.csv,0,GRDWZBWUIQBIEA-UHFFFAOYSA-N,302.418,2.707,32.78,0,3,3,3,1
CHEMBL3277221,CCCCCCCCCCN1CCCC(C(=O)N(C)CC)C1,9.77237,chembal.csv,0,YXLLRNGIFYOCKA-UHFFFAOYSA-N,310.526,4.317,23.55,0,2,11,1,0
CHEMBL4645476,CN(C)C(=O)Oc1ccc(C(O)CNC2CCCCC2)cc1,10.6,chembal.csv,0,LWKLYVICZGZBDR-UHFFFAOYSA-N,306.406,2.703,61.8,2,4,5,2,1
CHEMBL151763,CCN(C)C(=O)Oc1cccc(C(C)N(C)C)c1,11,chembal.csv,0,XSVMFMHYUFZWBK-UHFFFAOYSA-N,250.342,2.76,32.78,0,3,4,1,1
CHEMBL4793319,C#CCN1CCC(OC(=O)N(C)CC)CC1,11.4,chembal.csv,0,IJNJKTCCHJBJON-UHFFFAOYSA-N,224.304,1.172,32.78,0,3,3,1,0
CHEMBL3335023,CCN(C)C(=O)Oc1cc(C(C)N(C)C)cc2oc(=O)c3ccccc3c12,12.7,chembal.csv,0,YGXKBTHHWMVNNV-UHFFFAOYSA-N,368.433,4.019,62.99,0,5,4,3,3
CHEMBL5429001,CC(C)N(C(=O)Oc1cccc2cc[nH]c12)C(C)C,12.78,chembal.csv,0,YOTSZLZGQDWWHJ-UHFFFAOYSA-N,260.337,3.786,45.33,1,2,3,2,2
CHEMBL1190983,C#CCN(C)C1CCc2c(OC(=O)N(C)CC)cccc21,14.9,chembal.csv,0,AGATWFCSQRRDGY-UHFFFAOYSA-N,286.375,2.689,32.78,0,3,4,2,1
CHEMBL4762069,CCN(C)C(=O)Oc1ccc(-c2cc(=O)c3c(O)cc(OC(=O)N(C)CC)cc3o2)cc1,16.1,chembal.csv,0,HVXLNJOMSHCFDF-UHFFFAOYSA-N,440.452,4.067,109.52,1,7,5,3,3
CHEMBL1171854,CN(C)c1cccc(OC(=O)Nc2ccccc2)c1,18,chembal.csv,0,YNGSTYODGGYXSA-UHFFFAOYSA-N,256.305,3.364,41.57,1,3,3,2,2
CHEMBL1172830,C[N+](C)(C)c1cccc(OC(=O)Nc2ccccc2)c1,18,chembal.csv,0,NNRIFORGOBQWPJ-UHFFFAOYSA-O,271.34,3.494,38.33,1,2,3,2,2
CHEMBL241127,CCCCNC(=O)Oc1ccc(Oc2ncc(Cl)cc2Cl)cc1,19,chembal.csv,0,IIEMZQTXNZURFZ-UHFFFAOYSA-N,355.221,5.069,60.45,1,4,6,2,2
CHEMBL4787451,CCN(C)C(=O)Oc1ccc(-c2cc(=O)c3c(OC(=O)N(C)CC)cc(OC(=O)N(C)CC)cc3o2)cc1,19.5,chembal.csv,0,MBGXXUPMENAELF-UHFFFAOYSA-N,525.558,4.812,118.83,0,8,7,3,3
CHEMBL5172348,CCN(C)C(=O)Oc1ccc(C2CC(=O)c3c(O)cc(OC(=O)N(C)CC)cc3O2)cc1,20.3,chembal.csv,0,KNWDCQYJQCVXHS-UHFFFAOYSA-N,442.468,4,105.61,1,7,5,3,2
CHEMBL3634645,CCN(CC)C(=O)Oc1ccc(-c2cc(=O)c3c(O)c(O)c(O)cc3o2)cc1,22.1,chembal.csv,0,QGTBKSTUWGAYSX-UHFFFAOYSA-N,385.372,3.417,120.44,3,7,4,3,3
CHEMBL4789142,CON(C)C(=O)Oc1ccc(-c2cc(=O)c3c(O)cc(OC(=O)N(C)OC)cc3o2)cc1,22.6,chembal.csv,0,MAYVYUJUNJKXFY-UHFFFAOYSA-N,444.396,3.15,127.98,1,9,5,3,3
CHEMBL4795422,CON(C)C(=O)Oc1ccc(-c2cc(=O)c3c(OC(=O)N(C)OC)cc(OC(=O)N(C)OC)cc3o2)cc1,24.3,chembal.csv,0,BFOHLCXWDVQYDH-UHFFFAOYSA-N,531.474,3.436,146.52,0,11,7,3,3
CHEMBL1784958,C[C@H](Cc1ccccc1)N(C)C(=O)Oc1cccc([C@H](C)N(C)C)c1,24.4,chembal.csv,0,QGKSWUZOCNWHHA-SJORKVTESA-N,340.467,4.371,32.78,0,3,6,2,2
CHEMBL5186955,CCN(C)C(=O)Oc1ccc(C2CC(=O)c3c(OC(=O)N(C)CC)cc(OC(=O)N(C)CC)cc3O2)cc1,24.5,chembal.csv,0,IIGQDHXPZZVVIP-UHFFFAOYSA-N,527.574,4.745,114.92,0,8,7,3,2
CHEMBL4750360,CCN(C)C(=O)Oc1ccc(/C=C/C(=O)N2CCN(Cc3ccccc3)CC2)cc1,29.7,chembal.csv,0,FQGOWPYBNKSIRG-SDNWHVSQSA-N,407.514,3.495,53.09,0,4,6,3,2
CHEMBL1173543,O=C(Nc1ccccc1)Oc1cccnc1,30,chembal.csv,0,UPRPNGGSKFBCOW-UHFFFAOYSA-N,214.224,2.693,51.22,1,3,2,2,2
CHEMBL4785240,CCN(C)C(=O)OC1CCN(C2Cc3ccccc3C2)CC1,40.8,chembal.csv,0,SPLXSISVGSVPMH-UHFFFAOYSA-N,302.418,2.707,32.78,0,3,3,3,1
CHEMBL392099,O=C(Oc1ccc(Oc2ccc(C(F)(F)F)cn2)cc1)N1Cc2ccccc2C1,50,chembal.csv,0,PXTJWGNBMUJFGB-UHFFFAOYSA-N,400.356,5.407,51.66,0,4,3,4,3
CHEMBL238293,O=C(Oc1ccc(Oc2ccc(C(F)(F)F)cn2)cc1)N1CCCC1,50,chembal.csv,0,YUPUKCAGRWWJHY-UHFFFAOYSA-N,352.312,4.487,51.66,0,4,3,3,2
CHEMBL238573,CC1CCCN(C(=O)Oc2ccc(Oc3ccc(C(F)(F)F)cn3)cc2)C1,50,chembal.csv,0,IIGYWSUEVKPLJQ-UHFFFAOYSA-N,380.366,5.123,51.66,0,4,3,3,2
CHEMBL131051,CSc1nc(-c2ccc(OC(F)(F)F)cc2)nn1C(=O)N(C)c1ccccc1,50,chembal.csv,0,RKKAABIABTWSCU-UHFFFAOYSA-N,408.405,4.67,60.25,0,6,4,3,3
CHEMBL238085,CN(C(=O)Oc1ccc(Oc2ccc(C(F)(F)F)cn2)cc1)c1ccccc1,50,chembal.csv,0,PSWIRECCIGQXPZ-UHFFFAOYSA-N,388.345,5.528,51.66,0,4,4,3,3
CHEMBL397168,CC1CN(C(=O)Oc2ccc(Oc3ccc(C(F)(F)F)cn3)cc2)CC(C)O1,50,chembal.csv,0,XYXBFIVPSRFTFH-UHFFFAOYSA-N,396.365,4.501,60.89,0,5,3,3,2
CHEMBL238786,O=C(c1ccccc1)C1CCN(C(=O)Oc2ccc(Oc3ccc(C(F)(F)F)cn3)cc2)CC1,50,chembal.csv,0,DDFRLGVWGVFCBF-UHFFFAOYSA-N,470.447,5.986,68.73,0,5,5,4,3
CHEMBL241762,COc1ccccc1N(C)C(=O)Oc1ccc(Oc2ccc(C(F)(F)F)cn2)cc1,50,chembal.csv,0,HDOZSQMVAHEKMW-UHFFFAOYSA-N,418.371,5.537,60.89,0,5,5,3,3
CHEMBL241552,Cc1ccccc1N(C)C(=O)Oc1ccc(Oc2ccc(C(F)(F)F)cn2)cc1,50,chembal.csv,0,XJBZKPAZOYCEFA-UHFFFAOYSA-N,402.372,5.836,51.66,0,4,4,3,3
CHEMBL397160,O=C(Oc1ccc(Oc2ncc(Cl)cc2Cl)cc1)N1CCOCC1,50,chembal.csv,0,UPPMSRKAZZTSHB-UHFFFAOYSA-N,369.204,4.012,60.89,0,5,3,3,2
CHEMBL238067,CN(C(=O)Oc1ccc(Oc2ncc(C(F)(F)F)cc2Cl)cc1)c1ccccc1,50,chembal.csv,0,PHKISQHLUALIPN-UHFFFAOYSA-N,422.79,6.181,51.66,0,4,4,3,3
CHEMBL241761,CN(C(=O)Oc1ccc(Oc2ccc(C(F)(F)F)cn2)cc1)c1ccc(Cl)cc1,50,chembal.csv,0,WIFDZDPBTTYIAM-UHFFFAOYSA-N,422.79,6.181,51.66,0,4,4,3,3
CHEMBL239633,O=C(Oc1ccc(Oc2ccc(C(F)(F)F)cn2)cc1)N1CCc2ccccc2C1,50,chembal.csv,0,PBSHEWQCFOUJCY-UHFFFAOYSA-N,414.383,5.45,51.66,0,4,3,4,3
CHEMBL238787,O=C(Oc1ccc(Oc2ccc(C(F)(F)F)cn2)cc1)N1CCC(CO)CC1,50,chembal.csv,0,SEUFQIJDZTWDLJ-UHFFFAOYSA-N,396.365,4.096,71.89,1,5,4,3,2
CHEMBL238571,COc1ccc(N(C)C(=O)Oc2ccc(Oc3ccc(C(F)(F)F)cn3)cc2)cc1,50,chembal.csv,0,JFBACVAZUNNBSN-UHFFFAOYSA-N,418.371,5.537,60.89,0,5,5,3,3
CHEMBL235759,CN(C(=O)Oc1ccc(Oc2ccc(C(F)(F)F)cn2)cc1)C(C)(C)C,50,chembal.csv,0,SGIYWTLEJMUMKQ-UHFFFAOYSA-N,368.355,5.122,51.66,0,4,3,2,2
CHEMBL237189,O=C(Oc1ccc(Oc2ccc(C(F)(F)F)cn2)cc1)N1CCOCC1,50,chembal.csv,0,JEDDDOZKQJDNDH-UHFFFAOYSA-N,368.311,3.724,60.89,0,5,3,3,2
CHEMBL131588,CN(C(=O)n1nc(-c2ccc(Cl)cc2)nc1SCC(F)(F)F)c1ccccc1,50,chembal.csv,0,LOFGEQLLLVJCDY-UHFFFAOYSA-N,426.851,5.357,51.02,0,5,4,3,3
CHEMBL238572,CC1CCCCN1C(=O)Oc1ccc(Oc2ccc(C(F)(F)F)cn2)cc1,50,chembal.csv,0,SKSNFGQWBQVOEF-UHFFFAOYSA-N,380.366,5.266,51.66,0,4,3,3,2
CHEMBL392385,CN(C(=O)Oc1ccc(Oc2ccc(C(F)(F)F)cn2)cc1)c1cccc(Cl)c1,50,chembal.csv,0,AAMQCUQQLINFHV-UHFFFAOYSA-N,422.79,6.181,51.66,0,4,4,3,3
CHEMBL235761,CN(Cc1ccccc1)C(=O)Oc1ccc(Oc2ccc(C(F)(F)F)cn2)cc1,50,chembal.csv,0,UVYPNFHJJUENOI-UHFFFAOYSA-N,402.372,5.524,51.66,0,4,5,3,3
CHEMBL239207,CN(C)C(=O)Oc1ccc(Oc2ncc(Cl)cc2Cl)cc1,50,chembal.csv,0,MVRFMYSPMZAEMT-UHFFFAOYSA-N,327.167,4.241,51.66,0,4,3,2,2
CHEMBL438324,CN(C(=O)Oc1ccc(Oc2ccc(C(F)(F)F)cn2)cc1)C1CCCCC1,50,chembal.csv,0,TXENEJILJWMMLA-UHFFFAOYSA-N,394.393,5.656,51.66,0,4,4,3,2
CHEMBL238257,CC(C)N(C)C(=O)Oc1ccc(Oc2ccc(C(F)(F)F)cn2)cc1,50,chembal.csv,0,QJMKFOBLMOQVGG-UHFFFAOYSA-N,354.328,4.732,51.66,0,4,4,2,2
CHEMBL235751,CN(C(=O)Oc1ccc(Oc2ccc(Cl)cn2)cc1)c1ccccc1,50,chembal.csv,0,JJDGQGUSOSXPGM-UHFFFAOYSA-N,354.793,5.163,51.66,0,4,4,3,3
CHEMBL238764,CN(C(=O)Oc1ccc(Oc2ccccc2)cc1)c1ccccc1,50,chembal.csv,0,TVQBJMQYIALTNU-UHFFFAOYSA-N,319.36,5.114,38.77,0,3,4,3,3
CHEMBL239418,CN(C(=O)Oc1ccc(Oc2ncc(Cl)cc2Cl)cc1)c1ccccc1,50,chembal.csv,0,RLXQJLYPPVMGKN-UHFFFAOYSA-N,389.238,5.816,51.66,0,4,4,3,3
CHEMBL238785,CC1CCN(C(=O)Oc2ccc(Oc3ccc(C(F)(F)F)cn3)cc2)CC1,50,chembal.csv,0,ICPISJSNNMUVSU-UHFFFAOYSA-N,380.366,5.123,51.66,0,4,3,3,2
CHEMBL241553,Cc1cccc(N(C)C(=O)Oc2ccc(Oc3ccc(C(F)(F)F)cn3)cc2)c1,50,chembal.csv,0,YSYILNVKBYZTCI-UHFFFAOYSA-N,402.372,5.836,51.66,0,4,4,3,3
CHEMBL392100,O=C(Oc1ccc(Oc2ccc(C(F)(F)F)cn2)cc1)N1CCc2ccccc21,50,chembal.csv,0,GKQKOVPXRRKPFI-UHFFFAOYSA-N,400.356,5.454,51.66,0,4,3,4,3
CHEMBL393758,O=C(Oc1ccc(Oc2ccc(C(F)(F)F)cn2)cc1)N1CCCc2ccc(C(F)(F)F)cc21,50,chembal.csv,0,SYHMQRMYCGFSDO-UHFFFAOYSA-N,482.38,6.863,51.66,0,4,3,4,3
CHEMBL391356,CN(C(=O)Oc1ccc(Oc2c(Cl)cncc2Cl)cc1)c1ccccc1,50,chembal.csv,0,BZRVXOCJQXJASS-UHFFFAOYSA-N,389.238,5.816,51.66,0,4,4,3,3
CHEMBL236173,O=C(Oc1ccc(Oc2ncc(Cl)cc2Cl)cc1)N1CCCC1,50,chembal.csv,0,VEXLNIRUECRPJS-UHFFFAOYSA-N,353.205,4.775,51.66,0,4,3,3,2
CHEMBL241554,Cc1ccc(N(C)C(=O)Oc2ccc(Oc3ccc(C(F)(F)F)cn3)cc2)cc1,50,chembal.csv,0,QYRHBSXLYHHYOQ-UHFFFAOYSA-N,402.372,5.836,51.66,0,4,4,3,3
CHEMBL392529,O=C(Oc1ccc(Oc2ccc(C(F)(F)F)cn2)cc1)N1CCC(Cc2ccccc2)CC1,50,chembal.csv,0,SCYVOHCPYWNUPP-UHFFFAOYSA-N,456.464,6.346,51.66,0,4,5,4,3
CHEMBL238994,O=C(Oc1ccc(Oc2ccc(C(F)(F)F)cn2)cc1)N1CCC(O)CC1,50,chembal.csv,0,CKHKKOJRCBFWTB-UHFFFAOYSA-N,382.338,3.848,71.89,1,5,3,3,2
CHEMBL241760,CN(C(=O)Oc1ccc(Oc2ccc(C(F)(F)F)cn2)cc1)c1ccccc1Cl,50,chembal.csv,0,QKHLSHIWFRFHDV-UHFFFAOYSA-N,422.79,6.181,51.66,0,4,4,3,3
CHEMBL393149,CCN(Cc1ccccc1)C(=O)Oc1ccc(Oc2ccc(C(F)(F)F)cn2)cc1,50,chembal.csv,0,SUZQBVBRBOXZOS-UHFFFAOYSA-N,416.399,5.914,51.66,0,4,6,3,3
CHEMBL238256,CN(C(=O)Oc1ccc(Nc2ccc(C(F)(F)F)cn2)cc1)c1ccccc1,50,chembal.csv,0,IXQRSRUXRGXCCW-UHFFFAOYSA-N,387.361,5.479,54.46,1,4,4,3,3
CHEMBL1912064,CC(c1cccc(OCCCNC(=O)CCCCC2CCSS2)c1)N(C)C,82.4,chembal.csv,0,ZRDZIXJPHJDNOM-UHFFFAOYSA-N,410.649,4.908,41.57,1,5,12,2,1
CHEMBL4789240,C#CCN1CCCC(OC(=O)N(C)CC)C1,100,chembal.csv,0,VOYPIHUBPQHSHA-UHFFFAOYSA-N,224.304,1.172,32.78,0,3,3,1,0
CHEMBL4777039,C#CCN1CCC(COC(=O)N(C)CC)CC1,100,chembal.csv,0,CULWUIGVFNMPBJ-UHFFFAOYSA-N,238.331,1.42,32.78,0,3,4,1,0
CHEMBL4786153,C#CCN1CCCC(COC(=O)N(C)CC)C1,100,chembal.csv,0,GZGBSEHEHDDUAJ-UHFFFAOYSA-N,238.331,1.42,32.78,0,3,4,1,0
CHEMBL4080162,COc1ccc(N[C@H]2CCC[C@@H](OC(=O)N(C)C)C2)cc1,110,chembal.csv,0,DJUUOKKQPMZYKO-DZGCQCFKSA-N,292.379,3.117,50.8,1,4,4,2,1
CHEMBL4079247,COc1ccc(N[C@@H]2CCC[C@@H](OC(=O)N(C)C)C2)cc1,110,chembal.csv,0,DJUUOKKQPMZYKO-UKRRQHHQSA-N,292.379,3.117,50.8,1,4,4,2,1
CHEMBL3780448,CC(COC(=O)c1ccc(Oc2nc(Oc3ccc(C(=O)OCC(C)N(C)C)cc3)nc(Oc3ccc(C(=O)OCC(C)N(C)C)cc3)n2)cc1)N(C)C,163.8,chembal.csv,0,WYCXGHBIJHDQCV-UHFFFAOYSA-N,744.846,5.569,154.98,0,15,18,4,4
CHEMBL3780131,COc1nc(Oc2ccc(C(=O)OCC(C)N(C)C)cc2)nc(Oc2ccc(C(=O)OCC(C)N(C)C)cc2)n1,200,chembal.csv,0,QIORXCWQYIESRG-UHFFFAOYSA-N,553.616,3.679,125.44,0,12,13,3,3
CHEMBL3827624,Cc1c(OC(=O)N(C)C)c2c(c[n+]1C)COC(C(C)(C)C)OC2,310,chembal.csv,0,DKOODHGEXKPUNA-UHFFFAOYSA-N,323.413,2.299,51.88,0,4,1,2,1
CHEMBL3827449,CCCC1OCc2c[n+](C)c(C)c(OC(=O)N(C)C)c2CO1,400,chembal.csv,0,AIRSWJDXNYSCHD-UHFFFAOYSA-N,309.386,2.053,51.88,0,4,3,2,1
CHEMBL3827856,Cc1c(OC(=O)N(C)C)c2c(c[n+]1C)COCOC2,400,chembal.csv,0,LMTKOACGDFDSMW-UHFFFAOYSA-N,267.305,0.884,51.88,0,4,1,2,1
CHEMBL3828273,CCC1OCc2c[n+](C)c(C)c(OC(=O)N(C)C)c2CO1,800,chembal.csv,0,AUVPCTGSGAIYIF-UHFFFAOYSA-N,295.359,1.663,51.88,0,4,2,2,1
CHEMBL3827347,Cc1c(OC(=O)N(C)C)c2c(c[n+]1C)COC(C(C)C)OC2,900,chembal.csv,0,CMRXYIXSKZWUCS-UHFFFAOYSA-N,309.386,1.909,51.88,0,4,2,2,1
CHEMBL3828644,Cc1c(OC(=O)N(C)C)c2c(c[n+]1C)COC(C)OC2,1030,chembal.csv,0,UJWGWESLFYCTBU-UHFFFAOYSA-N,281.332,1.273,51.88,0,4,1,2,1
CHEMBL3828739,Cc1c(OC(=O)N(C)C)c2c(c[n+]1C)COC(C)(C)OC2,1190,chembal.csv,0,XKEQQEQMHAEVAK-UHFFFAOYSA-N,295.359,1.663,51.88,0,4,1,2,1
CHEMBL11514,CNC(=O)Oc1ccc2c(c1)[C@@H]1[C@@H](CCN1C)CO2,97723722095.5811,chembal.csv,0,ZHSORBYPJBKFAV-ZANVPECISA-N,262.309,1.79,50.8,1,4,1,3,1
CHEMBL11833,CNC(=O)Oc1ccc2c(c1)OC[C@@H]1CCN(C)[C@H]21,281838293126.445,chembal.csv,0,MNWULZIBRBDECY-ZANVPECISA-N,262.309,1.79,50.8,1,4,1,3,1
CHEMBL12324,CNC(=O)Oc1ccc2c(c1)OC[C@@H]1CC[N+](C)(C)[C@H]21,338844156139.203,chembal.csv,0,XUQPWMFRKQMTJR-HZMBPMFUSA-O,277.344,1.935,47.56,1,3,1,3,1
CHEMBL4797355,O=c1c2ccccc2oc2ccc(OCCCCCN3CCCCCC3)cc12,1.278,chembal.csv,0,KNIPHGXUVWAHCN-UHFFFAOYSA-N,379.5,5.371,42.68,0,4,7,4,3
CHEMBL4783624,O=c1c2cc(Cl)ccc2oc2ccc(OCCCCCN3CCCCCC3)cc12,1.595,chembal.csv,0,JREXJAZIYYZNSO-UHFFFAOYSA-N,413.945,6.025,42.68,0,4,7,4,3
CHEMBL3764762,Cc1c(Cl)c(=O)oc2cc(OCCNC3CCN(Cc4ccccc4)CC3)ccc12,1.68,chembal.csv,0,UUZIPHVUUZOBHC-UHFFFAOYSA-N,426.944,4.388,54.71,1,5,7,4,3
CHEMBL4173258,C#CCN(C)Cc1cc2cc(OCCCN3CCCCC3)ccc2n1C,1.69,chembal.csv,0,NQDGCGNKNJWZHP-UHFFFAOYSA-N,353.51,3.498,20.64,0,4,8,3,2
CHEMBL5411459,CC(C)(C)OC(=O)NCCOCCOc1ccc(-c2cc(=O)c3c(OCc4ccccc4)cccc3o2)cc1,1.78,chembal.csv,0,SDKMJQOXCCAZPB-UHFFFAOYSA-N,531.605,5.959,96.23,1,7,11,4,4
CHEMBL3763535,O=c1oc2cc(OCCNC3CCN(Cc4ccccc4)CC3)ccc2c2c1CCCC2,1.98,chembal.csv,0,QZRBOLHGJBENEV-UHFFFAOYSA-N,432.564,4.305,54.71,1,5,7,5,3
CHEMBL3262667,COc1cc2c(cc1OC)C(Cc1ccc(OCCCCCCN3CCCC3)cc1)NCC2,2.27,chembal.csv,0,QSASVTHZZTZXAN-UHFFFAOYSA-N,452.639,5.168,42.96,1,5,12,4,2
CHEMBL3764609,Cc1c(C)c2ccc(OCCNC3CCN(Cc4ccccc4)CC3)cc2oc1=O,2.67,chembal.csv,0,IPJZSNUPIXZHAU-UHFFFAOYSA-N,406.526,4.043,54.71,1,5,7,4,3
CHEMBL3765293,O=c1cc(Cl)c2ccc(OCCNC3CCN(Cc4ccccc4)CC3)cc2o1,2.93,chembal.csv,0,XATVGNRTOUJFHU-UHFFFAOYSA-N,412.917,4.079,54.71,1,5,7,4,3
CHEMBL3335048,O=c1oc2cc(OCCCN3CCN(Cc4ccccc4)CC3)ccc2c2c1CCCC2,3.1,chembal.csv,0,KMFIWXMOTHJQAP-UHFFFAOYSA-N,432.564,4.259,45.92,0,5,7,5,3
CHEMBL3262666,COc1cc2c(cc1OC)C(Cc1ccc(OCCCCCCN3CCCCC3)cc1)NCC2,3.25,chembal.csv,0,XIKIQDHFFVIHEZ-UHFFFAOYSA-N,466.666,5.558,42.96,1,5,12,4,2
CHEMBL3262661,COc1cc2c(cc1OC)C(Cc1ccc(OCCCCCCN(C)C)cc1)NCC2,3.43,chembal.csv,0,BYRLMUHGBXCVOH-UHFFFAOYSA-N,426.601,4.634,42.96,1,5,12,3,2
CHEMBL3335066,O=c1oc2cc(OCCCN3CCN(Cc4ccccc4)CC3)ccc2c2ccccc12,3.7,chembal.csv,0,YMUQNRICCRNBQY-UHFFFAOYSA-N,428.532,4.533,45.92,0,5,7,5,4
CHEMBL4572797,Cc1cc(=O)oc2cc(OC/C=C/CCn3cnc4c(N5CCCC5)ncnc43)ccc12,4.65,chembal.csv,0,WWAHUYNBIDKTEF-QHHAFSJGSA-N,431.496,3.867,86.28,0,8,7,5,4
CHEMBL3262665,COc1cc2c(cc1OC)C(Cc1ccc(OCCCCCCN3CCCCC3C)cc1)NCC2,5.83,chembal.csv,0,FINWRTHNMLWWST-UHFFFAOYSA-N,480.693,5.947,42.96,1,5,12,4,2
CHEMBL3262663,CCCCN(CCCC)CCCCCCOc1ccc(CC2NCCc3cc(OC)c(OC)cc32)cc1,6.02,chembal.csv,0,FQFUKTCPJFQACE-UHFFFAOYSA-N,510.763,6.975,42.96,1,5,18,3,2
CHEMBL4528980,CCOC(=O)C1=C(C)NC(C)=C(C(=O)OCC)C1c1ccc(OCCCCCN2CCCC2)cc1,6.07,chembal.csv,0,FMYWPHYXKMHHNZ-UHFFFAOYSA-N,484.637,4.693,77.1,1,7,12,3,1
CHEMBL3262664,COc1cc2c(cc1OC)C(Cc1ccc(OCCCCCCN3CCCC3C)cc1)NCC2,6.42,chembal.csv,0,AGSNRWKROFLBLI-UHFFFAOYSA-N,466.666,5.557,42.96,1,5,12,4,2
CHEMBL4443523,CCOC(=O)C1=C(C)NC(C)=C(C(=O)OCC)C1c1ccc(OCCCCN2CCCC2)cc1,7.22,chembal.csv,0,HOJABKNZHBVDFH-UHFFFAOYSA-N,470.61,4.302,77.1,1,7,11,3,1
CHEMBL4573309,CCOC(=O)C1=C(C)NC(C)=C(C(=O)OCC)C1c1ccc(OCCCCCN2CCCCC2)cc1,7.83,chembal.csv,0,LEFLUEYSKFGASD-UHFFFAOYSA-N,498.664,5.083,77.1,1,7,12,3,1
CHEMBL5265926,O=C(CCCCC1CCSS1)NCc1cn(CCCCOc2ccc3c(=O)ccoc3c2)nn1,8,chembal.csv,0,NOYLLHGMLGKVEV-UHFFFAOYSA-N,502.662,4.574,99.25,1,9,13,4,3
CHEMBL4527805,COc1ccc(/C=C2\COc3cc(OCCCN4CCCCC4)ccc3C2=O)cc1,9.21,chembal.csv,0,ITHOQDYOXKNLHE-CAPFRKAQSA-N,407.51,4.609,48,0,5,7,4,2
CHEMBL3262673,COc1cc2c(cc1OC)C(Cc1ccc(OCCCCCCN3CCC(c4ccccc4)CC3)cc1)NCC2,9.29,chembal.csv,0,ZZODKRWBFJJHGV-UHFFFAOYSA-N,542.764,6.952,42.96,1,5,13,5,3
CHEMBL4793096,O=C(/C=C/c1ccc(OCCCCN2CCC(Cc3ccccc3)CC2)cc1)c1c(O)cc(OCCCCN2CCC(Cc3ccccc3)CC2)cc1O,9.4,chembal.csv,0,PJQRMGWDMAUSJK-LVZFUZTISA-N,730.99,9.221,82.47,2,7,19,6,4
CHEMBL3262669,COc1cc2c(cc1OC)C(Cc1ccc(OCCCCCCN3CCOCC3)cc1)NCC2,10.59,chembal.csv,0,CGEXLUGJCRHUDI-UHFFFAOYSA-N,468.638,4.405,52.19,1,6,12,4,2
CHEMBL4777818,O=c1cc(-c2ccc(OCCCCN3CCN(Cc4ccccc4)CC3)cc2)oc2cc(OCCCCN3CCN(Cc4ccccc4)CC3)cc(O)c12,10.7,chembal.csv,0,QDGFZDSHMCVZQL-UHFFFAOYSA-N,730.95,7.119,81.86,1,9,17,7,5
CHEMBL3262662,CCCN(CCC)CCCCCCOc1ccc(CC2NCCc3cc(OC)c(OC)cc32)cc1,11.17,chembal.csv,0,QRPYZNBZKALWQQ-UHFFFAOYSA-N,482.709,6.195,42.96,1,5,16,3,2
CHEMBL4796574,O=c1c(-c2ccc(OCCCCN3CCC(Cc4ccccc4)CC3)cc2)coc2cc(OCCCCN3CCC(Cc4ccccc4)CC3)cc(O)c12,11.9,chembal.csv,0,MJYHXFQKEQRPEC-UHFFFAOYSA-N,728.974,9.393,75.38,1,7,17,7,5
CHEMBL3335060,O=c1oc2cc(OCCN3CCN(Cc4ccccc4)CC3)ccc2c2ccccc12,12.1,chembal.csv,0,NHTLSLIZIOTGBZ-UHFFFAOYSA-N,414.505,4.143,45.92,0,5,6,5,4
CHEMBL4792248,CC1c2ccccc2CCN1CCCCOc1ccc(-c2coc3cc(OCCCCN4CCc5ccccc5C4C)cc(O)c3c2=O)cc1,12.4,chembal.csv,0,ZGXSCBBSDIABRW-UHFFFAOYSA-N,672.866,8.722,75.38,1,7,13,7,5
CHEMBL3262671,COc1cc2c(cc1OC)C(Cc1ccc(OCCCCCCN3CCN(c4ccccc4)CC3)cc1)NCC2,12.9,chembal.csv,0,MJOOYKDRCXTTQQ-UHFFFAOYSA-N,543.752,5.895,46.2,1,6,13,5,3
CHEMBL4779180,O=c1cc(-c2ccc(OCCCCN3CCC(Cc4ccccc4)CC3)cc2)oc2cc(OCCCCN3CCC(Cc4ccccc4)CC3)cc(O)c12,12.9,chembal.csv,0,NTMOJNLZGRDYEX-UHFFFAOYSA-N,728.974,9.393,75.38,1,7,17,7,5
CHEMBL5405532,NCCOCCOc1ccc(-c2cc(=O)c3ccccc3o2)cc1,13.4,chembal.csv,0,VDAVLFRGUDYBFT-UHFFFAOYSA-N,325.364,2.814,74.69,1,5,7,3,3
CHEMBL4791528,O=c1c(-c2ccc(OCCCCN3CCc4ccccc4C3)cc2)coc2cc(OCCCCN3CCc4ccccc4C3)cc(O)c12,13.7,chembal.csv,0,OKOIPODBGJKFGU-UHFFFAOYSA-N,644.812,7.6,75.38,1,7,13,7,5
CHEMBL3335054,O=c1oc2cc(OCCCCN3CCN(Cc4ccccc4)CC3)ccc2c2c1CCCC2,14.6,chembal.csv,0,LLRQWHTWQOOTRV-UHFFFAOYSA-N,446.591,4.649,45.92,0,5,8,5,3
CHEMBL4792240,O=c1cc(-c2ccc(OCCCCN3CCc4ccccc4C3)cc2)oc2cc(OCCCCN3CCc4ccccc4C3)cc(O)c12,15.8,chembal.csv,0,YNXCNTICEBIQKR-UHFFFAOYSA-N,644.812,7.6,75.38,1,7,13,7,5
CHEMBL3262670,COc1cc2c(cc1OC)C(Cc1ccc(OCCCCCCN3CCC(O)(Cc4ccccc4)CC3)cc1)NCC2,15.9,chembal.csv,0,MQRDMBHMFXHDQV-UHFFFAOYSA-N,572.79,6.142,63.19,2,6,14,5,3
CHEMBL3262658,CCN(CC)CCCCCCOc1ccc(CC2NCCc3cc(OC)c(OC)cc32)cc1,16.7,chembal.csv,0,BPECKLWRCAONGX-UHFFFAOYSA-N,454.655,5.414,42.96,1,5,14,3,2
CHEMBL3335049,COc1cccc(CN2CCN(CCCOc3ccc4c5c(c(=O)oc4c3)CCCC5)CC2)c1,18.4,chembal.csv,0,JPCDBTHAWPVJLV-UHFFFAOYSA-N,462.59,4.267,55.15,0,6,8,5,3
CHEMBL4798516,O=C1CC(c2ccc(OCCCCN3CCC(Cc4ccccc4)CC3)cc2)Oc2cc(OCCCCN3CCC(Cc4ccccc4)CC3)cc(O)c21,18.7,chembal.csv,0,SOHPLFZBNPLYPB-UHFFFAOYSA-N,730.99,9.326,71.47,1,7,17,7,4
CHEMBL4787690,O=c1c(-c2ccc(OCCCCN3CCCCC3)cc2)coc2cc(OCCCCN3CCCCC3)cc(O)c12,19.6,chembal.csv,0,VIOPWDAUYNQNRM-UHFFFAOYSA-N,548.724,6.455,75.38,1,7,13,5,3
CHEMBL4794189,O=C1CC(c2ccc(OCCCCN3CCc4ccccc4C3)cc2)Oc2cc(OCCCCN3CCc4ccccc4C3)cc(O)c21,20.1,chembal.csv,0,CERDJUBMBLYNCC-UHFFFAOYSA-N,646.828,7.533,71.47,1,7,13,7,4
CHEMBL3335052,O=c1oc2cc(OCCCCN3CCC(Cc4ccccc4)CC3)ccc2c2c1CCCC2,20.1,chembal.csv,0,GTVSDMPQZNLHNQ-UHFFFAOYSA-N,445.603,5.786,42.68,0,4,8,5,3
CHEMBL3335064,O=c1oc2cc(OCCCN3CCC(Cc4ccccc4)CC3)ccc2c2ccccc12,21.3,chembal.csv,0,JCHKASOGFPNEMX-UHFFFAOYSA-N,427.544,5.67,42.68,0,4,7,5,4
CHEMBL4795152,O=C1CC(c2ccc(OCCCCN3CCN(Cc4ccccc4)CC3)cc2)Oc2cc(OCCCCN3CCN(Cc4ccccc4)CC3)cc(O)c21,21.4,chembal.csv,0,CFEIKLDRXMJARP-UHFFFAOYSA-N,732.966,7.052,77.95,1,9,17,7,4
CHEMBL3262672,COc1cc2c(cc1OC)C(Cc1ccc(OCCCCCCN3CCN(Cc4ccccc4)CC3)cc1)NCC2,21.71,chembal.csv,0,IRDZLYUVTZHASS-UHFFFAOYSA-N,557.779,5.89,46.2,1,6,14,5,3
CHEMBL3335055,COc1cccc(CN2CCN(CCCCOc3ccc4c5c(c(=O)oc4c3)CCCC5)CC2)c1,23.4,chembal.csv,0,FOOMLDMUSXDTOO-UHFFFAOYSA-N,476.617,4.657,55.15,0,6,9,5,3
CHEMBL3262668,COc1cc2c(cc1OC)C(Cc1ccc(OCCCCCCN3CCC(O)CC3)cc1)NCC2,23.73,chembal.csv,0,SWHJODKSCKXUAX-UHFFFAOYSA-N,482.665,4.529,63.19,2,6,12,4,2
CHEMBL4754186,O=c1ccoc2ccc(OCCCN3CCCCCC3)cc12,25,chembal.csv,0,OSWCICCXKIXGDJ-UHFFFAOYSA-N,301.386,3.438,42.68,0,4,5,3,2
CHEMBL4796736,O=c1c(-c2ccc(OCCCCN3CCN(Cc4ccccc4)CC3)cc2)coc2cc(OCCCCN3CCN(Cc4ccccc4)CC3)cc(O)c12,26.4,chembal.csv,0,UIHDOYWEDATPEW-UHFFFAOYSA-N,730.95,7.119,81.86,1,9,17,7,5
CHEMBL3335053,COc1cccc(CC2CCN(CCCCOc3ccc4c5c(c(=O)oc4c3)CCCC5)CC2)c1,27.8,chembal.csv,0,GGTPKCUHOKYRFT-UHFFFAOYSA-N,475.629,5.794,51.91,0,5,9,5,3
CHEMBL3335029,O=c1oc2cc(OCCN3CCN(Cc4ccccc4)CC3)ccc2c2c1CCCC2,32,chembal.csv,0,OHDDRPINWQDGEH-UHFFFAOYSA-N,418.537,3.868,45.92,0,5,6,5,3
CHEMBL3335065,COc1cccc(CC2CCN(CCCOc3ccc4c(c3)oc(=O)c3ccccc34)CC2)c1,40,chembal.csv,0,WOLZDYVNVPOLIK-UHFFFAOYSA-N,457.57,5.678,51.91,0,5,8,5,4
CHEMBL3335071,O=c1oc2cc(OCCCCN3CCN(Cc4ccccc4)CC3)ccc2c2ccccc12,40,chembal.csv,0,TXSRJQSUOUJAIH-UHFFFAOYSA-N,442.559,4.923,45.92,0,5,8,5,4
CHEMBL3335070,COc1cccc(CC2CCN(CCCCOc3ccc4c(c3)oc(=O)c3ccccc34)CC2)c1,40,chembal.csv,0,PTBWWTXVGBBFIJ-UHFFFAOYSA-N,471.597,6.069,51.91,0,5,9,5,4
CHEMBL3335046,O=c1oc2cc(OCCCN3CCC(Cc4ccccc4)CC3)ccc2c2c1CCCC2,40,chembal.csv,0,MJJPABBWHSSTTI-UHFFFAOYSA-N,431.576,5.395,42.68,0,4,7,5,3
CHEMBL3335059,COc1cccc(CC2CCN(CCOc3ccc4c(c3)oc(=O)c3ccccc34)CC2)c1,40,chembal.csv,0,AKCDRGUDWHAJSH-UHFFFAOYSA-N,443.543,5.288,51.91,0,5,7,5,4
CHEMBL3334506,O=c1oc2cc(OCCCCN3CCC(Cc4ccccc4)CC3)ccc2c2ccccc12,40,chembal.csv,0,KNRZCCYRCNQTBX-UHFFFAOYSA-N,441.571,6.06,42.68,0,4,8,5,4
CHEMBL3335027,O=c1oc2cc(OCCN3CCC(Cc4ccccc4)CC3)ccc2c2c1CCCC2,40,chembal.csv,0,IHQOPGPYTRMDJH-UHFFFAOYSA-N,417.549,5.005,42.68,0,4,6,5,3
CHEMBL3335067,COc1cccc(CN2CCN(CCCOc3ccc4c(c3)oc(=O)c3ccccc34)CC2)c1,40,chembal.csv,0,KQHKJVQLBKLYNN-UHFFFAOYSA-N,458.558,4.542,55.15,0,6,8,5,4
CHEMBL3335061,COc1cccc(CN2CCN(CCOc3ccc4c(c3)oc(=O)c3ccccc34)CC2)c1,40,chembal.csv,0,XMXDGPFCJLHNBV-UHFFFAOYSA-N,444.531,4.151,55.15,0,6,7,5,4
CHEMBL3335047,COc1cccc(CC2CCN(CCCOc3ccc4c5c(c(=O)oc4c3)CCCC5)CC2)c1,40,chembal.csv,0,RHYLMHYJQBEFDV-UHFFFAOYSA-N,461.602,5.404,51.91,0,5,8,5,3
CHEMBL3335058,O=c1oc2cc(OCCN3CCC(Cc4ccccc4)CC3)ccc2c2ccccc12,40,chembal.csv,0,UOZWFKWFCFYMHT-UHFFFAOYSA-N,413.517,5.28,42.68,0,4,6,5,4
CHEMBL3335072,COc1cccc(CN2CCN(CCCCOc3ccc4c(c3)oc(=O)c3ccccc34)CC2)c1,40,chembal.csv,0,INQSWFRTCVMRBK-UHFFFAOYSA-N,472.585,4.932,55.15,0,6,9,5,4
CHEMBL3335028,COc1cccc(CC2CCN(CCOc3ccc4c5c(c(=O)oc4c3)CCCC5)CC2)c1,40,chembal.csv,0,LWWYSSYDRVEIDW-UHFFFAOYSA-N,447.575,5.014,51.91,0,5,7,5,3
CHEMBL3335030,COc1cccc(CN2CCN(CCOc3ccc4c5c(c(=O)oc4c3)CCCC5)CC2)c1,40,chembal.csv,0,CACFQCMXTYRFGE-UHFFFAOYSA-N,448.563,3.877,55.15,0,6,7,5,3
CHEMBL4776765,O=c1ccoc2ccc(OCCCCN3CCCCC3)cc12,87.5,chembal.csv,0,YCJCZVUHPAFTTR-UHFFFAOYSA-N,301.386,3.438,42.68,0,4,6,3,2
CHEMBL4781384,O=c1ccoc2ccc(OCCCCCN3CCOCC3)cc12,100,chembal.csv,0,CIQYOCMKRTYOTH-UHFFFAOYSA-N,317.385,2.674,51.91,0,5,7,3,2
CHEMBL4209420,CCNCC(=O)Nc1ccc2nc3n(c(=O)c2c1)CCC3,1.001,chembal.csv,0,KKAIOBSUMOSSIY-UHFFFAOYSA-N,286.335,0.891,76.02,2,5,4,3,2
CHEMBL4213147,CCCNCC(=O)Nc1ccc2nc3n(c(=O)c2c1)CCC3,1.186,chembal.csv,0,BQFXCCNHGAEHME-UHFFFAOYSA-N,300.362,1.281,76.02,2,5,5,3,2
CHEMBL4853545,O=S(=O)(c1ccccc1)n1ccc2c(OCCNCC3CCCC3)cccc21,1.358,chembal.csv,0,ZILBYNKRTASLQG-UHFFFAOYSA-N,398.528,4.037,60.33,1,5,8,4,3
CHEMBL3122168,CCNCc1ccc2nc(-c3ccc(Cl)cc3)c3c(c2c1)NCCC3,1.37,chembal.csv,0,SHQNSNOQZLYJOO-UHFFFAOYSA-N,351.881,5.023,36.95,2,3,4,4,3
CHEMBL4872486,O=S(=O)(c1cccc2ccccc12)n1ccc2c(OCCNCc3ccccc3)cccc21,1.529,chembal.csv,0,KDUPOZXXJNAMJQ-UHFFFAOYSA-N,456.567,5.2,60.33,1,5,8,5,5
CHEMBL4070462,CC(C)Nc1nc(NCCc2ccccc2)c2ccccc2n1,1.6,chembal.csv,0,FPUNSMTXHBASTG-UHFFFAOYSA-N,306.413,4.105,49.84,2,4,6,3,3
CHEMBL1770549,COc1cc(CNCCCCCCNC2=CC(=O)C(NCCCCCCNCc3ccc(O)c(OC)c3)=CC2=O)ccc1O,1.6,chembal.csv,0,ASJXQHKDXMZZHI-UHFFFAOYSA-N,608.78,4.214,141.18,6,10,22,3,2
CHEMBL368698,O=S(=O)(c1ccccc1)n1ccc2c(OCCNCc3ccccc3)cccc21,1.611,chembal.csv,0,WWCIYLXNRVTMRO-UHFFFAOYSA-N,406.507,4.047,60.33,1,5,8,4,4
CHEMBL4846931,CC(=O)Oc1ccc(CNCCOc2cccc3c2ccn3S(=O)(=O)c2ccccc2)cc1,1.92,chembal.csv,0,HZVUCOMKFCQRBX-UHFFFAOYSA-N,464.543,3.972,86.63,1,7,9,4,4
CHEMBL2314726,COc1cc2cc(NC(=O)[C@H]3CCC[C@@H](NCc4ccccc4)C3)c(=O)oc2cc1OC,2.33,chembal.csv,0,UGTGSTDFYWUXNH-PKOBYXMFSA-N,436.508,4.097,89.8,2,6,7,4,3
CHEMBL3122169,CCNCc1ccc2nc(-c3cccnc3)c3c(c2c1)NCCC3,2.59,chembal.csv,0,HQGPIDRUKNOSLE-UHFFFAOYSA-N,318.424,3.764,49.84,2,4,4,4,3
CHEMBL1770550,O=C1C=C(NCCCNCc2cc3ccccc3o2)C(=O)C=C1NCCCNCc1cc2ccccc2o1,2.6,chembal.csv,0,OWYKGTIBTVFDHN-UHFFFAOYSA-N,512.61,3.937,108.54,4,8,14,5,4
CHEMBL4849477,Cc1cccc(CNCCOc2cccc3c2ccn3S(=O)(=O)c2ccccc2)c1,2.822,chembal.csv,0,KPULSQQTOLRHKW-UHFFFAOYSA-N,420.534,4.355,60.33,1,5,8,4,4
CHEMBL4061837,CCNc1nc(NCCc2ccccc2)c2ccccc2n1,3.2,chembal.csv,0,KIBDZBXFNYGLIL-UHFFFAOYSA-N,292.386,3.716,49.84,2,4,6,3,3
CHEMBL4069444,NC(=O)Cc1nc(NCCc2ccccc2)c2ccccc2n1,3.5,chembal.csv,0,AMBHFJHBILUQIM-UHFFFAOYSA-N,306.369,2.312,80.9,2,4,6,3,3
CHEMBL4160790,O=C(Nc1cc(Cl)nc(Cl)c1)OCCCCCCNCc1ccccc1,4.01,chembal.csv,0,OREXPKXXVJHBIG-UHFFFAOYSA-N,396.318,5.287,63.25,2,4,10,2,2
CHEMBL4094911,CNc1nc(NCCc2ccc(OC)c(OC)c2)c2ccccc2n1,4.5,chembal.csv,0,CAYWTKCBFPBSRM-UHFFFAOYSA-N,338.411,3.343,68.3,2,6,7,3,3
CHEMBL4164524,O=C(Nc1cc(Cl)nc(Cl)c1)OCCCCCNCc1ccccc1,4.59,chembal.csv,0,KCHQKPAJDQOEDE-UHFFFAOYSA-N,382.291,4.897,63.25,2,4,9,2,2
CHEMBL4165299,O=C(NCCCCCCNCc1c[nH]c2ccccc12)c1cc(Cl)nc(Cl)c1,4.7,chembal.csv,0,YPGLQZHTOGJODD-UHFFFAOYSA-N,419.356,4.95,69.81,3,3,10,3,3
CHEMBL4083601,CCCNc1nc(NCCc2ccccc2)c2ccccc2n1,5,chembal.csv,0,XBQWDVQOXXSCIB-UHFFFAOYSA-N,306.413,4.106,49.84,2,4,7,3,3
CHEMBL4064773,CNc1nc(NCCc2ccccc2)c2ccccc2n1,5,chembal.csv,0,GIJJXBWHJXYRLM-UHFFFAOYSA-N,278.359,3.326,49.84,2,4,5,3,3
CHEMBL4172510,O=C(Nc1ccncc1Br)OCCCCCNCc1ccccc1,5.27,chembal.csv,0,GYKWZSDTWSSKLM-UHFFFAOYSA-N,392.297,4.353,63.25,2,4,9,2,2
CHEMBL1098308,O=C(CN1CCCCC1)Nc1ccc2nc3c4[nH]c5ccccc5c4ccn3c(=O)c2c1,5.4,chembal.csv,0,WLAAJJZNAFKAMK-UHFFFAOYSA-N,425.492,3.907,82.5,2,5,3,6,5
CHEMBL4086248,COc1ccc(CCNc2nc(NC3CC3)nc3ccccc23)cc1OC,5.6,chembal.csv,0,VFNGLFSCRLQIGD-UHFFFAOYSA-N,364.449,3.876,68.3,2,6,8,4,3
CHEMBL4867606,CC(=O)Oc1cccc(CNCCOc2cccc3c2ccn3S(=O)(=O)c2ccccc2)c1,5.62,chembal.csv,0,WTQRCQQYTSHRRJ-UHFFFAOYSA-N,464.543,3.972,86.63,1,7,9,4,4
CHEMBL4860825,CC(C)(C)c1cccc(CNCC(O)CNCCC(c2ccccc2)c2ccccc2)c1,5.74,chembal.csv,0,QEVPSMYJQDNACG-UHFFFAOYSA-N,430.636,5.246,44.29,3,3,11,3,3
CHEMBL5173038,O=C(CCN1CCCCC1)Nc1ccc2nc(-c3cc4ccccc4[nH]3)[nH]c(=O)c2c1,7.322,chembal.csv,0,JOCZIAQMXYHQML-UHFFFAOYSA-N,415.497,3.886,93.88,3,4,5,5,4
CHEMBL3087680,C[C@H](C(=O)NCCCNCCCNC1=CC(=O)C(NCCCNCCCNC(=O)[C@@H](C)c2ccc(-c3ccccc3)c(F)c2)=CC1=O)c1ccc(-c2ccccc2)c(F)c1,7.77,chembal.csv,0,FIHKSIJMFNDTLZ-HEVIKAOCSA-N,819.01,6.277,140.46,6,8,24,5,4
CHEMBL4095445,COc1ccc(CCNc2nc(NC(C)C)nc3ccccc23)cc1OC,7.8,chembal.csv,0,ZHDADBWRFGGICV-UHFFFAOYSA-N,366.465,4.122,68.3,2,6,8,3,3
CHEMBL1770548,COc1cc(CNCCCNC2=CC(=O)C(NCCCNCc3ccc(O)c(OC)c3)=CC2=O)ccc1O,8.24,chembal.csv,0,LAYZENWRJFTEBJ-UHFFFAOYSA-N,524.618,1.873,141.18,6,10,16,3,2
CHEMBL4172060,O=C(Nc1cc(Cl)nc(Cl)c1)OCCCCCNCc1ccc(Oc2ccccc2)cc1,8.41,chembal.csv,0,BUXKFEJUVKXVEO-UHFFFAOYSA-N,474.388,6.689,72.48,2,5,11,3,3
CHEMBL4778925,CCc1ccc(NC(=O)COc2c(Cl)cc(Cl)cc2S(=O)(=O)N2CCN(C(=O)c3ccco3)CC2)cc1,9.15,chembal.csv,0,YRYSRRSTKKDAEQ-UHFFFAOYSA-N,566.463,4.313,109.16,1,6,8,4,3
CHEMBL4163781,O=C(NCCCCCCNCc1ccc2ccccc2c1)c1cc(Cl)nc(Cl)c1,9.96,chembal.csv,0,HGXSIDMKNYIKJB-UHFFFAOYSA-N,430.379,5.622,54.02,2,3,10,3,3
CHEMBL3087679,C[C@@H](C(=O)NCCCNCCCNC1=CC(=O)C(NCCCNCCCNC(=O)[C@H](C)c2ccc(-c3ccccc3)c(F)c2)=CC1=O)c1ccc(-c2ccccc2)c(F)c1,9.98,chembal.csv,0,FIHKSIJMFNDTLZ-KKLWWLSJSA-N,819.01,6.277,140.46,6,8,24,5,4
CHEMBL372262,CCOC(=O)c1c(C)c(N2CCN(C)CC2)nc2ccccc12,10,chembal.csv,0,ODFNNOPFLUGCJX-UHFFFAOYSA-N,313.401,2.472,45.67,0,5,3,3,2
CHEMBL4094833,CCOC(=O)CC[C@@H](NC(=O)OCc1ccccc1)C(=O)OCC,10,chembal.csv,0,NKLNQPKAQOZYMO-CQSZACIVSA-N,337.372,2.188,90.93,1,6,9,1,1
CHEMBL191084,Cc1c(N2CCN(C)CC2)nc2ccccc2c1C(=O)N(C)Cc1ccccc1,10,chembal.csv,0,KZYHORAOHSXDGV-UHFFFAOYSA-N,388.515,3.567,39.68,0,4,4,4,3
CHEMBL4071149,CCOC(=O)CC[C@H](NC(=O)OCc1ccccc1)C(=O)OCC,10,chembal.csv,0,NKLNQPKAQOZYMO-AWEZNQCLSA-N,337.372,2.188,90.93,1,6,9,1,1
CHEMBL1770552,O=C1C=C(NCCCNCc2nc3ccccc3s2)C(=O)C=C1NCCCNCc1nc2ccccc2s1,10,chembal.csv,0,BSPUDLZJTPHIOC-UHFFFAOYSA-N,546.722,3.664,108.04,4,10,14,5,4
CHEMBL1770553,O=C1C=C(NCCCCCCNCc2nc3ccccc3s2)C(=O)C=C1NCCCCCCNCc1nc2ccccc2s1,10,chembal.csv,0,PHMOEVJESDPKQG-UHFFFAOYSA-N,630.884,6.005,108.04,4,10,20,5,4
CHEMBL4863079,O=S(=O)(c1ccccc1)n1ccc2c(OCCNCc3ccccc3Cl)cccc21,10.53,chembal.csv,0,KAYDYSWEBWGTPA-UHFFFAOYSA-N,440.952,4.7,60.33,1,5,8,4,4
CHEMBL4091385,c1ccc(CCNc2nc(NC3CC3)nc3ccccc23)cc1,11.4,chembal.csv,0,RLWIYDVUQKJTSM-UHFFFAOYSA-N,304.397,3.859,49.84,2,4,6,4,3
CHEMBL3262251,CC(C)Nc1nc(NCc2ccccc2)c2ccccc2n1,11.7,chembal.csv,0,ZCSQLTMELGWEIN-UHFFFAOYSA-N,292.386,4.062,49.84,2,4,5,3,3
CHEMBL4849917,O=S(=O)(c1ccccc1)n1ccc2c(OCCNCc3cccc(Cl)c3)cccc21,11.79,chembal.csv,0,VELMVRPOZLZKKY-UHFFFAOYSA-N,440.952,4.7,60.33,1,5,8,4,4
CHEMBL4078382,CCNc1nc(NCCc2ccc(OC)c(OC)c2)c2ccccc2n1,14,chembal.csv,0,BSQRZHCDRKROCR-UHFFFAOYSA-N,352.438,3.733,68.3,2,6,8,3,3
CHEMBL4648322,COc1cc2cc(NC(=O)[C@@H]3CCC[C@H](NCc4ccccc4)C3)c(=O)oc2cc1OC,14.1,chembal.csv,0,UGTGSTDFYWUXNH-MJGOQNOKSA-N,436.508,4.097,89.8,2,6,7,4,3
CHEMBL4105088,CCCNc1nc(NCc2ccccc2)c2ccccc2n1,14.4,chembal.csv,0,JRRZCALMUDMAKV-UHFFFAOYSA-N,292.386,4.064,49.84,2,4,6,3,3
CHEMBL3087675,CC1=C(CC(=O)NCCCNCCCNC2=CC(=O)C(NCCCNCCCNC(=O)CC3=C(C)/C(=C\c4ccc([S+](C)[O-])cc4)c4ccc(F)cc43)=CC2=O)c2cc(F)ccc2/C1=C/c1ccc([S+](C)[O-])cc1,14.7,chembal.csv,0,JLICOVVJIUJAMC-GWSDYOLYSA-N,1043.316,7.646,186.58,6,10,26,7,4
CHEMBL4079345,CCNc1nc(NCc2ccccc2)c2ccccc2n1,15.2,chembal.csv,0,MWOWSIYESYQDJH-UHFFFAOYSA-N,278.359,3.674,49.84,2,4,5,3,3
CHEMBL3087683,CC(C(=O)NCCCNCCCNC1=CC(=O)c2ccccc2C1=O)c1ccc(-c2ccccc2)c(F)c1,16.4,chembal.csv,0,UOQIHLPVNLZAKC-UHFFFAOYSA-N,513.613,4.635,87.3,3,5,12,4,3
CHEMBL456881,O=c1c2ccccc2nc2n1CCC2,17.82,chembal.csv,0,VARHXCYGZKSOOO-UHFFFAOYSA-N,186.214,1.343,34.89,0,3,0,3,2
CHEMBL3087677,COc1ccc2c(c1)c(CC(=O)NCCCNCCCNC1=CC(=O)C(NCCCNCCCNC(=O)Cc3c(C)n(C(=O)c4ccc(Cl)cc4)c4ccc(OC)cc34)=CC1=O)c(C)n2C(=O)c1ccc(Cl)cc1,18.7,chembal.csv,0,JHUOXQBVHUYPEY-UHFFFAOYSA-N,1046.066,6.77,202.92,6,14,26,7,6
CHEMBL1626455,CNc1nc(NCc2ccccc2)c2ccccc2n1,18.8,chembal.csv,0,JMYLZKXFAKCSQR-UHFFFAOYSA-N,264.332,3.284,49.84,2,4,4,3,3
CHEMBL3087681,CC(C(=O)NCCCCCCNC1=CC(=O)C(NCCCCCCNC(=O)C(C)c2ccc(-c3ccccc3)c(F)c2)=CC1=O)c1ccc(-c2ccccc2)c(F)c1,20,chembal.csv,0,IHPKWJKSEAEEAP-UHFFFAOYSA-N,788.98,8.658,116.4,4,6,22,5,4
CHEMBL4067481,c1ccc(CNc2nc(NC3CC3)nc3ccccc23)cc1,22,chembal.csv,0,ISNUVLPBKHDGCQ-UHFFFAOYSA-N,290.37,3.816,49.84,2,4,5,4,3
CHEMBL3087674,CC(C)Cc1ccc(C(C)C(=O)NCCCNCCCNC2=CC(=O)C(NCCCNCCCNC(=O)C(C)c3ccc(CC(C)C)cc3)=CC2=O)cc1,22.5,chembal.csv,0,GAIPAIINDRQCBE-UHFFFAOYSA-N,743.05,5.062,140.46,6,8,26,3,2
CHEMBL4102655,CCCNc1nc(NCCc2ccc(OC)c(OC)c2)c2ccccc2n1,24.9,chembal.csv,0,POBOHPBOMIXXMU-UHFFFAOYSA-N,366.465,4.124,68.3,2,6,9,3,3
CHEMBL4077088,CCNc1nc(NCc2ccc(OC)c(OC)c2)c2ccccc2n1,25,chembal.csv,0,JSWJSFQSZOCUKU-UHFFFAOYSA-N,338.411,3.691,68.3,2,6,7,3,3
CHEMBL4161860,O=C(NCCCCCCNCc1ccccc1)c1cc(Cl)nc(Cl)c1,25.8,chembal.csv,0,KZSCJDQFJGAFHT-UHFFFAOYSA-N,380.319,4.468,54.02,2,3,10,2,2
CHEMBL1770555,O=C1C=C(NCCCCCCNCc2ccc(-c3nc4ccccc4s3)cc2)C(=O)C=C1NCCCCCCNCc1ccc(-c2nc3ccccc3s2)cc1,27.3,chembal.csv,0,DMJZMKWUENVGJJ-UHFFFAOYSA-N,783.08,9.339,108.04,4,10,22,7,6
CHEMBL4099790,COc1ccc(CNc2nc(NC(C)C)nc3ccccc23)cc1OC,29.8,chembal.csv,0,DWVMMOWLQGQFHO-UHFFFAOYSA-N,352.438,4.079,68.3,2,6,7,3,3
CHEMBL4097374,COc1ccc(CNc2nc(NC3CC3)nc3ccccc23)cc1OC,29.8,chembal.csv,0,MOIHFYGKSJRYIE-UHFFFAOYSA-N,350.422,3.833,68.3,2,6,7,4,3
CHEMBL4083524,CCCNc1nc(NCc2ccc(OC)c(OC)c2)c2ccccc2n1,30.4,chembal.csv,0,VZCLQGIAEJZYJS-UHFFFAOYSA-N,352.438,4.081,68.3,2,6,8,3,3
CHEMBL4098421,CNc1nc(NCc2ccc(OC)c(OC)c2)c2ccccc2n1,30.5,chembal.csv,0,FATQYLGZPDKQQL-UHFFFAOYSA-N,324.384,3.301,68.3,2,6,6,3,3
CHEMBL4128061,O=C(Cc1cc(=O)oc2cc(O)ccc12)NCCCCCCCNC(=O)c1cccc2c(=O)c3ccccc3[nH]c12,32.53,chembal.csv,0,DQRJIPTWWDIFBI-UHFFFAOYSA-N,553.615,4.533,141.5,4,6,11,5,5
CHEMBL1770554,O=C1C=C(NCCCNCc2ccc(-c3nc4ccccc4s3)cc2)C(=O)C=C1NCCCNCc1ccc(-c2nc3ccccc3s2)cc1,35.3,chembal.csv,0,CGLJQSSUGVUSLB-UHFFFAOYSA-N,698.918,6.998,108.04,4,10,16,7,6
CHEMBL4060016,COc1ccc(CCNc2nc(NC(C)=O)nc3ccccc23)cc1OC,50,chembal.csv,0,XLBZMPCSCLBTGH-UHFFFAOYSA-N,366.421,3.26,85.37,2,6,7,3,3
CHEMBL4085114,CC(=O)Nc1nc(NCCc2ccccc2)c2ccccc2n1,50,chembal.csv,0,VQKVYAIAPBPQEF-UHFFFAOYSA-N,306.369,3.243,66.91,2,4,5,3,3
CHEMBL4081013,NC(=O)Nc1nc(NCc2ccccc2)c2ccccc2n1,50,chembal.csv,0,JHYPOEYZLGFXQR-UHFFFAOYSA-N,293.33,2.733,92.93,3,4,4,3,3
CHEMBL4070380,NC(=O)Nc1nc(NCCc2ccccc2)c2ccccc2n1,50,chembal.csv,0,TXJCFAYDADYYJH-UHFFFAOYSA-N,307.357,2.775,92.93,3,4,5,3,3
CHEMBL4096673,COc1ccc(CCNc2nc(CC(N)=O)nc3ccccc23)cc1OC,50,chembal.csv,0,IQRUJTCHAGTJBS-UHFFFAOYSA-N,366.421,2.329,99.36,2,6,8,3,3
CHEMBL4060687,COc1ccc(CNc2nc(NC(N)=O)nc3ccccc23)cc1OC,50,chembal.csv,0,DRFSBESSKRBXBM-UHFFFAOYSA-N,353.382,2.75,111.39,3,6,6,3,3
CHEMBL4091317,COc1ccc(CNc2nc(NC(C)=O)nc3ccccc23)cc1OC,50,chembal.csv,0,VKTRQOIHJBCMRN-UHFFFAOYSA-N,352.394,3.218,85.37,2,6,6,3,3
CHEMBL4099046,COc1ccc(CCNc2nc(NC(N)=O)nc3ccccc23)cc1OC,50,chembal.csv,0,FLDAYDCSQFECEJ-UHFFFAOYSA-N,367.409,2.792,111.39,3,6,7,3,3
CHEMBL4061746,CC(=O)Nc1nc(NCc2ccccc2)c2ccccc2n1,50,chembal.csv,0,WVVLINPPZXEPNK-UHFFFAOYSA-N,292.342,3.2,66.91,2,4,4,3,3
CHEMBL4073193,NC(=O)Cc1nc(NCc2ccccc2)c2ccccc2n1,50,chembal.csv,0,QDRAEXWSWSOQJD-UHFFFAOYSA-N,292.342,2.27,80.9,2,4,5,3,3
CHEMBL4100046,COc1ccc(CNc2nc(CC(N)=O)nc3ccccc23)cc1OC,50,chembal.csv,0,BLBJFWLORCOHBS-UHFFFAOYSA-N,352.394,2.287,99.36,2,6,7,3,3
CHEMBL1376358,CCCCNc1nc2ccccc2[nH]1,61.01,chembal.csv,0,OKKUCNXCFWODOE-UHFFFAOYSA-N,189.262,2.775,40.71,2,2,4,2,2
CHEMBL2396908,CC(C)(C)OC(=O)NCCNc1nc2ccccc2[nH]1,71.92,chembal.csv,0,OXNZOSDMIJOPCJ-UHFFFAOYSA-N,276.34,2.5,79.04,3,4,4,2,2
CHEMBL1770551,O=C1C=C(NCCCCCCNCc2cc3ccccc3o2)C(=O)C=C1NCCCCCCNCc1cc2ccccc2o1,84.2,chembal.csv,0,NJTBEMRBNQBIOG-UHFFFAOYSA-N,596.772,6.278,108.54,4,8,20,5,4
CHEMBL2396903,CCCCNc1nc2ccccc2n1C,100,chembal.csv,0,FYOLAFLVTAEHOJ-UHFFFAOYSA-N,203.289,2.785,29.85,1,3,4,2,2
CHEMBL45069,C#CCNCc1cc2cc(OCc3ccccc3)ccc2[nH]1,100,chembal.csv,0,YFPNAYXYKXAKJC-UHFFFAOYSA-N,290.366,3.47,37.05,2,2,6,3,3
CHEMBL2396909,NCCNc1nc2ccccc2[nH]1,100,chembal.csv,0,XARCUBHUCFGDIP-UHFFFAOYSA-N,176.223,0.933,66.73,3,3,3,2,2
CHEMBL1572608,CCN(CC)CCCNc1nc2ccccc2[nH]1,100,chembal.csv,0,CGNYOHLJXUUNOM-UHFFFAOYSA-N,246.358,2.707,43.95,2,3,7,2,2
CHEMBL2396906,COCCNc1nc2ccccc2[nH]1,100,chembal.csv,0,VTUYRTRJDHAFLL-UHFFFAOYSA-N,191.234,1.621,49.94,2,3,4,2,2
CHEMBL2396907,c1ccc(CCCNc2nc3ccccc3[nH]2)cc1,100,chembal.csv,0,KVLNHVGHLGUYSL-UHFFFAOYSA-N,251.333,3.608,40.71,2,2,5,3,3
CHEMBL4210192,O=c1[nH]c(CCCO)nc2ccccc12,105.1,chembal.csv,0,PVVTWNMXEHROIA-UHFFFAOYSA-N,204.229,0.848,65.98,2,3,3,2,2
CHEMBL3087682,CC(C(=O)NCCCNC1=CC(=O)C(NCCCNC(=O)C(C)c2ccc(-c3ccccc3)c(F)c2)=CC1=O)c1ccc(-c2ccccc2)c(F)c1,116,chembal.csv,0,ULYGZQJSGMQCKG-UHFFFAOYSA-N,704.818,6.317,116.4,4,6,16,5,4
CHEMBL1912061,COc1cc2nc(Cl)nc(NCCCNC(=O)CCCCC3CCSS3)c2cc1OC,205,chembal.csv,0,MCFOZDJLZMYCEJ-UHFFFAOYSA-N,485.075,4.933,85.37,2,8,12,3,2
CHEMBL1940617,NCCCCCCNC1=CC(=O)c2ccccc2C1=O,294,chembal.csv,0,ISBGQOHRYTVWEM-UHFFFAOYSA-N,272.348,2.058,72.19,2,4,7,2,1
10049496,O=C1c2ccccc2C(=O)N1CCCCCCCCNc1c2ccccc2nc2ccccc12,1.01,pubchem.csv,0,YDMMKANYGRAJPZ-UHFFFAOYSA-N,451.57,6.437,62.3,1,4,10,5,4
CHEMBL4076334,CCOc1ccc(Cc2nc3cc(C(=O)Nc4ccccc4)ccc3n2CCC(C)C)cc1,1.2,chembal.csv,0,UYOHDNVAVCHIJW-UHFFFAOYSA-N,441.575,6.324,56.15,1,4,9,4,4
CHEMBL4555887,CCOc1ccc(Cc2nc3cc(C(=O)NCCOCCOCCNc4c5c(nc6ccccc46)CCCC5)ccc3n2CCC(C)C)cc1,1.25893,chembal.csv,0,KATPQNPJPWWNSE-UHFFFAOYSA-N,677.89,7.374,99.53,2,8,18,6,5
CHEMBL5414873,CCOc1ccc(Cc2nc3cc(OC(=O)NC4CC4)ccc3n2CCC(C)C)cc1,1.25893,chembal.csv,0,UXONRLFDMNUIOL-UHFFFAOYSA-N,421.541,5.323,65.38,1,5,9,4,3
CHEMBL4061358,CCOc1ccc(Cc2nc3cc(C(=O)NCCC(C)C)ccc3n2CCC(C)C)cc1,1.58489,chembal.csv,0,XHAKZGSSIHVURR-UHFFFAOYSA-N,435.612,5.848,56.15,1,4,11,3,3
CHEMBL5188111,CCCCCCCNC(=O)Oc1ccc(Cc2nc3cc(C(=O)N(CC)CC)ccc3n2CCCCN2CCCCC2)cc1,2.405,chembal.csv,0,GOVLNEXCLWEPBN-UHFFFAOYSA-N,603.852,7.434,79.7,1,6,17,4,3
CHEMBL4085482,CCOc1ccc(Cc2nc3cc(C(=O)N(CC)CC)ccc3n2CCCCN2CCCCC2)cc1,2.51189,chembal.csv,0,GBAQAKAXZOOHGW-UHFFFAOYSA-N,490.692,5.774,50.6,0,5,12,4,3
CHEMBL5411397,CCOc1ccc(Cc2nc3cc(OC(=O)N(C)CC)ccc3n2CCC(C)C)cc1,2.9,chembal.csv,0,DSUFSIAYUSFOGS-UHFFFAOYSA-N,423.557,5.522,56.59,0,5,9,3,3
CHEMBL5412500,CCOc1ccc(Cc2nc3cc(OC(=O)N4CCCC4)ccc3n2CCC(C)C)cc1,3.16228,chembal.csv,0,QYXWJSDYNHWKGY-UHFFFAOYSA-N,435.568,5.667,56.59,0,5,8,4,3
CHEMBL5395228,CCN(CC)C(=O)Oc1ccc(Cc2nc3cc(C(=O)N(CC)CC)ccc3n2CCC(C)C)cc1,3.98107,chembal.csv,0,ZUWNQIXZIXVZHN-UHFFFAOYSA-N,492.664,5.996,67.67,0,5,11,3,3
CHEMBL4086412,CCCCCCNC(=O)c1ccc2c(c1)nc(Cc1ccc(OCC)cc1)n2CCC(C)C,5.01187,chembal.csv,0,WHYLVIPFMDFEFD-UHFFFAOYSA-N,449.639,6.382,56.15,1,4,13,3,3
CHEMBL4104311,CCOc1ccc(Cc2nc3cc(C(=O)N4CCCCC4)ccc3n2CCC(C)C)cc1,5.7,chembal.csv,0,BHCDORRJLFLVSZ-UHFFFAOYSA-N,433.596,5.698,47.36,0,4,8,4,3
CHEMBL4082785,CCOc1ccc(Cc2nc3cc(C(=O)N(CC)CC)ccc3n2CCCCCCN2CCCCC2)cc1,7.94328,chembal.csv,0,NJJAMEFAQAHPGC-UHFFFAOYSA-N,518.746,6.554,50.6,0,5,14,4,3
CHEMBL471980,CCOc1ccc(Cc2nc3cc(C(=O)N(CC)CC)ccc3n2CCC(C)C)cc1,10,chembal.csv,0,RLLSCGRLMPJHDQ-UHFFFAOYSA-N,421.585,5.554,47.36,0,4,10,3,3
CHEMBL5416421,CCN(CC)C(=O)c1ccc2c(c1)nc(Cc1ccc(OC(=O)N(C)c3ccccc3)cc1)n2CCC(C)C,10,chembal.csv,0,JIVUGVGICZGKIU-UHFFFAOYSA-N,526.681,6.79,67.67,0,5,10,4,4
CHEMBL5421196,CCN(CC)C(=O)c1ccc2c(c1)nc(Cc1ccc(OC(=O)NC)cc1)n2CCC(C)C,11.8,chembal.csv,0,LDECOMYHPDABAC-UHFFFAOYSA-N,450.583,4.873,76.46,1,5,9,3,3
CHEMBL5430169,CCOc1ccc(Cc2nc3cc(OC(=O)N(C)C)ccc3n2CCC(C)C)cc1,25,chembal.csv,0,RIBGGMPGSBMYKE-UHFFFAOYSA-N,409.53,5.132,56.59,0,5,8,3,3
CHEMBL486438,CCN(CC)C(=O)c1ccc2c(c1)nc(Cc1ccc(O)cc1)n2CCC(C)C,25,chembal.csv,0,KWGUVZUNTGXISE-UHFFFAOYSA-N,393.531,4.861,58.36,1,4,8,3,3
CHEMBL4082936,CCOc1ccc(Cc2nc3cc(C(=O)N(CC)CC)ccc3n2CCN2CCCCC2)cc1,36.8,chembal.csv,0,JRJWAARCOBEVOL-UHFFFAOYSA-N,462.638,4.994,50.6,0,5,10,4,3
CHEMBL4095946,CCOc1ccc(Nc2nc3cc(C(=O)N(CC)CC)ccc3n2CCN2CCCCC2)cc1,50.11872,chembal.csv,0,BXDKCSAOAUKDQT-UHFFFAOYSA-N,463.626,5.147,62.63,1,6,10,4,3
CHEMBL4776811,NC(=O)c1sc(-c2ccnc(NC(=O)C3CC3)c2)nc1OCCCC1CCN(Cc2cccc(F)c2)CC1,1.8,chembal.csv,0,IWBHCAPYMPYPRE-UHFFFAOYSA-N,537.661,4.863,110.44,2,7,11,5,3
CHEMBL4755445,NC(=O)c1sc(-c2ccnc(NC(=O)C3CC3)c2)nc1OCCC1CCN(Cc2c(F)cccc2F)CC1,1.9,chembal.csv,0,YZWHKDPJXRQPRD-UHFFFAOYSA-N,541.624,4.612,110.44,2,7,10,5,3
CHEMBL4747992,NC(=O)c1sc(-c2ccnc(NC(=O)C3CC3)c2)nc1OCCCC1CCN(Cc2ccc(F)cc2)CC1,3.41,chembal.csv,0,LQLBWZJHRARWDB-UHFFFAOYSA-N,537.661,4.863,110.44,2,7,11,5,3
CHEMBL4748993,NC(=O)c1sc(-c2ccnc(NC(=O)C3CC3)c2)nc1OCCCC1CCN(Cc2ccccc2F)CC1,4.2,chembal.csv,0,YFLQQJOCKLGZJZ-UHFFFAOYSA-N,537.661,4.863,110.44,2,7,11,5,3
CHEMBL4756451,NC(=O)c1sc(-c2ccnc(NC(=O)C3CC3)c2)nc1OCCC1CCN(Cc2ccc(F)c(F)c2)CC1,7.2,chembal.csv,0,DBLMNZBAOCBKEM-UHFFFAOYSA-N,541.624,4.612,110.44,2,7,10,5,3
CHEMBL4792678,CNC(=O)c1sc(-c2ccnc(NC(=O)C3CC3)c2)nc1OCC1CCN(Cc2cccc([N+](=O)[O-])c2)CC1,9,chembal.csv,0,SGPWCCRYWGDWPY-UHFFFAOYSA-N,550.641,4.112,139.59,2,9,10,5,3
CHEMBL4753139,CNC(=O)c1sc(-c2ccnc(NC(=O)C3CC3)c2)nc1OCC1CCN(Cc2ccccc2F)CC1,11,chembal.csv,0,BDUXOMBAFKYZLK-UHFFFAOYSA-N,523.634,4.343,96.45,2,7,9,5,3
CHEMBL4753478,NC(=O)c1sc(-c2ccnc(NC(=O)C3CC3)c2)nc1OCC1CCN(Cc2ccccc2)CC1,12.7,chembal.csv,0,WCUGNCQJDCCMLE-UHFFFAOYSA-N,491.617,3.944,110.44,2,7,9,5,3
CHEMBL4748792,CNC(=O)c1sc(-c2ccnc(NC(=O)C3CC3)c2)nc1OCC1CCN(Cc2ccccc2)CC1,14,chembal.csv,0,OCIHMTSJSNPXID-UHFFFAOYSA-N,505.644,4.204,96.45,2,7,9,5,3
CHEMBL4785551,CNC(=O)c1sc(-c2ccnc(NC(=O)C3CC3)c2)nc1OCC1CCN(Cc2cccc(Br)c2)CC1,15,chembal.csv,0,UQTYKFVTMYTFSQ-UHFFFAOYSA-N,584.54,4.967,96.45,2,7,9,5,3
CHEMBL4796437,NC(=O)c1sc(-c2ccnc(NC(=O)C3CC3)c2)nc1OCCC1CCN(Cc2ccccc2)CC1,15.3,chembal.csv,0,YWWSWOHOMIZEMH-UHFFFAOYSA-N,505.644,4.334,110.44,2,7,10,5,3
CHEMBL4764558,NC(=O)c1sc(-c2ccnc(NC(=O)C3CC3)c2)nc1OCCC1CCN(Cc2ccc(F)cc2)CC1,17.6,chembal.csv,0,KSSGNEFSJBPCDX-UHFFFAOYSA-N,523.634,4.473,110.44,2,7,10,5,3
CHEMBL4741669,CNC(=O)c1sc(-c2ccnc(NC(=O)C3CC3)c2)nc1OCC1CCN(Cc2ccc(F)c(F)c2)CC1,20,chembal.csv,0,CEYMGNZXLVKIMZ-UHFFFAOYSA-N,541.624,4.482,96.45,2,7,9,5,3
CHEMBL4794823,NC(=O)c1sc(-c2ccnc(NC(=O)C3CC3)c2)nc1OCCCC1CCN(Cc2ccccc2)CC1,20.6,chembal.csv,0,ZUWQNIVETLIDSE-UHFFFAOYSA-N,519.671,4.724,110.44,2,7,11,5,3
CHEMBL4752296,CNC(=O)c1sc(-c2ccnc(NC(=O)C3CC3)c2)nc1OC1CCN(Cc2ccccc2)CC1,31,chembal.csv,0,PRPWHGXEZKOGPD-UHFFFAOYSA-N,491.617,3.957,96.45,2,7,8,5,3
CHEMBL4759253,NC(=O)c1sc(-c2ccnc(NC(=O)C3CC3)c2)nc1OCCC1CCN(Cc2ccccc2F)CC1,41,chembal.csv,0,GTDYZHRXBKZMOG-UHFFFAOYSA-N,523.634,4.473,110.44,2,7,10,5,3
CHEMBL4746460,CNC(=O)c1sc(-c2ccnc(NC(=O)C3CC3)c2)nc1OCC1CCN(Cc2ccc(Cl)c(Cl)c2)CC1,65,chembal.csv,0,IRJNAPGINGOASF-UHFFFAOYSA-N,574.534,5.511,96.45,2,7,9,5,3
CHEMBL4792741,CNC(=O)c1sc(-c2ccnc(NC(=O)C3CC3)c2)nc1OCC1CCN(Cc2ccc(Br)cc2)CC1,68,chembal.csv,0,NANMKYQQTXRMJO-UHFFFAOYSA-N,584.54,4.967,96.45,2,7,9,5,3
CHEMBL4749550,NC(=O)c1sc(-c2ccnc(NC(=O)C3CC3)c2)nc1OCCC1CCN(Cc2ccccn2)CC1,86.1,chembal.csv,0,NPKLPPFDSUXDBQ-UHFFFAOYSA-N,506.632,3.729,123.33,2,8,10,5,3
CHEMBL4795876,NC(=O)c1sc(-c2ccnc(NC(=O)C3CC3)c2)nc1OCCC1CCN(Cc2cccc(F)c2)CC1,294.7,chembal.csv,0,MBGOHKNDGDEIAS-UHFFFAOYSA-N,523.634,4.473,110.44,2,7,10,5,3
CHEMBL4791089,CNC(=O)c1sc(-c2ccnc(NC(=O)C3CC3)c2)nc1OCC1CCN(Cc2ccc(Cl)cc2)CC1,297,chembal.csv,0,BISZQUZMYIHDHR-UHFFFAOYSA-N,540.089,4.858,96.45,2,7,9,5,3
CHEMBL4742138,NC(=O)c1sc(-c2ccnc(NC(=O)C3CC3)c2)nc1OCCC1CCN(Cc2ccccc2Cl)CC1,301.3,chembal.csv,0,ULSOYUGFFFZGBY-UHFFFAOYSA-N,540.089,4.987,110.44,2,7,10,5,3
CHEMBL4787873,NC(=O)c1sc(-c2ccnc(NC(=O)C3CC3)c2)nc1O,1000,chembal.csv,0,LRZIXWIYJRVTCK-UHFFFAOYSA-N,304.331,1.358,118.2,3,6,4,3,2
CHEMBL5422164,C#CCN(CCc1ccc(OC)cc1)Cc1cccc(OC)c1OCc1ccccc1,1.3,chembal.csv,0,XCTKZCLZAQHMIR-UHFFFAOYSA-N,415.533,4.961,30.93,0,4,11,3,3
CHEMBL5418052,C=CCOc1ccc(CCN(CC=C)Cc2cccc(OC)c2OCc2ccccc2)cc1,1.3,chembal.csv,0,SQZPZTDAWBWATG-UHFFFAOYSA-N,443.587,6.07,30.93,0,4,14,3,3
CHEMBL5437254,CCCN(CCc1ccc(OC)cc1)Cc1cccc(OC)c1OCc1ccccc1,1.4,chembal.csv,0,LSGFJABOBVDNRK-UHFFFAOYSA-N,419.565,5.738,30.93,0,4,12,3,3
CHEMBL5403562,COc1cccc(CNCc2ccccc2)c1OCc1ccccc1,1.5,chembal.csv,0,FTKXFFSISLDQRE-UHFFFAOYSA-N,333.431,4.564,30.49,1,3,8,3,3
CHEMBL5414976,C=CCN(CCc1cccc(OC)c1)Cc1cccc(OC)c1OCc1ccccc1,1.5,chembal.csv,0,RADONLMVQJZDML-UHFFFAOYSA-N,417.549,5.514,30.93,0,4,12,3,3
CHEMBL5398025,C#CCN(CCc1ccc(O)cc1)Cc1cccc(OC)c1OCc1ccccc1,1.9,chembal.csv,0,DQMQJANJRSIXHP-UHFFFAOYSA-N,401.506,4.658,41.93,1,4,10,3,3
CHEMBL5422439,C=CCN(CCc1ccc(OC)cc1)Cc1cccc(OC)c1OCc1ccccc1,2,chembal.csv,0,BOVLEMBWXGRFGR-UHFFFAOYSA-N,417.549,5.514,30.93,0,4,12,3,3
CHEMBL5397813,C#CCOc1ccc(CCN(CC=C)Cc2cccc(OC)c2OCc2ccccc2)cc1,2.2,chembal.csv,0,DAFYSNZQSCAABE-UHFFFAOYSA-N,441.571,5.517,30.93,0,4,13,3,3
CHEMBL5416559,COc1cccc(CCNCc2cccc(OC)c2OCc2ccccc2)c1,2.5,chembal.csv,0,WSRIYMHJIWROQO-UHFFFAOYSA-N,377.484,4.615,39.72,1,4,10,3,3
CHEMBL5440083,CCN(CCc1ccc(OC)cc1)Cc1cccc(OC)c1OCc1ccccc1,2.5,chembal.csv,0,PHRGBSWSWQOVKU-UHFFFAOYSA-N,405.538,5.347,30.93,0,4,11,3,3
CHEMBL5422875,COc1ccc(CCN(C)Cc2cccc(OC)c2OCc2ccccc2)cc1,3.2,chembal.csv,0,JOFSFLYHVDWKMD-UHFFFAOYSA-N,391.511,4.957,30.93,0,4,10,3,3
CHEMBL5440573,COc1cccc(/C=N/CCc2ccc(O)cc2)c1OCc1ccccc1,8,chembal.csv,0,VRSWCUDEBIRWPO-LFVJCYFKSA-N,361.441,4.641,51.05,1,4,8,3,3
CHEMBL5394805,C#CCN(CCc1ccccc1OC)Cc1cccc(OC)c1OCc1ccccc1,10,chembal.csv,0,IEXSUAMKUVSFGP-UHFFFAOYSA-N,415.533,4.961,30.93,0,4,11,3,3
CHEMBL5427121,C#CCN(CCc1ccc(OCC=C)cc1)Cc1cccc(OC)c1OCc1ccccc1,10,chembal.csv,0,ZLKIXOLHCLNSBF-UHFFFAOYSA-N,441.571,5.517,30.93,0,4,13,3,3
CHEMBL5431265,CCCCCCCCCCCCCCN(CCCCc1ccccc1)Cc1cccc(OC)c1OCc1ccccc1,10,chembal.csv,0,LVQQBIIJPUYOIM-UHFFFAOYSA-N,571.89,10.8,21.7,0,3,24,3,3
CHEMBL5400426,C#CCN(CCc1ccccc1)Cc1cccc(OC)c1OCc1ccccc1,10,chembal.csv,0,ULROVXUZNGIJND-UHFFFAOYSA-N,385.507,4.952,21.7,0,3,10,3,3
CHEMBL5428807,C#CCN(CCc1cccc(OC)c1)Cc1cccc(OC)c1OCc1ccccc1,10,chembal.csv,0,XXBSQKDLZGEEKV-UHFFFAOYSA-N,415.533,4.961,30.93,0,4,11,3,3
CHEMBL3233827,CC1=CC2Cc3nc4cc(Cl)ccc4c(NCCCCCCNC(=O)c4cc(O)c5c(c4)C(=O)c4cccc(O)c4C5=O)c3C(C1)C2,1.07,chembal.csv,0,UTKHPWKBTQSDGT-UHFFFAOYSA-N,650.175,7.473,128.62,4,7,9,7,4
CHEMBL3234038,CC1=CC2Cc3nc4cc(Cl)ccc4c(NCCCCCCCCCCNC(=O)c4cc(O)c5c(c4)C(=O)c4cccc(O)c4C5=O)c3C(C1)C2,1.1,chembal.csv,0,DYSVHEIIYHZJGH-UHFFFAOYSA-N,706.283,9.033,128.62,4,7,13,7,4
CHEMBL357207,CCC1=CC2Cc3nc4cc(Cl)cc(Cl)c4c(N)c3C(C1)C2,1.21,chembal.csv,0,RSDNICWRHUAZOZ-UHFFFAOYSA-N,333.262,5.51,38.91,1,2,1,4,2
CHEMBL3233828,CC1=CC2Cc3nc4cc(Cl)ccc4c(NCCCCCCCNC(=O)c4cc(O)c5c(c4)C(=O)c4cccc(O)c4C5=O)c3C(C1)C2,1.46,chembal.csv,0,WJBROIRUZGVQPY-UHFFFAOYSA-N,664.202,7.863,128.62,4,7,10,7,4
CHEMBL574973,CC1=CC2Cc3nc4cc(Cl)ccc4c(NCCN=[N+]=[N-])c3C(C1)C2,2.35,chembal.csv,0,IRXMRJWMAGHOQR-UHFFFAOYSA-N,353.857,5.606,73.68,1,3,4,4,2
CHEMBL573095,CCC1=CC2Cc3nc4cc(Cl)ccc4c(NCCO)c3C(C1)C2,3.64,chembal.csv,0,SYDCSACHOOPYMT-UHFFFAOYSA-N,342.87,4.679,45.15,2,3,4,4,2
CHEMBL4850590,COc1ccc2nc3c(c(N)c2c1)C1CC(C)=CC(C3)C1,3.76,chembal.csv,0,OQPHIFIGALCHJT-UHFFFAOYSA-N,280.371,3.822,48.14,1,3,1,4,2
CHEMBL5191506,COc1ccc2nc3c(c(N)c2c1)C1CC=CC(C3)C1,3.76,chembal.csv,0,BIDBTSDAWASQET-UHFFFAOYSA-N,266.344,3.432,48.14,1,3,1,4,2
CHEMBL384563,CC1=CC2Cc3nc4cc(Cl)ccc4c(N)c3C(C1)C2NC=O,3.98,chembal.csv,0,RVUKPUNERJXZRC-UHFFFAOYSA-N,327.815,3.191,68.01,2,3,2,4,2
CHEMBL214467,CC(=O)NC1C2C=C(C)CC1c1c(nc3cc(Cl)ccc3c1N)C2,8.49,chembal.csv,0,SRBWAIWJMGLCDO-UHFFFAOYSA-N,341.842,3.581,68.01,2,3,1,4,2
CHEMBL217521,CC12CC3Cc4nc5cc(Cl)ccc5c(N)c4C(C1)C3N2S(C)(=O)=O,9.22,chembal.csv,0,GIBJSDQKBFLJLP-UHFFFAOYSA-N,377.897,2.923,76.29,1,4,1,5,2
CHEMBL387188,CC12CC3Cc4nc5cc(Cl)ccc5c(N)c4C(C1)C3N2,10,chembal.csv,0,GRHPZPXUMGBOHN-UHFFFAOYSA-N,299.805,3.251,50.94,2,3,0,5,2
CHEMBL386541,CC1=CC2Cc3nc4cc(Cl)ccc4c(N)c3C(C1)C2NS(C)(=O)=O,10,chembal.csv,0,IIGBHFJNVWQBMB-UHFFFAOYSA-N,377.897,2.994,85.08,2,4,2,4,2
CHEMBL4554714,CN1c2ccc(OC(=O)NCCCN3CCc4ccccc4C3)cc2CN2CCc3ccccc3C21,1.14815,chembal.csv,0,BFDIFFSPLPFVDX-UHFFFAOYSA-N,482.628,4.73,48.05,1,5,5,6,3
CHEMBL4469668,CN1c2ccc(OC(=O)NCCN3CCc4ccccc4C3)cc2CN2CCc3ccccc3C21,1.72,chembal.csv,0,IIYCFZYZEBPHEH-UHFFFAOYSA-N,468.601,4.34,48.05,1,5,4,6,3
CHEMBL4516376,CN1c2ccc(OC(=O)NCCN3CCOCC3)cc2CN2CCc3ccccc3C21,7.76247,chembal.csv,0,JPHJHFNKNJCMEH-UHFFFAOYSA-N,422.529,2.614,57.28,1,6,4,5,2
CHEMBL3621333,CC[N+]1(Cc2ccccc2[N+](=O)[O-])CCCCCn2c(C)cc(=O)n(c2=O)CCCCC[N+](CC)(Cc2ccccc2[N+](=O)[O-])Cc2ccc(cc2)C1,1.2,chembal.csv,0,HTSMDVRAOTZYSQ-UHFFFAOYSA-N,726.919,7.263,130.28,0,8,8,6,4
CHEMBL5272549,CC1c2[nH]c3ccccc3c2CCN1C(=O)/C=C/c1ccc(O)c(O)c1,1.3,chembal.csv,0,DVNRFULMEKPACO-VQHVLOKHSA-N,348.402,3.738,76.56,3,3,2,4,3
CHEMBL4794208,COc1cc2c(cc1OC)C(=O)/C(=C/c1ccc(N3CC[N+](C)(Cc4ccccc4Br)CC3)cc1)C2,1.4,chembal.csv,0,HMPHYKVPGMRWBP-LFVJCYFKSA-N,548.501,5.756,38.77,0,4,6,5,3
CHEMBL5415210,COc1ccc2sc3c([N+](=O)[O-])ccc(NCC[C@@H]4CCCN5CCCC[C@H]45)c3c(=O)c2c1,1.82,chembal.csv,0,ZPTZOXPYMMOGAB-OXJNMPFZSA-N,467.591,5.398,84.71,1,7,6,5,3
CHEMBL4746898,O=C(N/N=C/c1ccc(Br)cc1)N1CCN(c2ccccn2)CC1,1.88,chembal.csv,0,YTFNVENKXHSUIQ-DEDYPNTBSA-N,388.269,2.71,60.83,1,4,3,3,2
CHEMBL2163794,COc1cc2c3cc1Oc1c(OO)c(OC)cc4c1[C@H](Cc1ccc(cc1)Oc1cc(ccc1O)C[C@H]3N(C)CC2)N(C)CC4,1.89,chembal.csv,0,SODLLPYGRVMWNH-IZLXSDGUSA-N,610.707,6.703,93.09,2,9,3,8,4
CHEMBL327134,CC[C@H]1CN2CCc3c([nH]c4ccccc34)[C@H]2C[C@@H]1/C(=C\OC)C(=O)OC,1.97,chembal.csv,0,NMLUOJBSAYAYEM-AZQGJTAVSA-N,368.477,3.817,54.56,1,4,4,4,2
CHEMBL405686,COc1cc2c3cc1Oc1c(OC)c(OC)cc4c1[C@@H](Cc1ccc(OC(=O)c5ccc([N+](=O)[O-])cc5)c(c1)Oc1ccc(cc1)C[C@@H]3N(C)CC2)N(C)CC4,2.14,chembal.csv,0,PUAVTDKYTXNVBU-OIDHKYIRSA-N,757.84,8.281,122.07,0,11,6,9,5
CHEMBL4787855,COc1cc2c(cc1OC)C(=O)/C(=C/c1ccc(N3CC[N+](C)(Cc4ccccc4Cl)CC3)cc1)C2,2.16,chembal.csv,0,GBKGLHSRAMRDHC-LFVJCYFKSA-N,504.05,5.646,38.77,0,4,6,5,3
CHEMBL5286517,COc1cc2c(cc1OC)C(=O)[C@]1(C2)[C@H](c2ccc(C)cc2)[C@H](Cc2c[nH]c3ccccc23)NC12C(=O)Nc1ccccc12,2.24,chembal.csv,0,WJDVHYGWBJVHBY-HDXZJQDKSA-N,583.688,6.065,92.45,3,5,5,8,5
CHEMBL772,COC(=O)[C@H]1[C@H]2C[C@@H]3c4[nH]c5cc(OC)ccc5c4CCN3C[C@H]2C[C@@H](OC(=O)c2cc(OC)c(OC)c(OC)c2)[C@@H]1OC,2.8,chembal.csv,0,QEVHRUUCFGRFIF-MDEJGZGSSA-N,608.688,4.171,117.78,1,10,8,6,3
CHEMBL4797677,CCCCC[N+]1(C)CCN(c2ccc(/C=C3\Cc4cc(OC)c(OC)cc4C3=O)cc2)CC1,3.24,chembal.csv,0,QRBQVMHNRDSIJC-HAVVHWLPSA-N,449.615,4.983,38.77,0,4,8,4,2
CHEMBL4784191,COc1cc2c(cc1OC)C(=O)/C(=C/c1ccc(N3CC[N+](C)(Cc4ccccn4)CC3)cc1)C2,3.24,chembal.csv,0,NEVVIBBBCKALHF-XQNSMLJCSA-N,470.593,4.388,51.66,0,5,6,5,3
CHEMBL4794354,CCCCCC[N+]1(C)CCN(c2ccc(/C=C3\Cc4cc(OC)c(OC)cc4C3=O)cc2)CC1,3.6,chembal.csv,0,YMIKOFNXEFFOIT-HKOYGPOVSA-N,463.642,5.373,38.77,0,4,9,4,2
CHEMBL5269905,O=c1c2cc(NS(=O)(=O)c3ccccc3OC(F)(F)F)ccc2cc2n1CCc1c-2[nH]c2ccccc12,3.6,chembal.csv,0,YLQYXLLBPBPCNG-UHFFFAOYSA-N,525.508,5.405,93.19,2,5,4,6,5
CHEMBL4745534,COc1cc(-c2nnc(N3CCN(c4ccccn4)CC3)o2)cc(OC)c1OC,3.64,chembal.csv,0,SPBDMKHPKACUMT-UHFFFAOYSA-N,397.435,2.484,85.98,0,9,6,4,3
CHEMBL4166300,COc1cc2c(cc1OC)C(=O)/C(=C/C1CCN(Cc3cc(N)c4ccccc4n3)CC1)C2,3.69,chembal.csv,0,LCWJAHTZACCSBC-YBFXNURJSA-N,443.547,4.412,77.68,1,6,5,5,3
CHEMBL4763434,O=C(N/N=C/c1ccc(F)cc1F)N1CCN(c2ccccn2)CC1,3.97,chembal.csv,0,BDZFARBGYZRYRF-CIAFOILYSA-N,345.353,2.226,60.83,1,4,3,3,2
CHEMBL4788019,O=C(N/N=C/c1ccc(F)cc1)N1CCN(c2ccccn2)CC1,3.99,chembal.csv,0,RDMQFNXWGNSNBR-DEDYPNTBSA-N,327.363,2.086,60.83,1,4,3,3,2
CHEMBL4744259,O=C(N/N=C/c1ccc([N+](=O)[O-])cc1)N1CCN(c2ccccn2)CC1,4.02,chembal.csv,0,ZCVJLFXHXPOQPS-CPNJWEJPSA-N,354.37,1.855,103.97,1,6,4,3,2
CHEMBL4748077,O=C(N/N=C/c1ccc(C(F)(F)F)cc1)N1CCN(c2ccccn2)CC1,4.04,chembal.csv,0,AXEQAWVHVFYXJD-YDZHTSKRSA-N,377.37,2.966,60.83,1,4,3,3,2
CHEMBL4743485,O=C(N/N=C/c1ccccc1)N1CCN(c2ccccn2)CC1,4.22,chembal.csv,0,STEXUOBWQLSVBF-XMHGGMMESA-N,309.373,1.947,60.83,1,4,3,3,2
CHEMBL4782122,O=C(N/N=C/c1ccc(OC(F)(F)F)cc1)N1CCN(c2ccccn2)CC1,4.35,chembal.csv,0,PAFWRCFXMCMCJZ-YDZHTSKRSA-N,393.369,2.846,70.06,1,5,4,3,2
CHEMBL4780628,COc1cc2c(cc1OC)C(=O)/C(=C/c1ccc(N3CC[N+](C)(Cc4ccc(Br)cc4)CC3)cc1)C2,4.6,chembal.csv,0,RLFGLMFNOCORGT-LFVJCYFKSA-N,548.501,5.756,38.77,0,4,6,5,3
CHEMBL4800161,COc1cc(/C=N/NC(=O)N2CCN(c3ccccn3)CC2)cc(OC)c1OC,4.68,chembal.csv,0,ZPJWCVJWFWNSQI-HYARGMPZSA-N,399.451,1.973,88.52,1,7,6,3,2
CHEMBL4756828,O=C(N/N=C/c1ccc(O)cc1O)N1CCN(c2ccccn2)CC1,4.82,chembal.csv,0,ZPZVREJFRQRDRN-XDHOZWIPSA-N,341.371,1.359,101.29,3,6,3,3,2
CHEMBL4740676,O=C(N/N=C/c1ccc(Cl)cc1)N1CCN(c2ccccn2)CC1,4.82,chembal.csv,0,SVGUUFXJKYXVCE-DEDYPNTBSA-N,343.818,2.601,60.83,1,4,3,3,2
CHEMBL4744191,COc1cccc(-c2nnc(N3CCN(c4ccccn4)CC3)o2)c1OC,5.22,chembal.csv,0,OKEASALJUMYWFO-UHFFFAOYSA-N,367.409,2.475,76.75,0,8,5,4,3
CHEMBL4793006,O=C(N/N=C/c1ccc(O)cc1)N1CCN(c2ccccn2)CC1,6.15,chembal.csv,0,AZCBJXZCMZTCKJ-CPNJWEJPSA-N,325.372,1.653,81.06,2,5,3,3,2
CHEMBL5202485,COc1cc(/C=C2\CCc3cc([N+](=O)[O-])ccc3C2=O)c(Br)c(OC)c1OC,6.2,chembal.csv,0,GWNQGNBUWFEIQD-XYOKQWHBSA-N,448.269,4.596,87.9,0,6,5,3,2
CHEMBL4790642,COc1cc2c(cc1OC)C(=O)/C(=C/c1ccc(N3CC[N+](C)(CCO)CC3)cc1)C2,6.48,chembal.csv,0,ZWTNIIWZZKKJGW-XSFVSMFZSA-N,423.533,2.785,59,1,5,6,4,2
CHEMBL4548293,COc1cc2c(cc1O)C(Cc1ccc(O)c(Oc3cc(CC4c5cc(O)c(OC)cc5CCN4C)ccc3OC)c1)N(C)CC2,6.9,chembal.csv,0,CDAADIWFPFZNRU-UHFFFAOYSA-N,626.75,6.165,104.09,3,9,9,6,4
CHEMBL5405496,COc1ccc2sc3c([N+](=O)[O-])ccc(NCCC[C@@H]4CCCN5CCCC[C@H]45)c3c(=O)c2c1,7.31,chembal.csv,0,SDIALEIKIKXUSO-DYESRHJHSA-N,481.618,5.788,84.71,1,7,7,5,3
CHEMBL5274569,COc1cccc([C@@H]2[C@H](Cc3c[nH]c4ccccc34)NC3(C(=O)Nc4ccccc43)[C@@]23Cc2cc(OC)c(OC)cc2C3=O)c1,8.32,chembal.csv,0,RNXRJVOLCWAMHV-HDXZJQDKSA-N,599.687,5.765,101.68,3,6,6,8,5
CHEMBL3621332,CC[N+]1(Cc2ccccc2[N+](=O)[O-])CCCCCC[N+](CC)(Cc2ccccc2[N+](=O)[O-])CCCCCn2c(=O)cc(C)n(c2=O)CCCCC1,9.2,chembal.csv,0,XRMMDZSSROXOHT-UHFFFAOYSA-N,706.929,7.123,130.28,0,8,8,4,3
CHEMBL3621334,CC[N+]1(Cc2ccccc2[N+](=O)[O-])CCCCCn2c(C)cc(=O)n(c2=O)CCCCC[N+](CC)(Cc2ccccc2[N+](=O)[O-])CCCCCn2c(=O)cc(C)n(c2=O)CCCCC1,10,chembal.csv,0,BIQKMKLWZZWWMJ-UHFFFAOYSA-N,887.136,7.235,174.28,0,12,8,5,4
CHEMBL4164347,COc1cc2c(cc1OC)C(=O)/C(=C/C1CCN(Cc3cc(Cl)c4ccccc4n3)CC1)C2,10,chembal.csv,0,BVFGAYMRQISRKU-YBFXNURJSA-N,462.977,5.483,51.66,0,5,5,5,3
CHEMBL4794098,COc1cccc(/C=N/NC(=O)N2CCN(c3ccccn3)CC2)c1OC,10,chembal.csv,0,GIODLOMLRUKQIP-KGENOOAVSA-N,369.425,1.964,79.29,1,6,5,3,2
CHEMBL4763376,Cc1cccc(/C=N/NC(=O)N2CCN(c3ccccn3)CC2)c1,10,chembal.csv,0,HCMDTJKJOPROCK-XSFVSMFZSA-N,323.4,2.256,60.83,1,4,3,3,2
CHEMBL4798846,Cc1ccc(/C=N/NC(=O)N2CCN(c3ccccn3)CC2)cc1,10,chembal.csv,0,JXXLYDKWJOYVAM-XSFVSMFZSA-N,323.4,2.256,60.83,1,4,3,3,2
CHEMBL4172587,COc1cc2c(cc1OC)C(=O)/C(=C/C1CCN(Cc3cc(N=[N+]=[N-])c4ccccc4n3)CC1)C2,10,chembal.csv,0,ZOGKYTDDIJKAQP-YBFXNURJSA-N,469.545,5.771,100.42,0,6,6,5,3
CHEMBL4758274,O=C(N/N=C/c1ccccc1O)N1CCN(c2ccccn2)CC1,10,chembal.csv,0,ARPWBQZXQIRDJX-CPNJWEJPSA-N,325.372,1.653,81.06,2,5,3,3,2
CHEMBL3289926,CCOC(OCC)c1ccc(/C=C2\CNC/C(=C\c3ccc(C(OCC)OCC)cc3)C2=O)cc1,12.34,chembal.csv,0,DDAUUFHOQWDQAE-RPCRKUJJSA-N,479.617,5.469,66.02,1,6,12,3,2
CHEMBL5181051,CCC1C/C(=C\c2cc(OC)c(OC)c(OC)c2Br)C(=O)c2ccccc21,12.5,chembal.csv,0,CEQFRYMDADEDKF-RVDMUPIBSA-N,431.326,5.639,44.76,0,4,5,3,2
CHEMBL5430188,O=C1C(=O)N2CCc3cc4c(c5c3c2c1c1ccccc15)OCO4,13.7,chembal.csv,0,FMLHJJVSHOCVAU-UHFFFAOYSA-N,317.3,2.807,55.84,0,4,0,6,3
CHEMBL3289930,CCOC(OCC)c1ccc(/C=C2\CC/C(=C\c3ccc(C(OCC)OCC)cc3)C2=O)cc1,14.66,chembal.csv,0,IGIVWVRRRYBFGO-FQHZWJPGSA-N,464.602,6.66,53.99,0,5,12,3,2
CHEMBL5205498,COc1ccc(/C=C2\CCc3cc([N+](=O)[O-])ccc3C2=O)c(Cl)c1OC,17.5,chembal.csv,0,FFVCKFMEGAGPOX-UKTHLTGXSA-N,373.792,4.478,78.67,0,5,4,3,2
CHEMBL3289935,CN(C)c1ccc(/C=C2/COC/C(=C\c3ccc(N(C)C)cc3[N+](=O)[O-])C2=O)c([N+](=O)[O-])c1,19.74,chembal.csv,0,MBVQFYXELMNIPW-BUOZRGFLSA-N,452.467,3.701,119.06,0,8,6,3,2
CHEMBL4794250,COc1cc2c(cc1OC)C(=O)/C(=C/c1ccc(OCCN[N+]3(C)CCN(c4ccc(/C=C5\Cc6cc(OC)c(OC)cc6C5=O)cc4)CC3)cc1)C2,20,chembal.csv,0,LJENJBCGZYECIS-YMQWWVFYSA-N,716.855,6.216,95.56,1,9,12,7,4
CHEMBL3621335,CC[N+]1(Cc2ccccc2[N+](=O)[O-])CCCCCn2c(C)c3c(=O)n(c2=O)CCCCC[N+](CC)(Cc2ccccc2[N+](=O)[O-])CCCCCn2c(C)c(c(=O)n(c2=O)CCCCC1)C3,20,chembal.csv,0,DZSLVRSYGSLEGV-UHFFFAOYSA-N,899.147,7.14,174.28,0,12,8,6,4
CHEMBL4794690,CCC[N+]1(C)CCN(c2ccc(/C=C3\Cc4cc(OC)c(OC)cc4C3=O)cc2)CC1,20.16,chembal.csv,0,NXPYNRPULVJZLU-RCCKNPSSSA-N,421.561,4.203,38.77,0,4,6,4,2
CHEMBL4776999,CCCC[N+]1(C)CCN(c2ccc(/C=C3\Cc4cc(OC)c(OC)cc4C3=O)cc2)CC1,21.6,chembal.csv,0,LLAPUAXYFXGPTK-CJLVFECKSA-N,435.588,4.593,38.77,0,4,7,4,2
CHEMBL3289936,CN(C)c1ccc(/C=C2/CNC/C(=C\c3ccc(N(C)C)cc3[N+](=O)[O-])C2=O)c([N+](=O)[O-])c1,22.65,chembal.csv,0,VAIHSXCXCCBTNV-BUOZRGFLSA-N,451.483,3.274,121.86,1,8,6,3,2
CHEMBL5287904,COc1cc2c(cc1OC)C(=O)[C@]1(C2)[C@H](c2ccccc2OC)[C@H](Cc2c[nH]c3ccccc23)NC12C(=O)Nc1ccccc12,24,chembal.csv,0,LTTDIGGNYFTEAC-ZFNBISBQSA-N,599.687,5.765,101.68,3,6,6,8,5
CHEMBL4798336,C=CC[N+]1(C)CCN(c2ccc(/C=C3\Cc4cc(OC)c(OC)cc4C3=O)cc2)CC1,25.2,chembal.csv,0,KDNWXJBHFQSWIY-RCCKNPSSSA-N,419.545,3.979,38.77,0,4,6,4,2
CHEMBL5273857,COc1cc2c(cc1OC)C(=O)[C@]1(C2)[C@H](c2cccc([N+](=O)[O-])c2)[C@H](Cc2c[nH]c3ccccc23)NC12C(=O)Nc1ccccc12,28.45,chembal.csv,0,RNECQBIPECTYJA-ZKYHXBHASA-N,614.658,5.664,135.59,3,7,6,8,5
CHEMBL5414196,COc1ccc(C[C@H]2c3c(ccc(OC)c3O)CCN2C)cc1,33,chembal.csv,0,HKXUDPBGEOFXSH-INIZCTEOSA-N,313.397,3.181,41.93,1,4,4,3,2
CHEMBL510954,COc1ccc2c(c1)C[C@@H]1c3c(cc4c(c3-2)OCO4)CCN1C,36.4,chembal.csv,0,GXFOBPWUVXXUIF-OAHLLOKOSA-N,309.365,3.176,30.93,0,4,1,5,2
CHEMBL3289925,CCOC(OCC)c1ccc(/C=C2\COC/C(=C\c3ccc(C(OCC)OCC)cc3)C2=O)cc1,38.53,chembal.csv,0,NIKCPSATYGTTMA-RPCRKUJJSA-N,480.601,5.896,63.22,0,6,12,3,2
CHEMBL3289924,CCOC(OCC)c1ccc(/C=C2\CCC/C(=C\c3ccc(C(OCC)OCC)cc3)C2=O)cc1,43.66,chembal.csv,0,UJOCWYJFYFOBLR-CRYYDKFDSA-N,478.629,7.05,53.99,0,5,12,3,2
CHEMBL3290191,O=C1/C(=C\c2ccc(N3CCCC3)cc2)CN(Cc2ccccc2)C/C1=C\c1ccc(N2CCCC2)cc1,56.92,chembal.csv,0,RRMYFAUOOIISIJ-KURJDURESA-N,503.69,6.439,26.79,0,4,6,6,3
CHEMBL1235966,COc1cc2c(cc1O)[C@@H]1Cc3ccc(OC)c(O)c3CN1CC2,61.3,chembal.csv,0,KNWVMRVOBAFFMH-HNNXBMFYSA-N,327.38,2.771,62.16,2,5,2,4,2
CHEMBL3289928,CCOC(OCC)c1ccc(/C=C2\CN(Cc3ccccc3)C/C(=C\c3ccc(C(OCC)OCC)cc3)C2=O)cc1,65.27,chembal.csv,0,NWYPJHLABDEGAV-VDTYKYKFSA-N,569.742,7.382,57.23,0,6,14,4,3
CHEMBL3290190,CN1C/C(=C/c2ccc(N3CCCC3)cc2)C(=O)/C(=C/c2ccc(N3CCCC3)cc2)C1,66.75,chembal.csv,0,CWMMOMIPYCYUPM-ZFQRDYFNSA-N,427.592,4.869,26.79,0,4,4,5,2
CHEMBL4585711,COc1cc2c(cc1Oc1c3c(cc(OC)c1OC)CCN(C)C3)C(Cc1ccc(O)cc1)N(C)CC2,68,chembal.csv,0,HXWLPFRLBNDXHT-UHFFFAOYSA-N,504.627,4.97,63.63,1,7,7,5,3
CHEMBL5435367,COC1=CC(=O)c2c(cc3c4c(cc5c(c24)OCO5)CCN3C)C1=O,83.5,chembal.csv,0,WDTZOTKRAGAZDC-UHFFFAOYSA-N,337.331,2.47,65.07,0,6,1,5,2
CHEMBL5411734,COc1cc(O)c2c(c1)C[C@@H]1c3c(cc4c(c3-2)OCO4)CCN1C,94.5,chembal.csv,0,SFOMHAXOBRLRFH-CYBMUJFWSA-N,325.364,2.882,51.16,1,5,1,5,2
CHEMBL3289942,CN(C)c1ccc(/C=C2\CCc3ccccc3C2=O)c([N+](=O)[O-])c1,100,chembal.csv,0,RYPZHRBSAAITNL-RVDMUPIBSA-N,322.364,3.873,63.45,0,4,3,3,2
CHEMBL3290188,O=C1/C(=C\c2ccc(N3CCCC3)cc2)COC/C1=C\c1ccc(N2CCCC2)cc1,100,chembal.csv,0,PPJHUAUZFQZFQJ-QFFDILLMSA-N,414.549,4.953,32.78,0,4,4,5,2
CHEMBL3290193,O=C1/C(=C/c2ccc(N3CCCC3)cc2)CC/C1=C\c1ccc(N2CCCC2)cc1,100,chembal.csv,0,RDTKKRJPHQHVRG-BLVCXSLXSA-N,398.55,5.717,23.55,0,3,4,5,2
CHEMBL4590539,CCN(CC)Cc1cc2cc(c1O)Oc1ccc(cc1)C[C@H]1c3cc(c(OC)cc3CCN1C)Oc1c(OC)c(OC)cc3c1[C@@H](C2)N(C)CC3,100,chembal.csv,0,XJBJIWASMVFSOF-SZAHLOSFSA-N,693.885,7.701,76.1,1,9,7,8,4
CHEMBL3289940,CN(C)c1ccc(/C=C2\CC/C(=C\c3ccc(N(C)C)cc3[N+](=O)[O-])C2=O)c([N+](=O)[O-])c1,100,chembal.csv,0,GYFZOMCNOOGJCR-JYFOCSDGSA-N,436.468,4.465,109.83,0,7,6,3,2
CHEMBL3290192,O=C(/C=C/c1ccc(N2CCCC2)cc1)/C=C/c1ccc(N2CCCC2)cc1,100,chembal.csv,0,MPIPFAPMXOMPJC-KAVGSWPWSA-N,372.512,5.183,23.55,0,3,6,4,2
CHEMBL3289943,CN(C)c1ccc(/C=C/C(=O)C2CCc3ccccc3C2=O)cc1,100,chembal.csv,0,VXDFQSUSRRNODC-NTEUORMPSA-N,319.404,3.78,37.38,0,3,4,3,2
CHEMBL3289933,CCOC(OCC)c1ccc(/C=C/C(=O)C2CCc3ccccc3C2=O)cc1,100,chembal.csv,0,NDEHDMRZWMNMPY-LFIBNONCSA-N,378.468,4.786,52.6,0,4,8,3,2
CHEMBL3290189,O=C1/C(=C\c2ccc(N3CCCC3)cc2)CNC/C1=C\c1ccc(N2CCCC2)cc1,100,chembal.csv,0,STCSLEWFMHPGFM-QFFDILLMSA-N,413.565,4.526,35.58,1,4,4,5,2
CHEMBL3290195,O=C1/C(=C/c2ccc(N3CCCC3)cc2)CCc2ccccc21,100,chembal.csv,0,GGSXQHJWBQDVDD-OBGWFSINSA-N,303.405,4.499,20.31,0,2,2,4,2
CHEMBL3290194,O=C1/C(=C/c2ccc(N3CCCC3)cc2)Cc2ccccc21,100,chembal.csv,0,XJKDJUQOHYKBES-GHRIWEEISA-N,289.378,4.109,20.31,0,2,2,4,2
CHEMBL452895,COc1cc2c3cc1Oc1c(O)c(OC)cc4c1[C@@H](Cc1ccc(O)c(c1)Oc1ccc(cc1)C[C@@H]3N(C)CC2)N(C)CC4,100,chembal.csv,0,XGEAUXVPBXUBKN-WUFINQPMSA-N,594.708,6.556,83.86,2,8,2,8,4
CHEMBL3289941,CN(C)c1ccc(/C=C2\Cc3ccccc3C2=O)c([N+](=O)[O-])c1,100,chembal.csv,0,QMNVHPSDQQWYCL-GXDHUFHOSA-N,308.337,3.483,63.45,0,4,3,3,2
CHEMBL4776624,COc1cc(/C=C2\Cc3ccc(N4CCCC4)cc3C2=O)ccc1O,100,chembal.csv,0,NVQINGBIQLEIMK-MHWRWJLKSA-N,335.403,3.823,49.77,1,4,3,4,2
CHEMBL3289931,CCOC(OCC)c1ccc(/C=C2\Cc3ccccc3C2=O)cc1,100,chembal.csv,0,LNSBOWGBLGUITB-QGOAFFKASA-N,322.404,4.581,35.53,0,3,6,3,2
CHEMBL3289934,CN(C)c1ccc(/C=C2/CCC/C(=C\c3ccc(N(C)C)cc3[N+](=O)[O-])C2=O)c([N+](=O)[O-])c1,100,chembal.csv,0,RMXPZACONAODOR-MGYAYREDSA-N,450.495,4.855,109.83,0,7,6,3,2
CHEMBL3289937,CN1C/C(=C/c2ccc(N(C)C)cc2[N+](=O)[O-])C(=O)/C(=C/c2ccc(N(C)C)cc2[N+](=O)[O-])C1,100,chembal.csv,0,YLFXZYOUOHNWMF-OMYAATJGSA-N,465.51,3.617,113.07,0,8,6,3,2
CHEMBL3290187,O=C1/C(=C\c2ccc(N3CCCC3)cc2)CCC/C1=C\c1ccc(N2CCCC2)cc1,100,chembal.csv,0,INJMMAFRGOWBGT-FXYBLIFYSA-N,412.577,6.107,23.55,0,3,4,5,2
CHEMBL3290196,O=C(/C=C/c1ccc(N2CCCC2)cc1)C1CCc2ccccc2C1=O,100,chembal.csv,0,VOHSVUDQDVZBAO-NTEUORMPSA-N,345.442,4.314,37.38,0,3,4,4,2
CHEMBL3289932,CCOC(OCC)c1ccc(/C=C2\CCc3ccccc3C2=O)cc1,100,chembal.csv,0,WXMIPXTYWLFKOL-XDJHFCHBSA-N,336.431,4.971,35.53,0,3,6,3,2
CHEMBL3289927,CCOC(OCC)c1ccc(/C=C2\CN(C)C/C(=C\c3ccc(C(OCC)OCC)cc3)C2=O)cc1,100,chembal.csv,0,SYSVLGHQDUURRS-BFNWXZRRSA-N,493.644,5.811,57.23,0,6,12,3,2
CHEMBL3289938,CN(C)c1ccc(/C=C2/CN(Cc3ccccc3)C/C(=C\c3ccc(N(C)C)cc3[N+](=O)[O-])C2=O)c([N+](=O)[O-])c1,100,chembal.csv,0,RFESRTOEUQLFML-WJVNUPORSA-N,541.608,5.187,113.07,0,8,8,4,3
CHEMBL504323,COc1cc2c3cc1Oc1c(OC)c(OC)cc4c1[C@@H](Cc1ccc(O)c(c1)Oc1ccc(cc1)C[C@@H]3N(C)CC2)N(C)CC4,100,chembal.csv,0,DFOCUWZXJBAUSQ-URLMMPGGSA-N,608.735,6.859,72.86,1,8,3,8,4
CHEMBL448891,COc1cc2c(cc1OC)[C@@H]1Cc3ccc(O)c(OC)c3CN1CC2,123.6,chembal.csv,0,DIHXHTWYVOYYDC-INIZCTEOSA-N,341.407,3.074,51.16,1,5,3,4,2
CHEMBL5404812,COc1ccc2c(c1OC)c1c3c4c(cc5c(c42)OCO5)CCN3C(=O)C1=O,250.9,chembal.csv,0,RTJHIRJIKJCFFV-UHFFFAOYSA-N,377.352,2.824,74.3,0,6,2,6,3
CHEMBL75699,CCOC(=O)N1CC[C@@]23C=C[C@H](O)C[C@@H]2Oc2c(OC)ccc(c23)C1,300,chembal.csv,0,VLBNWFKIPQJSFG-RFUYNDQBSA-N,345.395,2.377,68.23,1,5,2,4,1
CHEMBL5402370,COc1cc2c(c(O)c1OC)CCN1Cc3c(ccc(O)c3OC)C[C@@H]21,300,chembal.csv,0,MAGPJVVGBCSWPF-HNNXBMFYSA-N,357.406,2.779,71.39,2,6,3,4,2
CHEMBL5427350,COc1cc(O)cc2c1-c1c3c(cc4c1[C@@H](C2)N(C)CC4)OCO3,300,chembal.csv,0,DXTAGKXBNNPQKJ-CYBMUJFWSA-N,325.364,2.882,51.16,1,5,1,5,2
CHEMBL2413097,COc1cc(/C=N/NC(=O)Nc2ccncc2)ccc1O,528.4,chembal.csv,0,JOPUUEPBDBDCNF-CXUHLZMHSA-N,286.291,1.951,95.84,3,5,4,2,2
CHEMBL4061433,CCN(CC)c1ccc(/C=C/c2ccc3ccccc3[n+]2C)c(O)c1,1.1,chembal.csv,0,YXPJLJSKNPNGNF-UHFFFAOYSA-O,333.455,4.387,27.35,1,2,5,3,3
CHEMBL4096862,CCN(CC)c1ccc(/C=C/c2ccc3ccccc3[n+]2C)c(OC)n1,1.2,chembal.csv,0,LFBXOORKQOCIDD-UHFFFAOYSA-N,348.47,4.085,29.24,0,3,6,3,3
CHEMBL4097284,CCN(CC)c1ccc(/C=C/c2ccc3ccccc3[n+]2C)c(OC)c1,1.3,chembal.csv,0,UIMXUBOPCRXDAL-UHFFFAOYSA-N,347.482,4.69,16.35,0,2,6,3,3
CHEMBL1642987,CC(C)(C)c1cc[n+](Cc2ccc(C[n+]3ccc(C(C)(C)C)cc3)cc2)cc1,1.3,chembal.csv,0,FKXZCXLZQSOPPI-UHFFFAOYSA-N,374.572,4.953,7.76,0,0,4,3,3
CHEMBL4066392,CCN(CC)c1ccc(/C=C/c2ccc3ccccc3[n+]2C)cc1,1.4,chembal.csv,0,VJWLNNQRIDSKDX-UHFFFAOYSA-N,317.456,4.681,7.12,0,1,5,3,3
CHEMBL1242180,CN(C)c1ccc(/C=C/c2ccc3ccccc3[n+]2C)cc1,1.6,chembal.csv,0,NEOWNATTXBQULQ-UHFFFAOYSA-N,289.402,3.901,7.12,0,1,3,3,3
CHEMBL1643944,c1ccc2c[n+](CCCCCCCCCC[n+]3ccc4ccccc4c3)ccc2c1,1.6,chembal.csv,0,LRDCLONACLGVJA-UHFFFAOYSA-N,398.594,6.389,7.76,0,0,11,4,4
CHEMBL4086152,CCN(CC)c1ccc(/C=C/c2cc(N3CCN(C)CC3)c3ccccc3[n+]2C)c(O)c1,1.7,chembal.csv,0,QRSOCFBJIWQGBI-UHFFFAOYSA-O,431.604,4.138,33.83,1,4,6,4,3
CHEMBL3093801,c1cc[n+](CCCCCCCCC[n+]2cccc3ccccc32)cc1,1.7,chembal.csv,0,SYTVXSVMKRXYMG-UHFFFAOYSA-N,334.507,4.846,7.76,0,0,10,3,3
CHEMBL1198993,c1ccc2c(c1)[nH]c1c[n+](CCCCCCCCCCCC[n+]3ccc4c(c3)[nH]c3ccccc34)ccc12,1.8,chembal.csv,0,VCJGRMVHAYBWRI-UHFFFAOYSA-P,504.722,8.132,39.34,2,0,13,6,6
CHEMBL1642986,CC(C)(C)c1cc[n+](Cc2cccc(C[n+]3ccc(C(C)(C)C)cc3)c2)cc1,1.9,chembal.csv,0,PRSMLHLMHZPCHZ-UHFFFAOYSA-N,374.572,4.953,7.76,0,0,4,3,3
CHEMBL1669484,c1ccc2c[n+](CCCCCC[n+]3ccc4ccccc4c3)ccc2c1,2,chembal.csv,0,AVWREEWMESQTNI-UHFFFAOYSA-N,342.486,4.829,7.76,0,0,7,4,4
CHEMBL3093800,c1cc[n+](CCCCCCCC[n+]2cccc3ccccc32)cc1,2,chembal.csv,0,VLINJGAWQXONRY-UHFFFAOYSA-N,320.48,4.456,7.76,0,0,9,3,3
CHEMBL4095051,CCn1c2ccccc2c2cc(/C=C/c3cc(N4CCOCC4)c4ccccc4[n+]3C)ccc21,2.2,chembal.csv,0,DZPIKUQKFUQZQZ-UHFFFAOYSA-N,448.59,5.799,21.28,0,3,4,6,5
CHEMBL3093799,c1cc[n+](CCCCCCC[n+]2cccc3ccccc32)cc1,2.2,chembal.csv,0,AJEOSTRBVYLHFL-UHFFFAOYSA-N,306.453,4.066,7.76,0,0,8,3,3
CHEMBL4078528,CCN(CC)c1ccc(/C=C/c2cc(N3CCOCC3)c3ccccc3[n+]2C)c(O)c1,2.3,chembal.csv,0,NZVWVJZLQYMBOT-UHFFFAOYSA-O,418.561,4.223,39.82,1,4,6,4,3
CHEMBL1642985,CC(C)(C)c1cc[n+](Cc2ccccc2C[n+]2ccc(C(C)(C)C)cc2)cc1,2.4,chembal.csv,0,GTRJMKIJDDDXQG-UHFFFAOYSA-N,374.572,4.953,7.76,0,0,4,3,3
CHEMBL3425894,C[n+]1c(/C=C/c2cc3ccccc3[nH]2)ccc2ccccc21,2.4,chembal.csv,0,WWUYJYQWEXMWHM-UHFFFAOYSA-O,285.37,4.316,19.67,1,0,2,4,4
CHEMBL4102810,CCN(CC)c1ccc(/C=C/c2cc(N3CCOCC3)c3ccccc3[n+]2C)c(OC)c1,2.5,chembal.csv,0,LXDVMQFTWCWPHS-UHFFFAOYSA-N,432.588,4.526,28.82,0,4,7,4,3
CHEMBL1669485,c1ccc2c[n+](CCCCCCC[n+]3ccc4ccccc4c3)ccc2c1,3,chembal.csv,0,WTEHSLBHHPNNTR-UHFFFAOYSA-N,356.513,5.219,7.76,0,0,8,4,4
CHEMBL3892148,COc1ccc2nc(NCCc3cc[n+](Cc4ccccc4)cc3)sc2c1,3.013,chembal.csv,0,MGDTVQGTXWJCKH-UHFFFAOYSA-N,376.505,4.295,38.03,1,4,7,4,4
CHEMBL3093802,c1cc[n+](CCCCCCCCCC[n+]2cccc3ccccc32)cc1,3.2,chembal.csv,0,IXYYOCBGKVPOHF-UHFFFAOYSA-N,348.534,5.236,7.76,0,0,11,3,3
CHEMBL3425895,CCn1c2ccccc2c2cc(/C=C/c3ccc4ccccc4[n+]3C)ccc21,3.5,chembal.csv,0,KISPTSIXDBWEIX-UHFFFAOYSA-N,363.484,5.963,8.81,0,1,3,5,5
CHEMBL4064920,CN(C)c1ccc(/C=C/c2cc(N3CCOCC3)c3ccccc3[n+]2C)cc1,3.6,chembal.csv,0,SLLXFOUALDGLPY-UHFFFAOYSA-N,374.508,3.737,19.59,0,3,4,4,3
CHEMBL4797670,COc1ccc(-[n+]2ccc3cccc(OC)c3c2)cc1,3.84,chembal.csv,0,GOTLZBYNOBCKMY-UHFFFAOYSA-N,266.32,3.134,22.34,0,2,3,3,3
CHEMBL1669494,c1ccc2c[n+](Cc3ccc4ccc(C[n+]5ccc6ccccc6c5)cc4c3)ccc2c1,4,chembal.csv,0,KNPXKNFBXUYCEE-UHFFFAOYSA-N,412.536,5.818,7.76,0,0,4,6,6
CHEMBL1642984,CC(C)(C)c1cc[n+](C/C=C\C[n+]2ccc(C(C)(C)C)cc2)cc1,4.4,chembal.csv,0,JMBVRTWRCLIWDR-FPLPWBNLSA-N,324.512,4.113,7.76,0,0,4,2,2
CHEMBL5280980,C[n+]1ccc2c3ccccc3n(CCc3ccccc3)c2c1,5,chembal.csv,0,AXSJTNLXZJWIFL-UHFFFAOYSA-N,287.386,3.862,8.81,0,1,3,4,4
CHEMBL601410,c1ccc2c(c1)ccc[n+]2CCCCCC[n+]1cccc2ccccc21,5,chembal.csv,0,CHWJVANCPFQFAA-UHFFFAOYSA-N,342.486,4.829,7.76,0,0,7,4,4
CHEMBL225689,c1cc[n+](CCCCCCCCCC[n+]2ccccc2)cc1,5,chembal.csv,0,UONDTBVSZIDJKA-UHFFFAOYSA-N,298.474,4.083,7.76,0,0,11,2,2
CHEMBL4093946,COc1cc(/C=C/c2ccc3ccccc3[n+]2C)ccc1N1CCN(C)CC1,5,chembal.csv,0,VHCLPJJSLILRLH-UHFFFAOYSA-N,374.508,3.595,19.59,0,3,4,4,3
CHEMBL4089155,C[n+]1c(/C=C/c2cccnc2)ccc2ccccc21,5,chembal.csv,0,UQEKAZBUJZQYBM-UHFFFAOYSA-N,247.321,3.23,16.77,0,1,2,3,3
CHEMBL4099308,CN1CCN(c2cc(/C=C/c3ccc(N(C)C)cc3)[n+](C)c3ccccc23)CC1,5,chembal.csv,0,PIYLNULNUSTZLL-UHFFFAOYSA-N,387.551,3.653,13.6,0,3,4,4,3
CHEMBL4099404,C[n+]1c(/C=C/c2cc3ccccc3[nH]2)cc(N2CCN(CCO)CC2)c2ccccc21,5,chembal.csv,0,ZRXKDIZEUDGBQF-UHFFFAOYSA-O,413.545,3.43,46.38,2,3,5,5,4
CHEMBL3425885,C[n+]1c(/C=C/c2cc([N+](=O)[O-])ccc2O)ccc2ccccc21,5,chembal.csv,0,UQYBSKWIKGGLOS-UHFFFAOYSA-O,307.329,3.449,67.25,1,3,3,3,3
CHEMBL4072484,CCN(CC)c1ccc(/C=C/c2cc(N3CCN(CCO)CC3)c3ccccc3[n+]2C)c(OC)c1,5,chembal.csv,0,MDBWXOFDKBJPFG-UHFFFAOYSA-N,475.657,3.804,43.06,1,5,9,4,3
CHEMBL4093514,CN1CCN(c2ccc(/C=C/c3cc(N4CCN(C)CC4)c4ccccc4[n+]3C)cc2)CC1,5,chembal.csv,0,ZWFOJIJIVGKMKC-UHFFFAOYSA-N,442.631,3.338,16.84,0,4,4,5,3
CHEMBL597863,C[n+]1c(/C=C/c2ccc(F)cc2)ccc2ccccc21,5,chembal.csv,0,JIQUVNFLHUAJFM-XYOKQWHBSA-N,264.323,3.974,3.88,0,0,2,3,3
CHEMBL4105221,CN(C)c1ccc(/C=C/c2cc(N3CCN(CCO)CC3)c3ccccc3[n+]2C)cc1,5,chembal.csv,0,YAMDPRCSIBTERO-UHFFFAOYSA-N,417.577,3.015,33.83,1,4,6,4,3
CHEMBL4086807,CCN(CC)c1ccc(/C=C/c2ccc3ccccc3n2)c(O)c1,5,chembal.csv,0,MMODGRRBRUIVOP-JLHYYAGUSA-N,318.42,4.957,36.36,1,3,5,3,3
CHEMBL4065910,CCN(CC)c1ccc(/C=C/c2cc(N3CCN(C)CC3)c3ccccc3[n+]2C)c(OC)c1,5,chembal.csv,0,YGZRGZAUXYMIOH-UHFFFAOYSA-N,445.631,4.441,22.83,0,4,7,4,3
CHEMBL4086383,COc1cc(/C=C/c2cc(N3CCN(C)CC3)c3ccccc3[n+]2C)ccc1N1CCN(C)CC1,5,chembal.csv,0,ZFUFASXRXFBKDR-UHFFFAOYSA-N,472.657,3.347,26.07,0,5,5,5,3
CHEMBL3425891,COc1cc(/C=C/c2ccc3ccccc3[n+]2C)cc(OC)c1OC,5,chembal.csv,0,PKAYWNWAGJBXDY-PKNBQFBNSA-N,336.411,3.861,31.57,0,3,5,3,3
CHEMBL3425908,CCn1c2ccccc2c2cc(/C=C/c3ccc4ccccc4n3)ccc21,5,chembal.csv,0,BRPOFDDDQIAMHZ-SDNWHVSQSA-N,348.449,6.533,17.82,0,2,3,5,5
CHEMBL4104589,C[n+]1c(/C=C/c2ccc(Cl)cc2)ccc2ccccc21,5,chembal.csv,0,SJTQWZKOFBNYJK-XYOKQWHBSA-N,280.778,4.488,3.88,0,0,2,3,3
CHEMBL4065374,COc1cc(/C=C/c2cc(N3CCN(CCO)CC3)c3ccccc3[n+]2C)cc(OC)c1O,5,chembal.csv,0,GKIFOJGSBRQHFB-UHFFFAOYSA-O,450.559,2.672,69.28,2,6,7,4,3
CHEMBL3425892,COc1cc(/C=C/c2ccc3ccccc3[n+]2C)ccc1N1CCOCC1,5,chembal.csv,0,WQRBOFIVDUAUAR-UHFFFAOYSA-N,361.465,3.68,25.58,0,3,4,4,3
CHEMBL3425889,C[n+]1c(/C=C/c2ccccc2)ccc2ccccc21,5,chembal.csv,0,INCQLZYLDCIBAL-ACCUITESSA-N,246.333,3.835,3.88,0,0,2,3,3
CHEMBL3425890,COc1cc(/C=C/c2ccc3ccccc3[n+]2C)ccc1F,5,chembal.csv,0,RSAQFSRIDLFGLM-JXMROGBWSA-N,294.349,3.982,13.11,0,1,3,3,3
CHEMBL4070093,CN1CCN(c2ccc(/C=C/c3ccc4ccccc4[n+]3C)cc2)CC1,5,chembal.csv,0,VPFTUQWUYNNLFE-UHFFFAOYSA-N,344.482,3.587,10.36,0,2,3,4,3
CHEMBL4060972,COc1ncccc1/C=C/c1ccc2ccccc2[n+]1C,5,chembal.csv,0,YGMFSGHHPRGZRS-UHFFFAOYSA-N,277.347,3.238,26,0,2,3,3,3
CHEMBL4087364,CCN(CC)c1ccc(/C=C/c2cc(N3CCN(CCO)CC3)c3ccccc3[n+]2C)c(O)c1,5,chembal.csv,0,PCAHJEUPKRWADJ-UHFFFAOYSA-O,461.63,3.501,54.06,2,5,8,4,3
CHEMBL1303143,C[n+]1c(/C=C/c2ccc(O)cc2)ccc2ccccc21,5,chembal.csv,0,MHXPBDRJBLYRCN-UHFFFAOYSA-O,262.332,3.54,24.11,1,1,2,3,3
CHEMBL3425881,COc1cc(/C=C/c2ccc3ccccc3[n+]2C)cc(OC)c1O,5,chembal.csv,0,CWDCAJCPFYCQET-UHFFFAOYSA-O,322.384,3.558,42.57,1,3,4,3,3
CHEMBL3425893,C[n+]1c(/C=C/c2ccc(N3CCOCC3)cc2)ccc2ccccc21,5,chembal.csv,0,RHZSWMSVLIQKIA-UHFFFAOYSA-N,331.439,3.671,16.35,0,2,3,4,3
CHEMBL1642974,CC(C)(C)c1cc[n+](CCCCC[n+]2ccc(C(C)(C)C)cc2)cc1,5.1,chembal.csv,0,NOKQBUUBJLGGLE-UHFFFAOYSA-N,340.555,4.727,7.76,0,0,6,2,2
CHEMBL1642973,CC(C)(C)c1cc[n+](CCCC[n+]2ccc(C(C)(C)C)cc2)cc1,5.5,chembal.csv,0,DVTOGPVSMNYLJQ-UHFFFAOYSA-N,326.528,4.337,7.76,0,0,5,2,2
CHEMBL3937964,COc1ccc2nc(NCCc3cc[n+](Cc4ccc(F)cc4)cc3)sc2c1,5.628,chembal.csv,0,DHIFHWRBNWLKSW-UHFFFAOYSA-N,394.495,4.434,38.03,1,4,7,4,4
CHEMBL105742,c1cc[n+](CCCCCCCCC[n+]2ccccc2)cc1,6,chembal.csv,0,XJMUBKVBGNJFRH-UHFFFAOYSA-N,284.447,3.693,7.76,0,0,10,2,2
CHEMBL1762000,c1ccc(C[n+]2cccc3ccccc32)c(C[n+]2cccc3ccccc32)c1,6,chembal.csv,0,OYELVZBEBIBDNI-UHFFFAOYSA-N,362.476,4.665,7.76,0,0,4,5,5
CHEMBL430886,c1cc[n+](CCCCCCCCCCC[n+]2ccccc2)cc1,7,chembal.csv,0,RMHVLBGFZUPBFB-UHFFFAOYSA-N,312.501,4.473,7.76,0,0,12,2,2
CHEMBL3093795,c1cc[n+](CCCCCCCC[n+]2ccc3ccccc3c2)cc1,7.7,chembal.csv,0,PVKAOBUBUDQDRR-UHFFFAOYSA-N,320.48,4.456,7.76,0,0,9,3,3
CHEMBL3952144,Fc1ccc(C[n+]2ccc(CCNc3nc4ccc(F)cc4s3)cc2)cc1,8.164,chembal.csv,0,DEFMHIPKLZXSIY-UHFFFAOYSA-N,382.459,4.565,28.8,1,3,6,4,4
CHEMBL4208961,Cc1cc(=O)oc2cc(OCc3cc[n+](Cc4ccccc4Br)cc3)ccc12,8.32,chembal.csv,0,MXIWEACZSLWUNJ-UHFFFAOYSA-N,437.313,4.779,43.32,0,3,5,4,4
CHEMBL104613,c1ccc2c[n+](CCCCCCCCCCC[n+]3ccc4ccccc4c3)ccc2c1,9,chembal.csv,0,ULIWBOHRWMGXPR-UHFFFAOYSA-N,412.621,6.779,7.76,0,0,12,4,4
CHEMBL4642244,COc1ccc(C2C([N+](=O)[O-])C(Cc3c[nH]cn3)NC23c2ccccc2-c2nc4ccccc4nc23)cc1,11.45,chembal.csv,0,JUPLNCDYYPPYDS-UHFFFAOYSA-N,504.55,4.229,118.86,2,7,5,7,5
CHEMBL3900968,O=[N+]([O-])c1ccc2nc(NCCc3cc[n+](Cc4ccc(F)cc4)cc3)sc2c1,11.886,chembal.csv,0,PRXIEXWZIFEMSH-UHFFFAOYSA-N,409.466,4.334,71.94,1,5,7,4,4
CHEMBL5426401,O=C(C[n+]1ccc2ccccc2c1)Nc1ccccc1Br,12,chembal.csv,0,VBFKLSQXEXLRSC-UHFFFAOYSA-O,342.216,3.529,32.98,1,1,3,3,3
CHEMBL4639749,Cc1ccc(C2C([N+](=O)[O-])C(Cc3c[nH]cn3)NC23c2ccccc2-c2nc4ccccc4nc23)cc1,12.4,chembal.csv,0,OXXZYCGXYYQBCJ-UHFFFAOYSA-N,488.551,4.529,109.63,2,6,4,7,5
CHEMBL1761991,c1ccc2c(c1)ccc[n+]2CCC[n+]1cccc2ccccc21,13,chembal.csv,0,XKOPPJJSUOIQCM-UHFFFAOYSA-N,300.405,3.658,7.76,0,0,4,4,4
CHEMBL345124,CC[N+](C)(CC)CCC[n+]1c(-c2ccccc2)c2cc(N)ccc2c2ccc(N)cc21,13.2,chembal.csv,0,ZDWVWKDAWBGPDN-UHFFFAOYSA-O,414.597,4.988,55.92,2,2,7,4,4
CHEMBL4633851,Cc1cccc(C2C([N+](=O)[O-])C(Cc3c[nH]cn3)NC23c2ccccc2-c2nc4ccccc4nc23)c1,13.6,chembal.csv,0,FXEUHDCDRKHKGM-UHFFFAOYSA-N,488.551,4.529,109.63,2,6,4,7,5
CHEMBL4644961,Cc1ccccc1C1C([N+](=O)[O-])C(Cc2c[nH]cn2)NC12c1ccccc1-c1nc3ccccc3nc12,13.8,chembal.csv,0,GHWMBUKVDAWTFS-UHFFFAOYSA-N,488.551,4.529,109.63,2,6,4,7,5
CHEMBL4642959,COc1ccccc1C1C([N+](=O)[O-])C(Cc2c[nH]cn2)NC12c1ccccc1-c1nc3ccccc3nc12,14.22,chembal.csv,0,SLXSPHAYNAQJBQ-UHFFFAOYSA-N,504.55,4.229,118.86,2,7,5,7,5
CHEMBL4639357,COc1cccc(C2C([N+](=O)[O-])C(Cc3c[nH]cn3)NC23c2ccccc2-c2nc4ccccc4nc23)c1,14.74,chembal.csv,0,MLFJUBNESDQKEA-UHFFFAOYSA-N,504.55,4.229,118.86,2,7,5,7,5
CHEMBL4632770,O=[N+]([O-])C1C(Cc2c[nH]cn2)NC2(c3ccccc3-c3nc4ccccc4nc32)C1c1ccccc1,15.6,chembal.csv,0,LOSDALWTUOUYIS-UHFFFAOYSA-N,474.524,4.221,109.63,2,6,4,7,5
CHEMBL5283780,Cc1ccc2c(c1)c1cc[n+](-c3ccccc3)cc1n2C,17,chembal.csv,0,ZWUSTXCHVYMQTF-UHFFFAOYSA-N,273.359,3.917,8.81,0,1,1,4,4
CHEMBL376434,COc1ccc2[nH]c3c[n+](C)ccc3c2c1,17.45822,chembal.csv,0,UXIBWQLCPYHBSH-UHFFFAOYSA-O,213.26,2.154,28.9,1,1,1,3,3
CHEMBL1642983,CC(C)(C)c1cc[n+](C/C=C/C[n+]2ccc(C(C)(C)C)cc2)cc1,19,chembal.csv,0,JMBVRTWRCLIWDR-BQYQJAHWSA-N,324.512,4.113,7.76,0,0,4,2,2
CHEMBL1642971,CC(C)(C)c1cc[n+](CC[n+]2ccc(C(C)(C)C)cc2)cc1,20,chembal.csv,0,NXILGHWRUOGXIB-UHFFFAOYSA-N,298.474,3.557,7.76,0,0,3,2,2
CHEMBL1762001,c1cc(C[n+]2cccc3ccccc32)cc(C[n+]2cccc3ccccc32)c1,20,chembal.csv,0,AUGKZAPKELENGH-UHFFFAOYSA-N,362.476,4.665,7.76,0,0,4,5,5
CHEMBL385778,COc1ccc2c(c1)c1cc[n+](C)cc1n2C,20.9,chembal.csv,0,DSZQQMUYRCNRKS-UHFFFAOYSA-N,227.287,2.165,18.04,0,2,1,3,3
CHEMBL4789019,COc1cccc2cc[n+](-c3ccc(Br)cc3)cc12,21.6,chembal.csv,0,XOROMQNBXQGKST-UHFFFAOYSA-N,315.19,3.888,13.11,0,1,2,3,3
CHEMBL4646153,O=[N+]([O-])C1C(Cc2c[nH]cn2)NC2(c3ccccc3-c3nc4ccccc4nc32)C1c1ccc(Cl)cc1,21.62,chembal.csv,0,ZHRHYPNZCNMJJN-UHFFFAOYSA-N,508.969,4.874,109.63,2,6,4,7,5
CHEMBL4632994,O=[N+]([O-])C1C(Cc2c[nH]cn2)NC2(c3ccccc3-c3nc4ccccc4nc32)C1c1ccco1,22.25,chembal.csv,0,DJLIRQMAHYBORP-UHFFFAOYSA-N,464.485,3.814,122.77,2,7,4,7,5
CHEMBL4636399,O=[N+]([O-])C1C(Cc2c[nH]cn2)NC2(c3ccccc3-c3nc4ccccc4nc32)C1c1ccccn1,24.25,chembal.csv,0,FJQQUHPZFRBAME-UHFFFAOYSA-N,475.512,3.616,122.52,2,7,4,7,5
CHEMBL1669490,C(=C\C[n+]1ccc2ccccc2c1)\C[n+]1ccc2ccccc2c1,25,chembal.csv,0,PGHUZXCSVQYQGG-WAYWQWQTSA-N,312.416,3.824,7.76,0,0,4,4,4
CHEMBL4648224,O=[N+]([O-])C1C(Cc2c[nH]cn2)NC2(c3ccccc3-c3nc4ccccc4nc32)C1c1ccc(Br)cc1,26.6,chembal.csv,0,NISMCMVQGSIUDA-UHFFFAOYSA-N,553.42,4.983,109.63,2,6,4,7,5
CHEMBL225688,c1cc[n+](CCCCCCCC[n+]2ccccc2)cc1,29,chembal.csv,0,NZCUMPHHTZXRCK-UHFFFAOYSA-N,270.42,3.302,7.76,0,0,9,2,2
CHEMBL4784649,COc1cccc2cc[n+](-c3cccc(C)c3)cc12,30.6,chembal.csv,0,AZRZAHIBCRUIAW-UHFFFAOYSA-N,250.321,3.434,13.11,0,1,2,3,3
CHEMBL5281758,Cn1c2ccccc2c2cc[n+](-c3ccc(Cl)cc3)cc21,32,chembal.csv,0,AYDVADIGEZQAHF-UHFFFAOYSA-N,293.777,4.262,8.81,0,1,1,4,4
CHEMBL1761992,c1ccc2c(c1)ccc[n+]2CCCC[n+]1cccc2ccccc21,32,chembal.csv,0,UDTFBDQGKZRSEC-UHFFFAOYSA-N,314.432,4.048,7.76,0,0,5,4,4
CHEMBL5287537,Cc1ccc(-[n+]2ccc3c4ccccc4n(C)c3c2)cc1,32,chembal.csv,0,TYLORRYICLSBDT-UHFFFAOYSA-N,273.359,3.917,8.81,0,1,1,4,4
CHEMBL5276404,Cn1c2ccccc2c2cc[n+](-c3ccc(Br)cc3)cc21,32,chembal.csv,0,MFVMDTXSADLNMJ-UHFFFAOYSA-N,338.228,4.371,8.81,0,1,1,4,4
CHEMBL5270788,COc1ccc(-[n+]2ccc3c4ccccc4n(C)c3c2)cc1,32,chembal.csv,0,NMBBYUYGEOQGLX-UHFFFAOYSA-N,289.358,3.617,18.04,0,2,2,4,4
CHEMBL5282524,Cn1c2ccccc2c2cc[n+](-c3ccc(I)cc3)cc21,32,chembal.csv,0,PFXJDWFVKKAJGD-UHFFFAOYSA-N,385.228,4.213,8.81,0,1,1,4,4
CHEMBL4799601,COc1cccc2cc[n+](-c3ccc(C(F)(F)F)cc3)cc12,33.5,chembal.csv,0,HRIHTEQSIMHUPV-UHFFFAOYSA-N,304.291,4.144,13.11,0,1,2,3,3
CHEMBL1642970,CC(C)(C)c1cc[n+](C[n+]2ccc(C(C)(C)C)cc2)cc1,34,chembal.csv,0,XCVPWZGPOABPOI-UHFFFAOYSA-N,284.447,3.362,7.76,0,0,2,2,2
CHEMBL1761993,c1ccc2c(c1)ccc[n+]2CCCCC[n+]1cccc2ccccc21,34,chembal.csv,0,PYAUTVAEUKAKHU-UHFFFAOYSA-N,328.459,4.439,7.76,0,0,6,4,4
CHEMBL4793631,COc1cccc2cc[n+](-c3ccc(I)cc3)cc12,36.1,chembal.csv,0,BEDMQNIMYVNRDK-UHFFFAOYSA-N,362.19,3.73,13.11,0,1,2,3,3
CHEMBL4788885,COc1cccc2cc[n+](-c3cccc(Cl)c3)cc12,36.4,chembal.csv,0,JNKSAKWNXKWMIA-UHFFFAOYSA-N,270.739,3.779,13.11,0,1,2,3,3
CHEMBL4778914,COc1cccc2cc[n+](-c3ccccc3I)cc12,36.9,chembal.csv,0,HZCLHLSRFISUOJ-UHFFFAOYSA-N,362.19,3.73,13.11,0,1,2,3,3
CHEMBL5285678,CC(C)n1c2ccccc2c2cc[n+](-c3ccccc3)cc21,37,chembal.csv,0,OHPSPRKKTRQQNU-UHFFFAOYSA-N,287.386,4.652,8.81,0,1,2,4,4
CHEMBL1669482,c1ccc2c[n+](CCCC[n+]3ccc4ccccc4c3)ccc2c1,40,chembal.csv,0,SUWXUVKWDAKFPK-UHFFFAOYSA-N,314.432,4.048,7.76,0,0,5,4,4
CHEMBL1761997,c1ccc2c(c1)ccc[n+]2CCOCC[n+]1cccc2ccccc21,48,chembal.csv,0,WDMOTYHTADJONA-UHFFFAOYSA-N,330.431,3.285,16.99,0,1,6,4,4
CHEMBL4788638,COc1cccc2cc[n+](-c3c(F)cccc3F)cc12,48.4,chembal.csv,0,FRHQTCUNBCBTCS-UHFFFAOYSA-N,272.274,3.403,13.11,0,1,2,3,3
CHEMBL1669488,c1ccc2c[n+](CCOCC[n+]3ccc4ccccc4c3)ccc2c1,51,chembal.csv,0,URGUKFUEHPNBAL-UHFFFAOYSA-N,330.431,3.285,16.99,0,1,6,4,4
CHEMBL1642972,CC(C)(C)c1cc[n+](CCC[n+]2ccc(C(C)(C)C)cc2)cc1,53,chembal.csv,0,OBKUQIPOSJEQDO-UHFFFAOYSA-N,312.501,3.947,7.76,0,0,4,2,2
CHEMBL4785451,COc1cccc2cc[n+](-c3ccccc3C#N)cc12,59.4,chembal.csv,0,QLXMVKYELSPGTQ-UHFFFAOYSA-N,261.304,2.997,36.9,0,2,2,3,3
CHEMBL1669489,C(=C/C[n+]1ccc2ccccc2c1)\C[n+]1ccc2ccccc2c1,64,chembal.csv,0,PGHUZXCSVQYQGG-AATRIKPKSA-N,312.416,3.824,7.76,0,0,4,4,4
CHEMBL4786368,COc1cccc2cc[n+](-c3ccccc3Cl)cc12,67.2,chembal.csv,0,JKHKSDOTYVTZJI-UHFFFAOYSA-N,270.739,3.779,13.11,0,1,2,3,3
CHEMBL1642981,CC(C)(C)c1cc[n+](COC[n+]2ccc(C(C)(C)C)cc2)cc1,75,chembal.csv,0,HLOCPCSCTALETD-UHFFFAOYSA-N,314.473,3.488,16.99,0,1,4,2,2
CHEMBL1088155,c1cc[n+](CCCCCCC[n+]2ccccc2)cc1,78,chembal.csv,0,SLZRUURKUVNJHO-UHFFFAOYSA-N,256.393,2.912,7.76,0,0,8,2,2
CHEMBL4789164,COc1cccc2cc[n+](-c3ccccc3)cc12,80.3,chembal.csv,0,MQEUFDHPRHUBBR-UHFFFAOYSA-N,236.294,3.125,13.11,0,1,2,3,3
CHEMBL4776766,COc1cccc2cc[n+](-c3ccccc3F)cc12,80.9,chembal.csv,0,FEUNUIYGZQUKCU-UHFFFAOYSA-N,254.284,3.264,13.11,0,1,2,3,3
CHEMBL4796157,COc1cccc2cc[n+](-c3ccccc3Br)cc12,89.5,chembal.csv,0,RTJODZZGCZZTRF-UHFFFAOYSA-N,315.19,3.888,13.11,0,1,2,3,3
CHEMBL4791061,COc1cccc2cc[n+](-c3ccc(I)cc3F)cc12,89.8,chembal.csv,0,UTSRJYYICXKRBK-UHFFFAOYSA-N,380.18,3.869,13.11,0,1,2,3,3
CHEMBL4784748,COc1cccc(-[n+]2ccc3cccc(OC)c3c2)c1,98.3,chembal.csv,0,NLINSCWNGUDKEU-UHFFFAOYSA-N,266.32,3.134,22.34,0,2,3,3,3
CHEMBL4781509,COc1cccc2cc[n+](-c3ccc(Cl)cc3)cc12,104,chembal.csv,0,CLIBEFUYKVSXSU-UHFFFAOYSA-N,270.739,3.779,13.11,0,1,2,3,3
CHEMBL1088019,c1cc[n+](CCCCC[n+]2ccccc2)cc1,120,chembal.csv,0,NCRGGUSSYXSHOR-UHFFFAOYSA-N,228.339,2.132,7.76,0,0,6,2,2
CHEMBL4796496,Brc1ccc(-[n+]2ccc3ccccc3c2)cc1,130,chembal.csv,0,GCTHSGKPTPJSDE-UHFFFAOYSA-N,285.164,3.879,3.88,0,0,1,3,3
CHEMBL389283,c1cc[n+](CCCCCC[n+]2ccccc2)cc1,130,chembal.csv,0,WUAWIFPABARFIQ-UHFFFAOYSA-N,242.366,2.522,7.76,0,0,7,2,2
CHEMBL4789238,COc1cccc2cc[n+](-c3ccc(Br)cc3Br)cc12,131,chembal.csv,0,CXVCPGDBKQTMGW-UHFFFAOYSA-N,394.086,4.65,13.11,0,1,2,3,3
CHEMBL4796540,COc1cccc2cc[n+](-c3ccc(F)cc3)cc12,143,chembal.csv,0,NQFOCEGXWIHLLW-UHFFFAOYSA-N,254.284,3.264,13.11,0,1,2,3,3
CHEMBL1669487,c1ccc2c[n+](COC[n+]3ccc4ccccc4c3)ccc2c1,154,chembal.csv,0,BYZAGCWPLBSOCX-UHFFFAOYSA-N,302.377,3.2,16.99,0,1,4,4,4
CHEMBL4776809,COc1cccc2cc[n+](-c3ccc(Br)cc3F)cc12,196,chembal.csv,0,GHZYJZGQBTYMSA-UHFFFAOYSA-N,333.18,4.027,13.11,0,1,2,3,3
CHEMBL4786171,COc1cccc2cc[n+](-c3ccc(Cl)cc3Cl)cc12,232,chembal.csv,0,WSEZFGBHOYBWSA-UHFFFAOYSA-N,305.184,4.432,13.11,0,1,2,3,3
CHEMBL1642982,CC(C)(C)c1cc[n+](CCOCC[n+]2ccc(C(C)(C)C)cc2)cc1,241,chembal.csv,0,LYDFXGRRFCEVJP-UHFFFAOYSA-N,342.527,3.573,16.99,0,1,6,2,2
CHEMBL4798736,COc1cccc2cc[n+](-c3ccccc3C)cc12,243,chembal.csv,0,QXEKOLWNPCSFRM-UHFFFAOYSA-N,250.321,3.434,13.11,0,1,2,3,3
CHEMBL4793972,COc1cccc2cc[n+](-c3cccc(F)c3)cc12,250,chembal.csv,0,MOIXICUBPYLSMJ-UHFFFAOYSA-N,254.284,3.264,13.11,0,1,2,3,3
CHEMBL4785000,COc1cccc2cc[n+](-c3cccc(C#N)c3)cc12,250,chembal.csv,0,BYAUSYGZMYTHJS-UHFFFAOYSA-N,261.304,2.997,36.9,0,2,2,3,3
CHEMBL4800328,COc1cccc2cc[n+](-c3ccc(C)cc3)cc12,250,chembal.csv,0,UQWUUDBALGBOLC-UHFFFAOYSA-N,250.321,3.434,13.11,0,1,2,3,3
CHEMBL1761998,C(=C/C[n+]1cccc2ccccc21)\C[n+]1cccc2ccccc21,308,chembal.csv,0,SDYUXZXBOSJBHM-AATRIKPKSA-N,312.416,3.824,7.76,0,0,4,4,4
CHEMBL1081124,c1cc[n+](Cc2ccccc2C[n+]2ccccc2)cc1,345,chembal.csv,0,ZDDQSNVWQNIFDW-UHFFFAOYSA-N,262.356,2.358,7.76,0,0,4,3,3
CHEMBL1081126,c1cc[n+](Cc2ccc(C[n+]3ccccc3)cc2)cc1,529,chembal.csv,0,FNDXYZZNFYPLLV-UHFFFAOYSA-N,262.356,2.358,7.76,0,0,4,3,3
CHEMBL1081613,C(=C/C[n+]1ccccc1)\C[n+]1ccccc1,541,chembal.csv,0,GWUUPPPSIZYHCM-BQYQJAHWSA-N,212.296,1.518,7.76,0,0,4,2,2
CHEMBL1081448,c1cc[n+](COC[n+]2ccccc2)cc1,583,chembal.csv,0,UVENYKVMWZIQOV-UHFFFAOYSA-N,202.257,0.893,16.99,0,1,4,2,2
CHEMBL1669493,c1ccc2c[n+](Cc3ccc(C[n+]4ccc5ccccc5c4)cc3)ccc2c1,840,chembal.csv,0,QSQXPXMHGYXQAJ-UHFFFAOYSA-N,362.476,4.665,7.76,0,0,4,5,5
CHEMBL1761996,c1ccc2c(c1)ccc[n+]2COC[n+]1cccc2ccccc21,871,chembal.csv,0,SKWSMMWIKFMIDN-UHFFFAOYSA-N,302.377,3.2,16.99,0,1,4,4,4
CHEMBL1076550,C(=C\C[n+]1ccccc1)\C[n+]1ccccc1,1270,chembal.csv,0,GWUUPPPSIZYHCM-FPLPWBNLSA-N,212.296,1.518,7.76,0,0,4,2,2
CHEMBL1081125,c1cc[n+](Cc2cccc(C[n+]3ccccc3)c2)cc1,1380,chembal.csv,0,MGWGQFIVWOEKJL-UHFFFAOYSA-N,262.356,2.358,7.76,0,0,4,3,3
CHEMBL1669480,c1ccc2c[n+](C[n+]3ccc4ccccc4c3)ccc2c1,1400,chembal.csv,0,DLMIROXKRNHECN-UHFFFAOYSA-N,272.351,3.074,7.76,0,0,2,4,4
CHEMBL291233,O/N=C/c1cc[n+](COC[n+]2ccc(/C=N/O)cc2)cc1,1910,chembal.csv,0,HIGRLDNHDGYWQJ-UHFFFAOYSA-P,288.307,0.51,82.17,2,5,6,2,2
CHEMBL1081449,c1cc[n+](CCOCC[n+]2ccccc2)cc1,2360,chembal.csv,0,HMEXVBNLYUWRDQ-UHFFFAOYSA-N,230.311,0.978,16.99,0,1,6,2,2
CHEMBL1669481,c1ccc2c[n+](CCC[n+]3ccc4ccccc4c3)ccc2c1,2600,chembal.csv,0,HBXFIMPYRSNUQN-UHFFFAOYSA-N,300.405,3.658,7.76,0,0,4,4,4
CHEMBL1088018,c1cc[n+](CCCC[n+]2ccccc2)cc1,9800,chembal.csv,0,MAEVORUJDMVVKA-UHFFFAOYSA-N,214.312,1.742,7.76,0,0,5,2,2
CHEMBL4292477,Nc1ccc2oc(C(=O)NCCC3CCN(Cc4ccccc4)CC3)cc(=O)c2c1,4.3,chembal.csv,0,IWMNPLRLJRDNCG-UHFFFAOYSA-N,405.498,3.407,88.57,2,5,6,4,3
CHEMBL4286799,O=C(NCCC1CCN(Cc2ccccc2)CC1)c1cc(=O)c2ccccc2o1,5.09,chembal.csv,0,ADKJHJNFROJLTD-UHFFFAOYSA-N,390.483,3.825,62.55,1,4,6,4,3
CHEMBL4291372,COc1ccc2oc(C(=O)NCCCC3CCN(Cc4ccccc4)CC3)cc(=O)c2c1,5.8,chembal.csv,0,PPHUUQGGAWURKS-UHFFFAOYSA-N,434.536,4.224,71.78,1,5,8,4,3
CHEMBL4284591,COc1cc(OC)c2c(=O)cc(C(=O)NCCC3CCN(Cc4ccccc4)CC3)oc2c1,6.3,chembal.csv,0,RNXAJDXEDORTNS-UHFFFAOYSA-N,450.535,3.842,81.01,1,6,8,4,3
CHEMBL4283450,COc1ccc2oc(C(=O)NCCC3CCN(Cc4ccccc4)CC3)cc(=O)c2c1,6.5,chembal.csv,0,RVBIUDMTBMMGLC-UHFFFAOYSA-N,420.509,3.834,71.78,1,5,7,4,3
CHEMBL4289318,COc1cc2nc(C(=O)NCCC3CCN(Cc4ccccc4)CC3)cc(OC)c2cc1OC,8.79,chembal.csv,0,BILZMGRMIJNPTH-UHFFFAOYSA-N,463.578,4.293,72.92,1,6,9,4,3
CHEMBL4277548,O=C(NCCC1CCN(Cc2ccccc2)CC1)c1cc(=O)c2cc([N+](=O)[O-])ccc2o1,9.3,chembal.csv,0,ONXNRNIGCHXJJM-UHFFFAOYSA-N,435.48,3.733,105.69,1,6,7,4,3
CHEMBL4294609,O=C(NCCC1CCN(Cc2ccccc2)CC1)c1cc(=O)c2cc(O)ccc2[nH]1,9.88,chembal.csv,0,NWLCFCJTFBZULK-UHFFFAOYSA-N,405.498,3.266,85.43,3,4,6,4,3
CHEMBL4285779,COc1ccc2c(=O)cc(C(=O)NCCC3CCN(Cc4ccccc4)CC3)oc2c1,9.9,chembal.csv,0,MYWJWRCXIVJIOX-UHFFFAOYSA-N,420.509,3.834,71.78,1,5,7,4,3
CHEMBL4287970,COc1cc2oc(C(=O)NCCC3CCN(Cc4ccccc4)CC3)cc(=O)c2cc1OC,10,chembal.csv,0,GWSXEQILOPSURJ-UHFFFAOYSA-N,450.535,3.842,81.01,1,6,8,4,3
CHEMBL4284165,O=C(NCCCC1CCN(Cc2ccccc2)CC1)c1cc(=O)c2cc(O)ccc2o1,10,chembal.csv,0,OZAWXAOXPMUIGP-UHFFFAOYSA-N,420.509,3.921,82.78,2,5,7,4,3
CHEMBL4280725,O=C(NCCC1CCN(Cc2ccccc2)CC1)c1cc(=O)c2cc(O)c(O)cc2o1,10,chembal.csv,0,GYJZBBWGLRANDB-UHFFFAOYSA-N,422.481,3.236,103.01,3,6,6,4,3
CHEMBL4285601,COc1cc2oc(C(=O)OCC3CCN(Cc4ccccc4)CC3)cc(=O)c2cc1OC,10,chembal.csv,0,TVAFVIMAUJSJNE-UHFFFAOYSA-N,437.492,3.879,78.21,0,7,7,4,3
CHEMBL4293801,COc1cc2[nH]c(C(=O)NCCC3CCN(Cc4ccccc4)CC3)cc(=O)c2cc1OC,10,chembal.csv,0,FYEQJLDNQJUZMM-UHFFFAOYSA-N,449.551,3.577,83.66,2,5,8,4,3
CHEMBL4286731,COc1ccc2oc(C(=O)OCC3CCN(Cc4ccccc4)CC3)cc(=O)c2c1,10,chembal.csv,0,RRMUDFYHNZUTFN-UHFFFAOYSA-N,407.466,3.871,68.98,0,6,6,4,3
CHEMBL4284495,COc1cc2oc(C(=O)OCCC3CCN(Cc4ccccc4)CC3)cc(=O)c2cc1OC,10,chembal.csv,0,CZMZUNUZUGWCRN-UHFFFAOYSA-N,451.519,4.269,78.21,0,7,8,4,3
CHEMBL4294783,COc1cc2oc(C(=O)NCCCC3CCN(Cc4ccccc4)CC3)cc(=O)c2cc1OC,10,chembal.csv,0,HTHMAPYWBARTFD-UHFFFAOYSA-N,464.562,4.232,81.01,1,6,9,4,3
CHEMBL4290940,COc1ccc2oc(C(=O)NC3CCN(Cc4ccccc4)CC3)cc(=O)c2c1,10,chembal.csv,0,UUECOJIIJDTIAC-UHFFFAOYSA-N,392.455,3.196,71.78,1,5,5,4,3
CHEMBL4283079,O=C(NC1CCN(Cc2ccccc2)CC1)c1cc(=O)c2cc(O)ccc2o1,10,chembal.csv,0,HWFAMARPORWDKE-UHFFFAOYSA-N,378.428,2.893,82.78,2,5,4,4,3
CHEMBL4291296,O=C(NCCC1CCN(Cc2ccccc2)CC1)c1cc(=O)c2cc(O)ccc2o1,10,chembal.csv,0,QSZSCUZHHCRPOC-UHFFFAOYSA-N,406.482,3.531,82.78,2,5,6,4,3
CHEMBL4294701,COc1cccc2oc(C(=O)NCCC3CCN(Cc4ccccc4)CC3)cc(=O)c12,10,chembal.csv,0,FOEMWEVHSFNASA-UHFFFAOYSA-N,420.509,3.834,71.78,1,5,7,4,3
CHEMBL4287889,COc1ccc2oc(C(=O)NCC3CCN(Cc4ccccc4)CC3)cc(=O)c2c1,10,chembal.csv,0,SOTHYLMUQRADIY-UHFFFAOYSA-N,406.482,3.444,71.78,1,5,6,4,3
CHEMBL4282527,COc1ccc2c(=O)cc(C(=O)NCCC3CCN(Cc4ccccc4)CC3)[nH]c2c1,10,chembal.csv,0,SULOYNMFUTYGFY-UHFFFAOYSA-N,419.525,3.569,74.43,2,4,7,4,3
CHEMBL4287548,COc1ccc2[nH]c(C(=O)NCCC3CCN(Cc4ccccc4)CC3)cc(=O)c2c1,10,chembal.csv,0,SEVMHMBWJUMZRY-UHFFFAOYSA-N,419.525,3.569,74.43,2,4,7,4,3
CHEMBL4285912,O=C(NCCC1CCN(Cc2ccccc2)CC1)c1cc(=O)c2cccc(O)c2[nH]1,10,chembal.csv,0,AZLXAYYWUXDYQA-UHFFFAOYSA-N,405.498,3.266,85.43,3,4,6,4,3
CHEMBL4277332,O=C(NCCC1CCN(Cc2ccccc2)CC1)c1cc(=O)c2c(O)cc(O)cc2o1,10,chembal.csv,0,JJLKMCMOKOTMJV-UHFFFAOYSA-N,422.481,3.236,103.01,3,6,6,4,3
CHEMBL4290401,COc1cccc2c(=O)cc(C(=O)NCCC3CCN(Cc4ccccc4)CC3)[nH]c12,10,chembal.csv,0,FBFKJAVMNOHJDT-UHFFFAOYSA-N,419.525,3.569,74.43,2,4,7,4,3
CHEMBL4295144,COc1cc2oc(C(=O)NCC3CCN(Cc4ccccc4)CC3)cc(=O)c2cc1OC,10,chembal.csv,0,HLYHYHXLXCHNNE-UHFFFAOYSA-N,436.508,3.452,81.01,1,6,7,4,3
CHEMBL4292446,COc1cc2oc(C(=O)NC3CCN(Cc4ccccc4)CC3)cc(=O)c2cc1OC,10,chembal.csv,0,LPAILSHOHFNZBM-UHFFFAOYSA-N,422.481,3.205,81.01,1,6,6,4,3
CHEMBL5407485,Nc1nonc1-c1nc2ccccc2n1CC(=O)Nc1cc(F)cc(F)c1,3.685,chembal.csv,0,YSSAWFZYJXYMDY-UHFFFAOYSA-N,370.319,2.585,111.86,2,7,4,4,4
CHEMBL3823317,COc1ccc2[nH]cc(CCNC(=O)CC3CCN(Cc4ccccc4C)CC3)c2c1,1.03,chembal.csv,0,YIQUNQOTSWAGGT-UHFFFAOYSA-N,419.569,4.446,57.36,2,3,8,4,3
CHEMBL3822790,COc1ccc2[nH]cc(CCNC(=O)CC3CCN(Cc4ccc(C)cc4)CC3)c2c1,1.06,chembal.csv,0,CAKSHRZUNPHCQP-UHFFFAOYSA-N,419.569,4.446,57.36,2,3,8,4,3
CHEMBL3628067,COc1ccc2[nH]cc(CCNC(=O)/C=C/c3cc[n+](Cc4cccc(F)c4)cc3)c2c1,1.1,chembal.csv,0,HZYMIOCWOBIPFO-VMPITWQZSA-O,430.503,4.024,58,2,2,8,4,4
CHEMBL4869432,COc1ccc2c3c1O[C@H]1C[C@@H](O)C=C[C@@]31CCN(CCCCc1cn(CCCCC(=O)NCCc3c[nH]c4ccccc34)nn1)C2,1.292,chembal.csv,0,XCWQKCHWOQFCQT-FIKWBYJGSA-N,638.813,4.845,117.53,3,8,14,7,4
CHEMBL3823538,COc1ccc2[nH]cc(CCNC(=O)CC3CCN(Cc4cccc(C)c4)CC3)c2c1,1.4,chembal.csv,0,NQRYVGBVQHMKOV-UHFFFAOYSA-N,419.569,4.446,57.36,2,3,8,4,3
CHEMBL3824239,Cc1ccccc1CN1CCC(CC(=O)NCCc2c[nH]c3ccccc23)CC1,1.42,chembal.csv,0,LZDWBBQKRMLWKK-UHFFFAOYSA-N,389.543,4.437,48.13,2,2,7,4,3
CHEMBL4866752,COc1ccc2[nH]cc(CCNC(=O)Cn3cc(CCCCN(C)CCCC4c5cc(OC)c(OC)cc5CCN4C)nn3)c2c1,1.6,chembal.csv,0,QNQQDGVPEJIAKF-UHFFFAOYSA-N,631.822,4.408,109.77,2,9,17,5,4
CHEMBL5071046,CON(C)C(=O)Oc1ccccc1C(=O)NCCc1c[nH]c2ccccc12,1.84,chembal.csv,0,HMRQNXQTMJUDBQ-UHFFFAOYSA-N,367.405,3.132,83.66,2,4,6,3,3
CHEMBL3824057,O=C(NCCc1c[nH]c2ccccc12)C1CCN(Cc2ccccc2)CC1,2,chembal.csv,0,QTSKGKRAUSQIQD-UHFFFAOYSA-N,361.489,3.739,48.13,2,2,6,4,3
CHEMBL4845956,COc1ccc2[nH]cc(CCNC(=O)CCCCn3cc(CN4CC[C@@]56C=C[C@H](O)C[C@@H]5Oc5c(OC)ccc(c56)C4)nn3)c2c1,2.017,chembal.csv,0,GHNRWPLXCBXYEM-HFYPTWNKSA-N,626.758,4.031,126.76,3,9,12,7,4
CHEMBL3824362,COc1ccc2[nH]cc(CCNC(=O)C3CCN(Cc4ccccc4)CC3)c2c1,2.21,chembal.csv,0,FYNDPJGSQYTAKR-UHFFFAOYSA-N,391.515,3.747,57.36,2,3,7,4,3
CHEMBL3628066,COc1ccc2[nH]cc(CCNC(=O)/C=C/c3cc[n+](Cc4ccccc4F)cc3)c2c1,2.3,chembal.csv,0,WRQXZMWDSMWNLN-RMKNXTFCSA-O,430.503,4.024,58,2,2,8,4,4
CHEMBL3628055,O=C(NCCc1c[nH]c2ccccc12)c1cc[n+](Cc2ccccc2)cc1,2.8,chembal.csv,0,POYGDFGWFNUJTP-UHFFFAOYSA-O,356.449,3.476,48.77,2,1,6,4,4
CHEMBL3823578,COc1ccc2[nH]cc(CCNC(=O)C3CCN(Cc4ccccc4C)CC3)c2c1,3.01,chembal.csv,0,VITNUIFTUFCBDI-UHFFFAOYSA-N,405.542,4.056,57.36,2,3,7,4,3
CHEMBL3628056,O=C(NCCc1c[nH]c2ccccc12)c1cc[n+](Cc2ccccc2F)cc1,4.1,chembal.csv,0,QYWAWICPVJULDS-UHFFFAOYSA-O,374.439,3.615,48.77,2,1,6,4,4
CHEMBL4864004,COc1ccc2[nH]c(CCNC(=O)CCCn3cc(CCCCN4CCc5cc(OC)c(OC)cc5C4CCCN4C(=O)c5ccccc5C4=O)nn3)cc2c1,4.6,chembal.csv,0,RPUGJNGKBHPNKQ-UHFFFAOYSA-N,761.924,5.923,143.91,2,10,19,7,5
CHEMBL3628058,O=C(NCCc1c[nH]c2ccccc12)c1cc[n+](Cc2ccc(F)cc2)cc1,4.8,chembal.csv,0,ICUGREZPKCKXFF-UHFFFAOYSA-O,374.439,3.615,48.77,2,1,6,4,4
CHEMBL3628057,O=C(NCCc1c[nH]c2ccccc12)c1cc[n+](Cc2cccc(F)c2)cc1,5.1,chembal.csv,0,MDLWLYHQPBQWFO-UHFFFAOYSA-O,374.439,3.615,48.77,2,1,6,4,4
CHEMBL3628059,Cc1cccc(C[n+]2ccc(C(=O)NCCc3c[nH]c4ccccc34)cc2)c1,5.8,chembal.csv,0,SRZVTLOAZSAJRJ-UHFFFAOYSA-O,370.476,3.785,48.77,2,1,6,4,4
CHEMBL3628062,COc1ccc2[nH]cc(CCNC(=O)c3cc[n+](Cc4ccccc4F)cc3)c2c1,6.8,chembal.csv,0,LUUAGTRYWAFYQI-UHFFFAOYSA-O,404.465,3.624,58,2,2,7,4,4
CHEMBL3628064,COc1ccc2[nH]cc(CCNC(=O)c3cc[n+](Cc4ccc(F)cc4)cc3)c2c1,7.5,chembal.csv,0,URBXWDLHACBZLA-UHFFFAOYSA-O,404.465,3.624,58,2,2,7,4,4
CHEMBL3628063,COc1ccc2[nH]cc(CCNC(=O)c3cc[n+](Cc4cccc(F)c4)cc3)c2c1,7.9,chembal.csv,0,WYPOTYDAEGSEFA-UHFFFAOYSA-O,404.465,3.624,58,2,2,7,4,4
CHEMBL4854555,COc1ccc2[nH]cc(CCNC(=O)Cn3cc(CN4CC[C@@]56C=C[C@H](O)C[C@@H]5Oc5c(OC)ccc(c56)C4)nn3)c2c1,8.845,chembal.csv,0,BONSTVLWAPBWEJ-LZZMJICFSA-N,584.677,2.861,126.76,3,9,9,7,4
CHEMBL3628060,Cc1ccc(C[n+]2ccc(C(=O)NCCc3c[nH]c4ccccc34)cc2)cc1,8.9,chembal.csv,0,YWXDWURUBMGRIF-UHFFFAOYSA-O,370.476,3.785,48.77,2,1,6,4,4
CHEMBL4849687,COc1ccc2[nH]cc(CCNC(=O)Cn3cc(CN4CCc5cc(OC)c(OC)cc5C4CCCN4C(=O)c5ccccc5C4=O)nn3)c2c1,26.2,chembal.csv,0,JLEUABRXWVMKHP-UHFFFAOYSA-N,691.789,4.32,143.91,2,10,14,7,5
CHEMBL4850061,COc1ccc2[nH]c(CCNC(=O)Cn3cc(CCCCN4CCc5cc(OC)c(OC)cc5C4CCCN4C(=O)c5ccccc5C4=O)nn3)cc2c1,57.2,chembal.csv,0,PVOZASPPODCCEN-UHFFFAOYSA-N,733.87,5.143,143.91,2,10,17,7,5
CHEMBL327135,CN(C)Cc1ccc(CSCCNc2cc(Oc3ccc([N+](=O)[O-])cc3)c([N+](=O)[O-])cc2[N+](=O)[O-])o1,1.1,chembal.csv,0,LCSLDZZBWHBLFA-UHFFFAOYSA-N,517.52,5.203,167.06,1,11,13,3,3
CHEMBL107254,CN(C)Cc1ccc(CSCCNc2cc(Nc3ccc(F)cc3)c([N+](=O)[O-])cc2[N+](=O)[O-])o1,1.1,chembal.csv,0,YXBRWTPSYYDWIO-UHFFFAOYSA-N,489.529,5.386,126.72,2,9,12,3,3
CHEMBL12781,CN(C)Cc1ccc(CSCc2ccc(-c3ccc(CSCc4ccc(CN(C)C)o4)cc3)cc2)o1,1.3,chembal.csv,0,RVVWDYHZWLAHCI-UHFFFAOYSA-N,520.764,7.53,32.76,0,6,13,4,4
CHEMBL13206,CN(C)Cc1ccc(CSCCN/C=C(/NCCSCc2ccc(CN(C)C)o2)[N+](=O)[O-])o1,1.3,chembal.csv,0,ARSAQZQCCQIFRU-XKZIYDEJSA-N,497.687,3.417,99.96,2,10,17,2,2
CHEMBL106936,CN(C)Cc1ccc(CSCCNc2cc(NCc3ccccc3)c([N+](=O)[O-])cc2[N+](=O)[O-])o1,1.3,chembal.csv,0,ZXWMHVSJDRFKHN-UHFFFAOYSA-N,485.566,5.115,126.72,2,9,13,3,3
CHEMBL106348,CN(C)CCNc1cc(NCCSCc2ccc(CN(C)C)o2)c([N+](=O)[O-])cc1[N+](=O)[O-],1.4,chembal.csv,0,LFSPBUWIBYIALD-UHFFFAOYSA-N,466.564,3.476,129.96,2,10,14,2,2
CHEMBL108163,CN(C)Cc1ccc(CSCCNc2cc(Nc3ccccc3)c([N+](=O)[O-])cc2[N+](=O)[O-])o1,1.6,chembal.csv,0,GXKOKBLWYHLOTL-UHFFFAOYSA-N,471.539,5.247,126.72,2,9,12,3,3
CHEMBL316973,CN(C)Cc1ccc(CSCCNc2ccc([N+](=O)[O-])cc2[N+](=O)[O-])o1,1.8,chembal.csv,0,GWLYGKHENDIOMW-UHFFFAOYSA-N,380.426,3.503,114.69,1,8,10,2,2
CHEMBL106082,CN(C)Cc1ccc(CSCCNc2cc(Nc3ccccc3C#N)c([N+](=O)[O-])cc2[N+](=O)[O-])o1,1.8,chembal.csv,0,MVJGXHDGHVCSQW-UHFFFAOYSA-N,496.549,5.118,150.51,2,10,12,3,3
CHEMBL13426,CN(C)Cc1ccc(CSCCCCCCCSCc2ccc(CN(C)C)o2)o1,1.9,chembal.csv,0,NOWQNKKWTMXZLC-UHFFFAOYSA-N,438.703,6.113,32.76,0,6,16,2,2
CHEMBL418714,CN(C)Cc1ccc(CSCCCCCCCCSCc2ccc(CN(C)C)o2)o1,1.9,chembal.csv,0,CINOACUWPXQJTR-UHFFFAOYSA-N,452.73,6.503,32.76,0,6,17,2,2
CHEMBL107892,CN(C)Cc1ccc(CSCCNc2cc(N)c([N+](=O)[O-])cc2[N+](=O)[O-])o1,2.4,chembal.csv,0,HAFSYIUXFNUVMN-UHFFFAOYSA-N,395.441,3.085,140.71,2,9,10,2,2
CHEMBL12858,CN(C)Cc1ccc(CSCCNC(=NC#N)NCCSCc2ccc(CN(C)C)o2)o1,2.4,chembal.csv,0,LPWXASFIPNYFQP-UHFFFAOYSA-N,478.688,3.179,92.97,2,8,14,2,2
CHEMBL12472,CN(C)Cc1ccc(CSCc2ccc(CSCc3ccc(CN(C)C)o3)cc2)o1,2.7,chembal.csv,0,BKKRKDDJCRFGHJ-UHFFFAOYSA-N,444.666,5.863,32.76,0,6,12,3,3
CHEMBL268499,CN(C)Cc1ccc(CSCCCCCCSCc2ccc(CN(C)C)o2)o1,2.9,chembal.csv,0,ZRDXAEKCZXNZEQ-UHFFFAOYSA-N,424.676,5.723,32.76,0,6,15,2,2
CHEMBL12937,CN(C)Cc1ccc(CSCCCCSCc2ccc(CN(C)C)o2)o1,3.1,chembal.csv,0,QLQLZILPUSPCNJ-UHFFFAOYSA-N,396.622,4.943,32.76,0,6,13,2,2
CHEMBL320291,CNc1cc(NCCSCc2ccc(CN(C)C)o2)c([N+](=O)[O-])cc1[N+](=O)[O-],3.3,chembal.csv,0,GUSIEDDJDIMRDC-UHFFFAOYSA-N,409.468,3.545,126.72,2,9,11,2,2
CHEMBL104355,CN(C)Cc1ccc(CSCCNc2ccc(F)cc2[N+](=O)[O-])o1,3.3,chembal.csv,0,NEZXWTGSAGKVIL-UHFFFAOYSA-N,353.419,3.734,71.55,1,6,9,2,2
CHEMBL13166,CN(C)Cc1ccc(CSCCCCCSCc2ccc(CN(C)C)o2)o1,3.6,chembal.csv,0,DCTRPSAPKPORBP-UHFFFAOYSA-N,410.649,5.333,32.76,0,6,14,2,2
CHEMBL106782,CCCNc1cc(NCCSCc2ccc(CN(C)C)o2)c([N+](=O)[O-])cc1[N+](=O)[O-],3.8,chembal.csv,0,JONYPUKQVRMTRD-UHFFFAOYSA-N,437.522,4.325,126.72,2,9,13,2,2
CHEMBL104681,CN(C)Cc1ccc(CSCCNc2cc(F)c([N+](=O)[O-])cc2[N+](=O)[O-])o1,3.8,chembal.csv,0,LAFTTYMJFZRMQP-UHFFFAOYSA-N,398.416,3.642,114.69,1,8,10,2,2
CHEMBL275537,CN(C)Cc1ccc(CSCCCSCc2ccc(CN(C)C)o2)o1,4.1,chembal.csv,0,ZYKGNFBRZVTSQT-UHFFFAOYSA-N,382.595,4.553,32.76,0,6,12,2,2
CHEMBL13308,CN(C)Cc1ccc(CSCCSCc2ccc(CN(C)C)o2)o1,4.3,chembal.csv,0,BFYPXOUNPUWUNL-UHFFFAOYSA-N,368.568,4.162,32.76,0,6,11,2,2
CHEMBL318517,CN(C)Cc1ccc(CSCCNc2cc(NCCCN3CCOCC3)c([N+](=O)[O-])cc2[N+](=O)[O-])o1,4.7,chembal.csv,0,YCFVMRRJBBQZHF-UHFFFAOYSA-N,522.628,3.637,139.19,2,11,15,3,2
CHEMBL321605,CN(C)Cc1ccc(CSCCNc2cc(NN)c([N+](=O)[O-])cc2[N+](=O)[O-])o1,5.1,chembal.csv,0,PJCKCTODZPQSKT-UHFFFAOYSA-N,410.456,2.788,152.74,3,10,11,2,2
CHEMBL106344,CN(C)Cc1ccc(CSCCNc2cc(NCc3ccccn3)c([N+](=O)[O-])cc2[N+](=O)[O-])o1,5.2,chembal.csv,0,IBNAPGSCYPCZRO-UHFFFAOYSA-N,486.554,4.51,139.61,2,10,13,3,3
CHEMBL107673,CN(C)Cc1ccc(CSCCNc2cc(NCc3cccnc3)c([N+](=O)[O-])cc2[N+](=O)[O-])o1,6.1,chembal.csv,0,NMIVJPRSJCLQCG-UHFFFAOYSA-N,486.554,4.51,139.61,2,10,13,3,3
CHEMBL106932,CC(C)=NNc1cc(NCCSCc2ccc(CN(C)C)o2)c([N+](=O)[O-])cc1[N+](=O)[O-],8.4,chembal.csv,0,FXEKYXNHJDVDPK-UHFFFAOYSA-N,450.521,4.311,139.08,2,10,12,2,2
CHEMBL321808,CN(C)Cc1ccc(CSCCNc2nnccc2[N+](=O)[O-])o1,10,chembal.csv,0,YSANROTYHBNTDV-UHFFFAOYSA-N,337.405,2.385,97.33,1,8,9,2,2
CHEMBL104334,CN(C)Cc1ccc(CSCCNc2cc(Nc3ncccc3[N+](=O)[O-])c([N+](=O)[O-])cc2[N+](=O)[O-])o1,18,chembal.csv,0,FYRCWIJBSJSDHG-UHFFFAOYSA-N,517.524,4.55,182.75,2,12,13,3,3
CHEMBL4539701,COc1ccc(-c2oc3ccccc3c2C(=O)c2ccc(OCCCCCN(C)Cc3ccccc3)cc2)cc1,1.09,chembal.csv,0,DKWADMRWUAEMEK-UHFFFAOYSA-N,533.668,8.021,51.91,0,5,13,5,5
CHEMBL225615,COc1ccc(OC)c(CN(C)CCCCCCCOc2ccc3c(=O)c4ccccc4oc3c2)c1,1.27,chembal.csv,0,ZRUXMMSRIDNTPQ-UHFFFAOYSA-N,489.612,6.425,61.14,0,6,13,4,4
CHEMBL2160231,COc1cccc(C(=O)c2c(-c3cccc(OCCCCCCCN(C)Cc4ccccc4)c3)oc3ccccc23)c1,1.37,chembal.csv,0,PYHGCNIYRRGMIK-UHFFFAOYSA-N,561.722,8.801,51.91,0,5,15,5,5
CHEMBL390737,CN(CCCCCCOc1ccc2c(=O)c3ccccc3oc2c1)Cc1ccccc1,1.43,chembal.csv,0,NKJXMWCNCBVIAA-UHFFFAOYSA-N,415.533,6.017,42.68,0,4,10,4,4
CHEMBL2160223,CCN(CC)CCOc1cccc(C(=O)c2c(-c3ccc(OCCCCCCCN(C)Cc4ccccc4)cc3)oc3ccccc23)c1,1.81,chembal.csv,0,VKYASPBNOSOSCP-UHFFFAOYSA-N,646.872,9.513,55.15,0,6,20,5,5
CHEMBL455790,Cc1ccc(C(=O)c2c(-c3ccc(OCCCCCCCN(C)Cc4ccccc4)cc3)oc3ccccc23)cc1,1.82,chembal.csv,0,ASTZQAAKBGEWAA-UHFFFAOYSA-N,545.723,9.101,42.68,0,4,14,5,5
CHEMBL511948,CC(=O)c1c(-c2ccc(OCCCCCCCN(C)Cc3ccccc3)cc2)oc2ccccc12,1.83,chembal.csv,0,BPXXDQJYLUMYSC-UHFFFAOYSA-N,469.625,7.764,42.68,0,4,13,4,4
CHEMBL225451,COc1cccc(CN(C)CCCCCCCOc2ccc3c(=O)c4ccccc4oc3c2)c1,1.85,chembal.csv,0,BNLAZRSQWDVIQK-UHFFFAOYSA-N,459.586,6.416,51.91,0,5,12,4,4
CHEMBL390083,COc1ccccc1CN(C)CCCOc1ccc2c(=O)c3ccccc3oc2c1,1.91,chembal.csv,0,VQPIMTWJBHRDFH-UHFFFAOYSA-N,403.478,4.856,51.91,0,5,8,4,4
CHEMBL2160230,COc1ccccc1C(=O)c1c(-c2cccc(OCCCCCCCN(C)Cc3ccccc3)c2)oc2ccccc12,1.97,chembal.csv,0,JLERCSLLIVKOQE-UHFFFAOYSA-N,561.722,8.801,51.91,0,5,15,5,5
CHEMBL389668,COc1cccc(CN(C)CCCCCCCOc2ccc3c(=O)c4ccccc4oc3c2)c1OC,2.01,chembal.csv,0,JOXSKBDBLVTCPF-UHFFFAOYSA-N,489.612,6.425,61.14,0,6,13,4,4
CHEMBL225396,COc1ccc(CN(C)CCCCCCCOc2ccc3c(=O)c4ccccc4oc3c2)cc1,2.11,chembal.csv,0,LARYSHBOMUVFBF-UHFFFAOYSA-N,459.586,6.416,51.91,0,5,12,4,4
CHEMBL427249,CN(CCCCCOc1ccc2c(=O)c3ccccc3oc2c1)Cc1ccccc1,2.49,chembal.csv,0,NDUSIOVFIPORBY-UHFFFAOYSA-N,401.506,5.627,42.68,0,4,9,4,4
CHEMBL2160233,COc1ccc(C(=O)c2c(-c3cccc(OCCCCCCCN(C)Cc4ccccc4)c3)oc3ccccc23)cc1OC,2.51,chembal.csv,0,PFHADHZVZJHAFZ-UHFFFAOYSA-N,591.748,8.809,61.14,0,6,16,5,5
CHEMBL225611,CN(CCCCOc1ccc2c(=O)c3ccccc3oc2c1)Cc1ccccc1,2.65,chembal.csv,0,VUBALVZUDJIWHQ-UHFFFAOYSA-N,387.479,5.237,42.68,0,4,8,4,4
CHEMBL2160227,CN(CCCCCCCOc1cccc(-c2oc3ccccc3c2C(=O)c2ccccc2)c1)Cc1ccccc1,2.88,chembal.csv,0,RLVQAAQOGNZVOX-UHFFFAOYSA-N,531.696,8.792,42.68,0,4,14,5,5
CHEMBL2160216,CN(CCCCCCCOc1cccc(-c2cc3ccccc3o2)c1)Cc1ccccc1,3,chembal.csv,0,KZCBXFYBDMOIIA-UHFFFAOYSA-N,427.588,7.561,25.61,0,3,12,4,4
CHEMBL2160232,COc1cccc(C(=O)c2c(-c3cccc(OCCCCCCCN(C)Cc4ccccc4)c3)oc3ccccc23)c1OC,3.01,chembal.csv,0,AMBLFDLOEOETKY-UHFFFAOYSA-N,591.748,8.809,61.14,0,6,16,5,5
CHEMBL224981,COc1cc2oc3cc(OCCCCCCCN(C)Cc4ccccc4)ccc3c(=O)c2cc1OC,3.08,chembal.csv,0,YXLAGEWUVMLQRD-UHFFFAOYSA-N,489.612,6.425,61.14,0,6,13,4,4
CHEMBL2160221,CCN(CC)Cc1cccc(C(=O)c2c(-c3ccc(OCCCCCCCN(C)Cc4ccccc4)cc3)oc3ccccc23)c1,3.18,chembal.csv,0,SEZGYMIBCAGZIQ-UHFFFAOYSA-N,616.846,9.634,45.92,0,5,18,5,5
CHEMBL4543379,COc1ccc(-c2oc3ccccc3c2C(=O)c2ccc(N(Cc3ccc(F)cc3)Cc3ccc(F)cc3)cc2)cc1,6.03,chembal.csv,0,RZEPGTDUDJXOHZ-UHFFFAOYSA-N,559.612,8.824,42.68,0,4,9,6,6
CHEMBL3335068,CN(CCCCOc1ccc2c(c1)oc(=O)c1ccccc12)Cc1ccccc1,6.5,chembal.csv,0,MCFWJVVIIHDYGY-UHFFFAOYSA-N,387.479,5.237,42.68,0,4,8,4,4
CHEMBL2160213,CN(CCCCCOc1ccc(-c2cc3ccccc3o2)cc1)Cc1ccccc1,6.6,chembal.csv,0,HAQVBTLDCOHCPC-UHFFFAOYSA-N,399.534,6.781,25.61,0,3,10,4,4
CHEMBL2160214,CN(CCCCCCCCOc1ccc(-c2cc3ccccc3o2)cc1)Cc1ccccc1,7.47,chembal.csv,0,XJDLLFSQHKHBTJ-UHFFFAOYSA-N,441.615,7.951,25.61,0,3,13,4,4
CHEMBL225610,CN(CCCOc1ccc2c(=O)c3ccccc3oc2c1)Cc1ccccc1,8.33,chembal.csv,0,OTLLABLRJBVBHD-UHFFFAOYSA-N,373.452,4.847,42.68,0,4,7,4,4
CHEMBL2160222,CCN(CC)Cc1ccc(C(=O)c2c(-c3ccc(OCCCCCCCN(C)Cc4ccccc4)cc3)oc3ccccc23)cc1,9.42,chembal.csv,0,NXNBTJXXHOISND-UHFFFAOYSA-N,616.846,9.634,45.92,0,5,18,5,5
CHEMBL4442586,COc1ccc(-c2oc3ccccc3c2C(=O)c2ccc(N(Cc3cc(F)cc(F)c3)Cc3cc(F)cc(F)c3)cc2)cc1,11.7,chembal.csv,0,WCGAXZMSFZPYAZ-UHFFFAOYSA-N,595.592,9.103,42.68,0,4,9,6,6
CHEMBL224811,CN(CCCCCCCOc1ccc2c(=O)c3ccccc3oc2c1)Cc1ccccc1[N+](=O)[O-],14,chembal.csv,0,LBPFDUWOEXLOIT-UHFFFAOYSA-N,474.557,6.316,85.82,0,6,12,4,4
CHEMBL4587421,COc1ccc(-c2oc3ccccc3c2C(=O)c2ccc(OCCN(C)Cc3ccccc3)cc2)cc1,14,chembal.csv,0,KCWJROIGSAMCNO-UHFFFAOYSA-N,491.587,6.85,51.91,0,5,10,5,5
CHEMBL3335056,CN(CCOc1ccc2c(c1)oc(=O)c1ccccc12)Cc1ccccc1,14.1,chembal.csv,0,WLMCUWNVWHWZRR-UHFFFAOYSA-N,359.425,4.457,42.68,0,4,6,4,4
CHEMBL3335062,CN(CCCOc1ccc2c(c1)oc(=O)c1ccccc12)Cc1ccccc1,14.9,chembal.csv,0,VWMVVTZSFRCBOF-UHFFFAOYSA-N,373.452,4.847,42.68,0,4,7,4,4
CHEMBL4783427,CCN(CCCCOc1ccc(-c2cc(=O)c3c(O)cc(OCCCCN(CC)Cc4ccccc4)cc3o2)cc1)Cc1ccccc1,15.3,chembal.csv,0,ZLKRKOVDOXDQDL-UHFFFAOYSA-N,648.844,8.528,75.38,1,7,19,5,5
CHEMBL3335031,CN(CCCOc1ccc2c3c(c(=O)oc2c1)CCCC3)Cc1ccccc1,15.9,chembal.csv,0,HUWWMDRBFQAIAI-UHFFFAOYSA-N,377.484,4.573,42.68,0,4,7,4,3
CHEMBL3335069,COc1cccc(CN(C)CCCCOc2ccc3c(c2)oc(=O)c2ccccc23)c1,17.6,chembal.csv,0,XLWGGHNMHFSNAQ-UHFFFAOYSA-N,417.505,5.246,51.91,0,5,9,4,4
CHEMBL3335050,CN(CCCCOc1ccc2c3c(c(=O)oc2c1)CCCC3)Cc1ccccc1,18.9,chembal.csv,0,WSKTVSBIHWPZCM-UHFFFAOYSA-N,391.511,4.963,42.68,0,4,8,4,3
CHEMBL2160225,CN(CCCCCCCOc1ccc(-c2oc3ccccc3c2C(=O)c2ccc(OCCN3CCOCC3)cc2)cc1)Cc1ccccc1,21,chembal.csv,0,KNDNTYBIRAVLQO-UHFFFAOYSA-N,660.855,8.503,64.38,0,7,18,6,5
CHEMBL447857,COc1cccc(C(=O)c2c(-c3ccc(OCCCCCCCN(C)Cc4ccccc4)cc3)oc3ccccc23)c1,21.7,chembal.csv,0,BOVRTYYXYHNWRY-UHFFFAOYSA-N,561.722,8.801,51.91,0,5,15,5,5
CHEMBL2160224,CCN(CC)CCOc1ccc(C(=O)c2c(-c3ccc(OCCCCCCCN(C)Cc4ccccc4)cc3)oc3ccccc23)cc1,23,chembal.csv,0,IVJZUABZNFOIQZ-UHFFFAOYSA-N,646.872,9.513,55.15,0,6,20,5,5
CHEMBL3335063,COc1cccc(CN(C)CCCOc2ccc3c(c2)oc(=O)c2ccccc23)c1,29.2,chembal.csv,0,AODGUHXAKIDWEC-UHFFFAOYSA-N,403.478,4.856,51.91,0,5,8,4,4
CHEMBL225638,Cc1ccccc1CN(C)CCCCCCCOc1ccc2c(=O)c3ccccc3oc2c1,29.5,chembal.csv,0,RKGSMPSZTMTTKP-UHFFFAOYSA-N,443.587,6.716,42.68,0,4,11,4,4
CHEMBL3335057,COc1cccc(CN(C)CCOc2ccc3c(c2)oc(=O)c2ccccc23)c1,33.2,chembal.csv,0,GSAZAEPRQPHTHJ-UHFFFAOYSA-N,389.451,4.466,51.91,0,5,7,4,4
CHEMBL511575,CN(CCCCCCCOc1ccc(-c2oc3ccccc3c2C(=O)c2ccccc2)cc1)Cc1ccccc1,38.1,chembal.csv,0,HBYBQDJZTXGWDU-UHFFFAOYSA-N,531.696,8.792,42.68,0,4,14,5,5
CHEMBL3335032,COc1cccc(CN(C)CCCOc2ccc3c4c(c(=O)oc3c2)CCCC4)c1,40,chembal.csv,0,ITYHQJQWDFKQFQ-UHFFFAOYSA-N,407.51,4.581,51.91,0,5,8,4,3
CHEMBL3335025,CN(CCOc1ccc2c3c(c(=O)oc2c1)CCCC3)Cc1ccccc1,40,chembal.csv,0,YCPZOCGKKJAVJI-UHFFFAOYSA-N,363.457,4.183,42.68,0,4,6,4,3
CHEMBL3335026,COc1cccc(CN(C)CCOc2ccc3c4c(c(=O)oc3c2)CCCC4)c1,40,chembal.csv,0,GUPUZWRGJITBCC-UHFFFAOYSA-N,393.483,4.191,51.91,0,5,7,4,3
CHEMBL3335051,COc1cccc(CN(C)CCCCOc2ccc3c4c(c(=O)oc3c2)CCCC4)c1,40,chembal.csv,0,KEYLOFFNMVKPSA-UHFFFAOYSA-N,421.537,4.971,51.91,0,5,9,4,3
CHEMBL506588,Cc1cccc(C(=O)c2c(-c3ccc(OCCCCCCCN(C)Cc4ccccc4)cc3)oc3ccccc23)c1,40.9,chembal.csv,0,AHIJSWWERBQPLK-UHFFFAOYSA-N,545.723,9.101,42.68,0,4,14,5,5
CHEMBL2160229,Cc1ccc(C(=O)c2c(-c3cccc(OCCCCCCCN(C)Cc4ccccc4)c3)oc3ccccc23)cc1,43.9,chembal.csv,0,NUGRWCOCRSLONK-UHFFFAOYSA-N,545.723,9.101,42.68,0,4,14,5,5
CHEMBL225366,COc1ccc2c(=O)c3ccc(OCCCCCCCN(C)Cc4ccccc4)cc3oc2c1,46.1,chembal.csv,0,OTZUHGHWYCAPIJ-UHFFFAOYSA-N,459.586,6.416,51.91,0,5,12,4,4
CHEMBL2160215,CN(CCCCCCCCCOc1ccc(-c2cc3ccccc3o2)cc1)Cc1ccccc1,55.6,chembal.csv,0,QXYCOIOLVQHBGR-UHFFFAOYSA-N,455.642,8.341,25.61,0,3,14,4,4
CHEMBL2160217,CN(CCCCCCCOc1ccc(-c2oc3ccccc3c2C(=O)c2cccc3ccccc23)cc1)Cc1ccccc1,60.1,chembal.csv,0,NYQBQOPAOPOYLH-UHFFFAOYSA-N,581.756,9.945,42.68,0,4,14,6,6
CHEMBL375976,CN(CCCCCCCOc1ccc2c(=O)c3ccccc3oc2c1)Cc1cccc(Cl)c1,63.8,chembal.csv,0,QWWJOLBHYPHYJX-UHFFFAOYSA-N,464.005,7.061,42.68,0,4,11,4,4
CHEMBL504674,COc1ccc(C(=O)c2c(-c3ccc(OCCCCCCCN(C)Cc4ccccc4)cc3)oc3ccccc23)cc1OC,74.1,chembal.csv,0,NDOHZAGMPVHUIH-UHFFFAOYSA-N,591.748,8.809,61.14,0,6,16,5,5
CHEMBL2160220,CN(CCCCCCCOc1ccc(-c2oc3ccccc3c2C(=O)c2c3ccccc3cc3ccccc23)cc1)Cc1ccccc1,81.2,chembal.csv,0,YWVLMTJDVUKFGW-UHFFFAOYSA-N,631.816,11.098,42.68,0,4,14,7,7
CHEMBL2160219,CN(CCCCCCCOc1ccc(-c2oc3ccccc3c2C(=O)c2ccc(-c3ccccc3)cc2)cc1)Cc1ccccc1,88.9,chembal.csv,0,OLFQQYIGGPZATM-UHFFFAOYSA-N,607.794,10.459,42.68,0,4,15,6,6
CHEMBL2160218,CN(CCCCCCCOc1ccc(-c2oc3ccccc3c2C(=O)c2ccc3ccccc3c2)cc1)Cc1ccccc1,89.1,chembal.csv,0,YSMXCVGNCVNXGB-UHFFFAOYSA-N,581.756,9.945,42.68,0,4,14,6,6
CHEMBL444427,COc1ccc(C(=O)c2c(-c3ccc(OCCCCCCCN(C)Cc4ccccc4)cc3)oc3ccccc23)cc1,89.1,chembal.csv,0,IHWOSWQIPFQQBL-UHFFFAOYSA-N,561.722,8.801,51.91,0,5,15,5,5
CHEMBL223652,CN(CCCCCCCOc1ccc2c(=O)c3ccccc3oc2c1)Cc1ccc(Cl)cc1,127,chembal.csv,0,MPTMPRNBEUZKIR-UHFFFAOYSA-N,464.005,7.061,42.68,0,4,11,4,4
CHEMBL4527727,COc1ccc(-c2oc3ccccc3c2C(=O)c2ccc(OCCCN(C)Cc3ccccc3)cc2)cc1,135,chembal.csv,0,AVLYOEWIQRRNRY-UHFFFAOYSA-N,505.614,7.24,51.91,0,5,11,5,5
CHEMBL2160212,CN(CCCOc1ccc(-c2cc3ccccc3o2)cc1)Cc1ccccc1,136,chembal.csv,0,PXKJJLMLRTYTNP-UHFFFAOYSA-N,371.48,6.001,25.61,0,3,8,4,4
CHEMBL4552932,COc1ccc(-c2oc3ccccc3c2C(=O)c2ccc(OCCCCN(C)Cc3ccccc3)cc2)cc1,219,chembal.csv,0,SVNRMCMIMMJNDK-UHFFFAOYSA-N,519.641,7.63,51.91,0,5,12,5,5
CHEMBL225453,CN(CCCCCCCOc1ccc2c(=O)c3ccccc3oc2c1)Cc1ccccc1Cl,269,chembal.csv,0,NJRCNEPTYFJBHQ-UHFFFAOYSA-N,464.005,7.061,42.68,0,4,11,4,4
CHEMBL371798,CN(CCCCCCCOc1ccc2c(c1)O/C(=C\c1cccc3ccccc13)C2=O)Cc1cccc(O)c1,4650,chembal.csv,0,VNNYYOOOBVNSEE-NVMPUMLXSA-N,521.657,7.623,59,1,5,12,5,4
CHEMBL4797109,Fc1ccc(/C=N\C2CCN(Cc3ccccc3)C2)cc1,1.052,chembal.csv,0,DEGSUXMFHIVOEM-NDENLUEZSA-N,282.362,3.519,15.6,0,2,4,3,2
CHEMBL4785769,Clc1ccc(/C=N\C2CCN(Cc3ccccc3)C2)cc1,1.184,chembal.csv,0,WTWYZVLQGXCINR-NDENLUEZSA-N,298.817,4.033,15.6,0,2,4,3,2
CHEMBL4794000,Brc1ccc(/C=N\C2CCN(Cc3ccccc3)C2)cc1,1.185,chembal.csv,0,UFQXXDQICIOZAL-NDENLUEZSA-N,343.268,4.143,15.6,0,2,4,3,2
CHEMBL4796846,O=[N+]([O-])c1ccc(CNC2CCN(Cc3ccccc3)C2)cc1,1.363,chembal.csv,0,AQMYHUHZQYKIDD-UHFFFAOYSA-N,311.385,2.959,58.41,1,4,6,3,2
CHEMBL4744470,Fc1ccc(/C=N\C2CCN(Cc3ccccc3)C2)c(F)c1,1.386,chembal.csv,0,QJPWWFHANHHHDO-NHDPSOOVSA-N,300.352,3.658,15.6,0,2,4,3,2
CHEMBL4758638,c1ccc(CNC2CCN(Cc3ccccc3)C2)cc1,1.574,chembal.csv,0,BHEXKVGLZMEJRQ-UHFFFAOYSA-N,266.388,3.051,15.27,1,2,5,3,2
CHEMBL4591651,c1ccc(CC2CCCN(CCNC3CCN(Cc4ccccc4)C3)C2)cc1,1.84,chembal.csv,0,ZCGPBRTYKAWBMD-UHFFFAOYSA-N,377.576,3.805,18.51,1,3,8,4,2
CHEMBL4764465,Oc1ccc(CNC2CCN(Cc3ccccc3)C2)cc1,1.935,chembal.csv,0,AGDPSYPPGBDUIX-UHFFFAOYSA-N,282.387,2.756,35.5,2,3,5,3,2
CHEMBL4792691,FC(F)(F)c1ccc(/C=N\C2CCN(Cc3ccccc3)C2)cc1,2.146,chembal.csv,0,TWJVTBLXKNKWSB-FMCGGJTJSA-N,332.369,4.399,15.6,0,2,4,3,2
CHEMBL4757415,O=[N+]([O-])c1ccc(/C=N\C2CCN(Cc3ccccc3)C2)cc1,2.351,chembal.csv,0,PAQULTPIKMYIGM-UNOMPAQXSA-N,309.369,3.288,58.74,0,4,5,3,2
CHEMBL4755117,Oc1ccc(/C=N\C2CCN(Cc3ccccc3)C2)cc1,2.365,chembal.csv,0,PZHPKJUFRLHDEU-UNOMPAQXSA-N,280.371,3.086,35.83,1,3,4,3,2
CHEMBL4796307,C(=N\C1CCN(Cc2ccccc2)C1)\c1ccccc1,2.684,chembal.csv,0,ZLKPJIXUEUCDST-UYRXBGFRSA-N,264.372,3.38,15.6,0,2,4,3,2
CHEMBL4756849,Oc1ccc(CNC2CCN(Cc3ccccc3)C2)c(O)c1,2.692,chembal.csv,0,NCCVVESLAYPODT-UHFFFAOYSA-N,298.386,2.462,55.73,3,4,5,3,2
CHEMBL4778302,Oc1ccccc1CNC1CCN(Cc2ccccc2)C1,2.727,chembal.csv,0,GMSWYGVWFRVORO-UHFFFAOYSA-N,282.387,2.756,35.5,2,3,5,3,2
CHEMBL4784203,Cc1cccc(CNC2CCN(Cc3ccccc3)C2)c1,2.966,chembal.csv,0,NZIRKSXWIPMIEW-UHFFFAOYSA-N,280.415,3.359,15.27,1,2,5,3,2
CHEMBL4583534,FC(F)(F)c1ccc(CNC2CCN(Cc3ccccc3)CC2)cc1,3,chembal.csv,0,KAYKWKOWEOGULE-UHFFFAOYSA-N,348.412,4.46,15.27,1,2,5,3,2
CHEMBL4443695,Fc1ccc(CNC2CCN(Cc3ccccc3)CC2)c(F)c1,3.1,chembal.csv,0,RWRXVWVTDMVZPB-UHFFFAOYSA-N,316.395,3.719,15.27,1,2,5,3,2
CHEMBL4757216,COc1cc(CNC2CCN(Cc3ccccc3)C2)cc(OC)c1OC,3.221,chembal.csv,0,SYXPKAXGFWBJTP-UHFFFAOYSA-N,356.466,3.077,42.96,1,5,8,3,2
CHEMBL4780232,Oc1ccc(/C=N\C2CCN(Cc3ccccc3)C2)c(O)c1,3.285,chembal.csv,0,IZAYEKLSRQREBG-ODLFYWEKSA-N,296.37,2.791,56.06,2,4,4,3,2
CHEMBL4091169,Clc1ccc(CNC2CCN(Cc3ccccc3)CC2)c(Cl)c1,3.5,chembal.csv,0,SNVYJMWDDMTGPN-UHFFFAOYSA-N,349.305,4.748,15.27,1,2,5,3,2
CHEMBL4587156,FC(F)(F)Oc1ccc(CNC2CCN(Cc3ccccc3)CC2)cc1,3.5,chembal.csv,0,AYNXCVSHNGEPCV-UHFFFAOYSA-N,364.411,4.339,24.5,1,3,6,3,2
CHEMBL4745500,COc1cc(/C=N\C2CCN(Cc3ccccc3)C2)cc(OC)c1OC,3.502,chembal.csv,0,SKKBAZVFTGGGGC-XKZIYDEJSA-N,354.45,3.406,43.29,0,5,7,3,2
CHEMBL1424080,Fc1ccc(CNC2CCN(Cc3ccccc3)CC2)cc1,3.9,chembal.csv,0,WUVQDFKBUGKFCX-UHFFFAOYSA-N,298.405,3.58,15.27,1,2,5,3,2
CHEMBL4575167,FC(F)(F)c1ccc(/C=N/C2CCN(Cc3ccccc3)CC2)cc1,3.9,chembal.csv,0,AXJYQEFCPXMBGY-ZVHZXABRSA-N,346.396,4.789,15.6,0,2,4,3,2
CHEMBL1348834,Clc1ccc(CNC2CCN(Cc3ccccc3)CC2)cc1,4,chembal.csv,0,NQBDQXKOFMTXFA-UHFFFAOYSA-N,314.86,4.094,15.27,1,2,5,3,2
CHEMBL4796199,Oc1ccccc1/C=N\C1CCN(Cc2ccccc2)C1,4.154,chembal.csv,0,ZKSWOPXEHZPXIM-UNOMPAQXSA-N,280.371,3.086,35.83,1,3,4,3,2
CHEMBL4756650,COc1cccc(/C=N\C2CCN(Cc3ccccc3)C2)c1OC,4.266,chembal.csv,0,IPRATKIQYZCEHU-BKUYFWCQSA-N,324.424,3.397,34.06,0,4,6,3,2
CHEMBL4526950,Clc1ccc(/C=N/C2CCN(Cc3ccccc3)CC2)cc1,4.6,chembal.csv,0,ZCUFEVHIUABIOG-KGENOOAVSA-N,312.844,4.424,15.6,0,2,4,3,2
CHEMBL4795118,Cc1ccc(/C=N\C2CCN(Cc3ccccc3)C2)cc1,4.864,chembal.csv,0,SYTFXTBQPNDATE-MOSHPQCFSA-N,278.399,3.688,15.6,0,2,4,3,2
CHEMBL4747185,COc1cccc(CNC2CCN(Cc3ccccc3)C2)c1OC,5.465,chembal.csv,0,FUJGEURJBFJMHI-UHFFFAOYSA-N,326.44,3.068,33.73,1,4,7,3,2
CHEMBL4449445,FC(F)(F)Oc1ccc(/C=N/C2CCN(Cc3ccccc3)CC2)cc1,5.5,chembal.csv,0,QOHKCTPBTRSARF-ZVHZXABRSA-N,362.395,4.669,24.83,0,3,5,3,2
CHEMBL4756674,Cc1cccc(/C=N\C2CCN(Cc3ccccc3)C2)c1,5.785,chembal.csv,0,KQYCJYRXJNDDRY-MOSHPQCFSA-N,278.399,3.688,15.6,0,2,4,3,2
CHEMBL4568264,Clc1ccc(/C=N/C2CCN(Cc3ccccc3)CC2)c(Cl)c1,5.8,chembal.csv,0,KKXQSDTWYAMGIF-LPYMAVHISA-N,347.289,5.077,15.6,0,2,4,3,2
CHEMBL4435826,COc1cccc(CNC2CCN(Cc3ccccc3)CC2)c1OC,7.2,chembal.csv,0,VOWMHOISFVDLCZ-UHFFFAOYSA-N,340.467,3.458,33.73,1,4,7,3,2
CHEMBL4452092,O=[N+]([O-])c1ccc(/C=N/C2CCN(Cc3ccccc3)CC2)cc1,7.3,chembal.csv,0,COVOFUSTFFLTKA-XSFVSMFZSA-N,323.396,3.678,58.74,0,4,5,3,2
CHEMBL4442580,O=[N+]([O-])c1ccc(CNC2CCN(Cc3ccccc3)CC2)cc1,7.8,chembal.csv,0,KYNUDYSVLRIHRE-UHFFFAOYSA-N,325.412,3.349,58.41,1,4,6,3,2
CHEMBL4763724,Cc1ccc(CNC2CCN(Cc3ccccc3)C2)cc1,8.745,chembal.csv,0,KAVGFUSYIFGSSP-UHFFFAOYSA-N,280.415,3.359,15.27,1,2,5,3,2
CHEMBL2419690,N#Cc1cc(C#N)c(NC2CCN(Cc3ccccc3)CC2)nc1NC1CCN(Cc2ccccc2)CC1,10,chembal.csv,0,OXQRMHHRDWXOPE-UHFFFAOYSA-N,505.67,4.978,91.01,2,7,8,5,3
CHEMBL2419685,N#Cc1cc(C#N)c(NC2CCN(Cc3ccccc3)CC2)nc1Cl,10,chembal.csv,0,APUNUGFNNAECLO-UHFFFAOYSA-N,351.841,3.555,75.74,1,5,4,3,2
CHEMBL2419681,N#Cc1c(Cl)nc(NC2CCN(Cc3ccccc3)CC2)c(C#N)c1-c1ccccc1,10,chembal.csv,0,RVJXOEYVNUBNPU-UHFFFAOYSA-N,427.939,5.222,75.74,1,5,5,4,3
CHEMBL2088687,N#Cc1c(N)nc(NC2CCN(Cc3ccccc3)CC2)c(C#N)c1-c1ccccc1,10,chembal.csv,0,HYGICHQQWFJQBO-UHFFFAOYSA-N,408.509,4.151,101.76,2,6,5,4,3
CHEMBL2088783,N#Cc1cc(C#N)c(NC2CCN(Cc3ccccc3)CC2)nc1N,10,chembal.csv,0,CUQAAIMMMVTGCT-UHFFFAOYSA-N,332.411,2.484,101.76,2,6,4,3,2
CHEMBL4440283,COc1cc(/C=N/C2CCN(Cc3ccccc3)CC2)cc(OC)c1OC,11,chembal.csv,0,PGRXDAFKGOWHNM-HZHRSRAPSA-N,368.477,3.796,43.29,0,5,7,3,2
CHEMBL4591283,COc1cc(CNC2CCN(Cc3ccccc3)CC2)cc(OC)c1OC,11,chembal.csv,0,CSEFTIOVIZHTNF-UHFFFAOYSA-N,370.493,3.467,42.96,1,5,8,3,2
CHEMBL4453051,c1ccc(CNC2CCN(Cc3ccccc3)CC2)cc1,12,chembal.csv,0,ZZWIYXVNVZCOSL-UHFFFAOYSA-N,280.415,3.441,15.27,1,2,5,3,2
CHEMBL4447514,Oc1ccccc1CNC1CCN(Cc2ccccc2)CC1,14,chembal.csv,0,PEZATUMKVOFZTR-UHFFFAOYSA-N,296.414,3.146,35.5,2,3,5,3,2
CHEMBL4467620,Oc1ccccc1/C=N/C1CCN(Cc2ccccc2)CC1,16,chembal.csv,0,FMRVKMBYBQMTPS-XSFVSMFZSA-N,294.398,3.476,35.83,1,3,4,3,2
CHEMBL4443013,Oc1ccc(CNC2CCN(Cc3ccccc3)CC2)c(O)c1,18,chembal.csv,0,DWFUTZFPGPEXNL-UHFFFAOYSA-N,312.413,2.852,55.73,3,4,5,3,2
CHEMBL4556855,Oc1ccc(/C=N/C2CCN(Cc3ccccc3)CC2)c(O)c1,19,chembal.csv,0,NGERANTYJBWJKM-DEDYPNTBSA-N,310.397,3.181,56.06,2,4,4,3,2
CHEMBL4458653,Cc1cccc(CNC2CCN(Cc3ccccc3)CC2)c1,30,chembal.csv,0,YWXGLRXKEHBFPE-UHFFFAOYSA-N,294.442,3.749,15.27,1,2,5,3,2
CHEMBL4566555,Cc1ccc(/C=N/C2CCN(Cc3ccccc3)CC2)cc1,30,chembal.csv,0,RPRMFIFIXJKQNV-RCCKNPSSSA-N,292.426,4.079,15.6,0,2,4,3,2
CHEMBL4454571,Oc1ccc(/C=N/C2CCN(Cc3ccccc3)CC2)cc1,30,chembal.csv,0,MMNQEFJTQDLXSH-XSFVSMFZSA-N,294.398,3.476,35.83,1,3,4,3,2
CHEMBL4566242,Cc1cccc(/C=N/C2CCN(Cc3ccccc3)CC2)c1,30,chembal.csv,0,BHNQBVWKORTAEW-RCCKNPSSSA-N,292.426,4.079,15.6,0,2,4,3,2
CHEMBL4561792,Oc1ccc(CNC2CCN(Cc3ccccc3)CC2)cc1,30,chembal.csv,0,KWYMUFDXOHWFJH-UHFFFAOYSA-N,296.414,3.146,35.5,2,3,5,3,2
CHEMBL4568615,Fc1ccc(/C=N/C2CCN(Cc3ccccc3)CC2)c(F)c1,30,chembal.csv,0,ANHVBBGBJUVDKT-LPYMAVHISA-N,314.379,4.048,15.6,0,2,4,3,2
CHEMBL4537808,C(=N/C1CCN(Cc2ccccc2)CC1)\c1ccccc1,30,chembal.csv,0,VVQPLYAHXAZPHF-HMMYKYKNSA-N,278.399,3.77,15.6,0,2,4,3,2
CHEMBL4518938,Fc1ccc(/C=N/C2CCN(Cc3ccccc3)CC2)cc1,30,chembal.csv,0,UUWGJQGTYROTGL-KGENOOAVSA-N,296.389,3.909,15.6,0,2,4,3,2
CHEMBL4444968,Cc1ccc(CNC2CCN(Cc3ccccc3)CC2)cc1,30,chembal.csv,0,KPAHTAFRNBMJNE-UHFFFAOYSA-N,294.442,3.749,15.27,1,2,5,3,2
CHEMBL4444849,COc1cccc(/C=N/C2CCN(Cc3ccccc3)CC2)c1OC,30,chembal.csv,0,GGLDJGOCUBPSEY-PXLXIMEGSA-N,338.451,3.787,34.06,0,4,6,3,2
CHEMBL1504199,OC1CCCN(Cc2ccccc2)C1,100,chembal.csv,0,UTTCOAGPVHRUFO-UHFFFAOYSA-N,191.274,1.643,23.47,1,2,2,2,1
CHEMBL4796237,OC1CCN(Cc2ccccc2)CC1,100,chembal.csv,0,BPPZXJZYCOETDA-UHFFFAOYSA-N,191.274,1.643,23.47,1,2,2,2,1
2742082,COc1cccc(C=NC2CCN(Cc3ccccc3)CC2)c1OC,30,pubchem.csv,0,GGLDJGOCUBPSEY-UHFFFAOYSA-N,338.451,3.787,34.06,0,4,6,3,2
135595416,Oc1ccccc1C=NC1CCN(Cc2ccccc2)CC1,16,pubchem.csv,0,FMRVKMBYBQMTPS-UHFFFAOYSA-N,294.398,3.476,35.83,1,3,4,3,2
155514519,COc1cc(C=NC2CCN(Cc3ccccc3)CC2)cc(OC)c1OC,11,pubchem.csv,0,PGRXDAFKGOWHNM-UHFFFAOYSA-N,368.477,3.796,43.29,0,5,7,3,2
155520717,FC(F)(F)Oc1ccc(C=NC2CCN(Cc3ccccc3)CC2)cc1,5.5,pubchem.csv,0,QOHKCTPBTRSARF-UHFFFAOYSA-N,362.395,4.669,24.83,0,3,5,3,2
155521756,O=[N+]([O-])c1ccc(C=NC2CCN(Cc3ccccc3)CC2)cc1,7.3,pubchem.csv,0,COVOFUSTFFLTKA-UHFFFAOYSA-N,323.396,3.678,58.74,0,4,5,3,2
155524198,Oc1ccc(C=NC2CCN(Cc3ccccc3)CC2)cc1,30,pubchem.csv,0,MMNQEFJTQDLXSH-UHFFFAOYSA-N,294.398,3.476,35.83,1,3,4,3,2
155541480,Fc1ccc(C=NC2CCN(Cc3ccccc3)CC2)cc1,30,pubchem.csv,0,UUWGJQGTYROTGL-UHFFFAOYSA-N,296.389,3.909,15.6,0,2,4,3,2
155544490,Clc1ccc(C=NC2CCN(Cc3ccccc3)CC2)cc1,4.6,pubchem.csv,0,ZCUFEVHIUABIOG-UHFFFAOYSA-N,312.844,4.424,15.6,0,2,4,3,2
155548223,C(=NC1CCN(Cc2ccccc2)CC1)c1ccccc1,30,pubchem.csv,0,VVQPLYAHXAZPHF-UHFFFAOYSA-N,278.399,3.77,15.6,0,2,4,3,2
155556840,Oc1ccc(C=NC2CCN(Cc3ccccc3)CC2)c(O)c1,19,pubchem.csv,0,NGERANTYJBWJKM-UHFFFAOYSA-N,310.397,3.181,56.06,2,4,4,3,2
155560420,Clc1ccc(C=NC2CCN(Cc3ccccc3)CC2)c(Cl)c1,5.8,pubchem.csv,0,KKXQSDTWYAMGIF-UHFFFAOYSA-N,347.289,5.077,15.6,0,2,4,3,2
155560617,Fc1ccc(C=NC2CCN(Cc3ccccc3)CC2)c(F)c1,30,pubchem.csv,0,ANHVBBGBJUVDKT-UHFFFAOYSA-N,314.379,4.048,15.6,0,2,4,3,2
155560920,Cc1ccc(C=NC2CCN(Cc3ccccc3)CC2)cc1,30,pubchem.csv,0,RPRMFIFIXJKQNV-UHFFFAOYSA-N,292.426,4.079,15.6,0,2,4,3,2
155561050,FC(F)(F)c1ccc(C=NC2CCN(Cc3ccccc3)CC2)cc1,3.9,pubchem.csv,0,AXJYQEFCPXMBGY-UHFFFAOYSA-N,346.396,4.789,15.6,0,2,4,3,2
155561118,Cc1cccc(C=NC2CCN(Cc3ccccc3)CC2)c1,30,pubchem.csv,0,BHNQBVWKORTAEW-UHFFFAOYSA-N,292.426,4.079,15.6,0,2,4,3,2
162648138,Fc1ccc(C=NC2CCN(Cc3ccccc3)C2)c(F)c1,1.386,pubchem.csv,0,QJPWWFHANHHHDO-UHFFFAOYSA-N,300.352,3.658,15.6,0,2,4,3,2
162648871,COc1cc(C=NC2CCN(Cc3ccccc3)C2)cc(OC)c1OC,3.502,pubchem.csv,0,SKKBAZVFTGGGGC-UHFFFAOYSA-N,354.45,3.406,43.29,0,5,7,3,2
162654263,Oc1ccc(C=NC2CCN(Cc3ccccc3)C2)cc1,2.365,pubchem.csv,0,PZHPKJUFRLHDEU-UHFFFAOYSA-N,280.371,3.086,35.83,1,3,4,3,2
162655365,COc1cccc(C=NC2CCN(Cc3ccccc3)C2)c1OC,4.266,pubchem.csv,0,IPRATKIQYZCEHU-UHFFFAOYSA-N,324.424,3.397,34.06,0,4,6,3,2
162655560,Cc1cccc(C=NC2CCN(Cc3ccccc3)C2)c1,5.785,pubchem.csv,0,KQYCJYRXJNDDRY-UHFFFAOYSA-N,278.399,3.688,15.6,0,2,4,3,2
162656167,O=[N+]([O-])c1ccc(C=NC2CCN(Cc3ccccc3)C2)cc1,2.351,pubchem.csv,0,PAQULTPIKMYIGM-UHFFFAOYSA-N,309.369,3.288,58.74,0,4,5,3,2
162662518,Oc1ccc(C=NC2CCN(Cc3ccccc3)C2)c(O)c1,3.285,pubchem.csv,0,IZAYEKLSRQREBG-UHFFFAOYSA-N,296.37,2.791,56.06,2,4,4,3,2
162666991,Clc1ccc(C=NC2CCN(Cc3ccccc3)C2)cc1,1.184,pubchem.csv,0,WTWYZVLQGXCINR-UHFFFAOYSA-N,298.817,4.033,15.6,0,2,4,3,2
162670612,FC(F)(F)c1ccc(C=NC2CCN(Cc3ccccc3)C2)cc1,2.146,pubchem.csv,0,TWJVTBLXKNKWSB-UHFFFAOYSA-N,332.369,4.399,15.6,0,2,4,3,2
162672404,Cc1ccc(C=NC2CCN(Cc3ccccc3)C2)cc1,4.864,pubchem.csv,0,SYTFXTBQPNDATE-UHFFFAOYSA-N,278.399,3.688,15.6,0,2,4,3,2
162672470,Brc1ccc(C=NC2CCN(Cc3ccccc3)C2)cc1,1.185,pubchem.csv,0,UFQXXDQICIOZAL-UHFFFAOYSA-N,343.268,4.143,15.6,0,2,4,3,2
162672948,Oc1ccccc1C=NC1CCN(Cc2ccccc2)C1,4.154,pubchem.csv,0,ZKSWOPXEHZPXIM-UHFFFAOYSA-N,280.371,3.086,35.83,1,3,4,3,2
162674974,Fc1ccc(C=NC2CCN(Cc3ccccc3)C2)cc1,1.052,pubchem.csv,0,DEGSUXMFHIVOEM-UHFFFAOYSA-N,282.362,3.519,15.6,0,2,4,3,2
162675587,C(=NC1CCN(Cc2ccccc2)C1)c1ccccc1,2.684,pubchem.csv,0,ZLKPJIXUEUCDST-UHFFFAOYSA-N,264.372,3.38,15.6,0,2,4,3,2
CHEMBL176585,CCN(CCCCCC(=O)N(C)CCCCCCCCN(C)C(=O)CCCCCN(CC)Cc1ccccc1)Cc1ccccc1,1.07152,chembal.csv,0,YMEPZNZXGFFWKB-UHFFFAOYSA-N,634.994,8.409,47.1,0,4,27,2,2
CHEMBL222043,CC[N+](C)(CCCCCC(=O)Nc1ccc(CCc2ccc(NC(=O)CCCCC[N+](C)(CC)Cc3ccccc3OC)cc2)cc1)Cc1ccccc1OC,1.09648,chembal.csv,0,MMXVQYINUWPOGL-UHFFFAOYSA-P,765.096,9.82,76.66,2,4,25,4,4
CHEMBL302179,COc1ccccc1CNCCCCCCNCCCCCCNCCCCCCNCc1ccccc1OC,1.38038,chembal.csv,0,BNMMMFMJYKFYRQ-UHFFFAOYSA-N,554.864,6.444,66.58,4,6,27,2,2
CHEMBL173018,CC[N+](C)(CCCCCC(=O)N(C)CCCCCCCCN(C)C(=O)CCCCC[N+](C)(CC)Cc1ccccc1OC)Cc1ccccc1OC,1.41254,chembal.csv,0,VTTZSIFCKKPQTK-UHFFFAOYSA-N,725.116,8.715,59.08,0,4,29,2,2
CHEMBL176521,CC[N+](C)(CCCCCC(=O)N(CCCCCCCCN(C(=O)CCCCC[N+](C)(CC)Cc1ccccc1OC)C(C)C)C(C)C)Cc1ccccc1OC,1.65959,chembal.csv,0,ZWGYIQCSZDFZQV-UHFFFAOYSA-N,781.224,10.272,59.08,0,4,31,2,2
CHEMBL19949,CC[N+](C)(CCCCCC(=O)N1CCC(CCC2CCN(C(=O)CCCCC[N+](C)(CC)Cc3ccccc3OC)CC2)CC1)Cc1ccccc1OC,1.86209,chembal.csv,0,MKZBCJVAPJMUCL-UHFFFAOYSA-N,749.138,8.715,59.08,0,4,23,4,2
CHEMBL361165,COc1ccccc1CN(C)CCCN(C)CCCNCCC[n+]1c(-c2ccccc2)c2cc(N)ccc2c2ccc(N)cc21,2.19,chembal.csv,0,SUIMARUJTPHLCU-UHFFFAOYSA-O,605.851,5.944,83.66,3,6,16,5,5
CHEMBL609977,CC[N+](C)(CCCCCC(=O)N(C)CCCCCCCCN(C)C(=O)CCCCC[N+](C)(CC)Cc1ccccc1[N+](=O)[O-])Cc1ccccc1[N+](=O)[O-],2.39883,chembal.csv,0,NDAKSRSNKJZZLT-UHFFFAOYSA-N,755.058,8.514,126.9,0,6,29,2,2
CHEMBL137059,CC[N+](C)(CCCCCC(=O)N(C)CCCCCCCCN(C)C(=O)CCCCC[N+](C)(CC)Cc1ccccc1)Cc1ccccc1,2.51189,chembal.csv,0,CIZMEDUDJZCVBY-UHFFFAOYSA-N,665.064,8.698,40.62,0,2,27,2,2
CHEMBL173935,CC[N+](C)(CCCCCC(=O)N(C)CCCCCCCCN(C)C(=O)CCCCC[N+](C)(CC)Cc1ccccc1Cl)Cc1ccccc1Cl,2.5704,chembal.csv,0,BEWOOQVZCJXCHR-UHFFFAOYSA-N,733.954,10.005,40.62,0,2,27,2,2
CHEMBL1940618,COc1ccccc1CN1CCC(N2CCC(NC3=CC(=O)c4ccccc4C3=O)CC2)CC1,3.16,chembal.csv,0,GTXDMAYGPYHYSQ-UHFFFAOYSA-N,459.59,3.677,61.88,1,6,6,5,2
CHEMBL243044,COc1ccccc1CNCCCCCCNC1=CC(=O)C(NCCCCCCNCc2ccccc2OC)=CC1=O,3.23,chembal.csv,0,WGCPPVBZEQSYPG-UHFFFAOYSA-N,576.782,4.803,100.72,4,8,22,3,2
CHEMBL1940616,COc1ccccc1CNCCCCCCNC1=CC(=O)c2ccccc2C1=O,3.32,chembal.csv,0,YOWLFNDAAHIOHS-UHFFFAOYSA-N,392.499,3.898,67.43,2,5,11,3,2
CHEMBL422977,COc1ccccc1CNCCCCCCNCCCCCCCNCCCCCCNCc1ccccc1OC,3.71535,chembal.csv,0,DCPJIWWEBRXADV-UHFFFAOYSA-N,568.891,6.834,66.58,4,6,28,2,2
CHEMBL4168710,COc1ccccc1CNCCCCCOC(=O)Nc1cc(Cl)nc(Cl)c1,4.02,chembal.csv,0,NXDHXDOGBRDRPD-UHFFFAOYSA-N,412.317,4.906,72.48,2,5,10,2,2
CHEMBL177052,CCN(CCCCCC(=O)N(C)CCCCCCCCN(C)C(=O)CCCCCN(CC)Cc1ccccc1Cl)Cc1ccccc1Cl,4.0738,chembal.csv,0,CFHDUYWCOGVCCF-UHFFFAOYSA-N,703.884,9.716,47.1,0,4,27,2,2
CHEMBL79012,COc1ccc(CN(C)CCCCCC(=O)N(C)CCCCCCCCN(C)C(=O)CCCCCN(C)Cc2ccc(OC)cc2)cc1,5.49541,chembal.csv,0,LHOGDRUXAOULLD-UHFFFAOYSA-N,666.992,7.646,65.56,0,6,27,2,2
CHEMBL132377,COc1ccccc1CNCCCCCC(=O)N(C)CCCCCCCCN(C)C(=O)CCCCCNCc1ccccc1OC,6.0256,chembal.csv,0,LNYHYEQQDYJOII-UHFFFAOYSA-N,638.938,6.961,83.14,2,6,27,2,2
CHEMBL19060,COc1ccccc1CNCCCCCCNCCSSCCNCCCCCCNCc1ccccc1OC,6.16595,chembal.csv,0,IIWOUNLDWKZMQI-UHFFFAOYSA-N,590.944,6.265,66.58,4,8,27,2,2
CHEMBL173607,CC[N+](C)(CCCCCC(=O)N(C)CCCCCCCCN(C)C(=O)CCCCC[N+](C)(CC)Cc1ccccc1C)Cc1ccccc1C,6.45654,chembal.csv,0,DZYFZMCXVUMBKW-UHFFFAOYSA-N,693.118,9.315,40.62,0,2,27,2,2
CHEMBL174228,CCN(CCCCCC(=O)N(C)CCCCCCCCN(C)C(=O)CCCCCN(CC)Cc1ccccc1C)Cc1ccccc1C,7.4131,chembal.csv,0,XFHXQJANHQMYQR-UHFFFAOYSA-N,663.048,9.026,47.1,0,4,27,2,2
CHEMBL174046,CC[N+](C)(CCCCCC(=O)N(C)CCCCCCCCN(C)C(=O)CCCCC[N+](C)(CC)Cc1ccccc1C(F)(F)F)Cc1ccccc1C(F)(F)F,7.58578,chembal.csv,0,KHBDHGUQOPEDSD-UHFFFAOYSA-N,801.058,10.736,40.62,0,2,27,2,2
CHEMBL176773,COc1cccc(CN(C)CCCCCC(=O)N(C)CCCCCCCCN(C)C(=O)CCCCCN(C)Cc2cccc(OC)c2)c1,8.31764,chembal.csv,0,ZOHUWMTXULYLTQ-UHFFFAOYSA-N,666.992,7.646,65.56,0,6,27,2,2
CHEMBL134382,COc1ccccc1CNCCCCCCNCCCCCNCCCCCCNCc1ccccc1OC,8.70964,chembal.csv,0,QHXIAJIYLGAPSH-UHFFFAOYSA-N,540.837,6.054,66.58,4,6,26,2,2
CHEMBL242345,COc1ccccc1CNCCCCCCN1CCC(CCC2CCN(CCCCCCNCc3ccccc3OC)CC2)CC1,10.47129,chembal.csv,0,JCBGAEQLPPOPDK-UHFFFAOYSA-N,634.994,7.908,49,2,6,23,4,2
CHEMBL134488,COc1ccccc1CNCCCCCC(=O)NCCCCCCCCNC(=O)CCCCCNCc1ccccc1OC,11.48154,chembal.csv,0,MMJRYNURNQIZRV-UHFFFAOYSA-N,610.884,6.277,100.72,4,6,27,2,2
CHEMBL557586,COc1ccccc1CN(C)CCCCCC(=O)N(C)CCCCCCCCN(C)C(=O)CCCCCN(C)Cc1ccccc1OC,11.6,chembal.csv,0,HDAQKLAKMZNBQB-UHFFFAOYSA-N,666.992,7.646,65.56,0,6,27,2,2
CHEMBL242989,COc1ccccc1CNCCCCCC(=O)N1CCC(CCC2CCN(C(=O)CCCCCNCc3ccccc3OC)CC2)CC1,18.62087,chembal.csv,0,YGXZRKFALVLGOZ-UHFFFAOYSA-N,662.96,6.961,83.14,2,6,21,4,2
CHEMBL4175914,COc1ccccc1CNCCCCCCNC(=O)c1cc(Cl)nc(Cl)c1,45.5,chembal.csv,0,IRZDPXVHGNXLGP-UHFFFAOYSA-N,410.345,4.477,63.25,2,4,11,2,2
CHEMBL176308,CCN(CCCCCC(=O)N(C)CCCCCCCCN(C)C(=O)CCCCCN(CC)Cc1ccccc1[N+](=O)[O-])Cc1ccccc1[N+](=O)[O-],54.95409,chembal.csv,0,HWVIRUSPVVRQOV-UHFFFAOYSA-N,724.988,8.225,133.38,0,8,29,2,2
CHEMBL75644,CCOC(=O)N(C)CC[C@@]12C=C[C@H](O)C[C@@H]1Oc1c(OC)ccc(C=O)c12,155,chembal.csv,0,JVIANMVESRMMMK-UVFQYZLESA-N,375.421,2.306,85.3,1,6,6,3,1
CHEMBL173136,CCN(CCCCCC(=O)N(C)CCCCCCCCN(C)C(=O)CCCCCN(CC)Cc1ccccc1C(F)(F)F)Cc1ccccc1C(F)(F)F,165.95869,chembal.csv,0,SUIVMEYWDVGNPD-UHFFFAOYSA-N,770.988,10.446,47.1,0,4,27,2,2
CHEMBL80382,CCOC(=O)N(C)CC[C@@]12C=C[C@H](O)C[C@@H]1Oc1c(OC)ccc(CO)c12,216,chembal.csv,0,YTQPAVMRGIZTKB-UVFQYZLESA-N,377.437,1.986,88.46,2,6,6,3,1
CHEMBL80224,CCOC(=O)O[C@H]1C=C[C@@]2(CCN(C)C(=O)OCC)c3c(CCl)ccc(OC)c3O[C@H]2C1,790,chembal.csv,0,DKZNEJDFZZCYJL-CEXJFXJFSA-N,467.946,4.413,83.53,0,7,8,3,1
CHEMBL507885,CCN(CCCCCC(=O)N1Cc2ccc3c4c(ccc(c24)C1)CN(C(=O)CCCCCN(CC)Cc1ccccc1OC)C3)Cc1ccccc1OC,1.04,chembal.csv,0,LLTRKBUBECHOPI-UHFFFAOYSA-N,733.01,8.706,65.56,0,6,20,6,4
CHEMBL243273,CCN(CCCCCCCNC1=CC(=O)C(NCCCCCCCN(CC)Cc2ccccc2OC)=CC1=O)Cc1ccccc1OC,1.25,chembal.csv,0,YEHMYNHJNYGLSL-UHFFFAOYSA-N,660.944,7.048,83.14,2,8,26,3,2
CHEMBL540178,CCN(CCCCCCNC1=CC(=O)C(NCCCCCCN(CC)[C@H](C)c2ccccc2OC)=CC1=O)[C@H](C)c1ccccc1OC,1.48,chembal.csv,0,XVOJAMVHTPQUCR-ROJLCIKYSA-N,660.944,7.389,83.14,2,8,24,3,2
CHEMBL1940612,CCN(CCCCCCNC1=CC(=O)c2ccccc2C1=O)Cc1ccccc1OC,1.49,chembal.csv,0,REXRIHWOPDXJCK-UHFFFAOYSA-N,420.553,4.63,58.64,1,5,12,3,2
CHEMBL243055,CCN(CCCCCCNC1=C(F)C(=O)C(NCCCCCCN(CC)Cc2ccccc2OC)=C(F)C1=O)Cc1ccccc1OC,1.52,chembal.csv,0,IXPJIDYZLDKESL-UHFFFAOYSA-N,668.87,6.862,83.14,2,8,24,3,2
CHEMBL222037,CCN(CCCCCCNc1ccc(Cc2ccc(NCCCCCCN(CC)Cc3ccccc3OC)cc2)cc1)Cc1ccccc1OC,1.62181,chembal.csv,0,CAAWONCYYQXLJB-UHFFFAOYSA-N,693.033,10.283,49,2,6,26,4,4
CHEMBL394865,CCN(CCCCCCNC1=CC(=O)C(NCCCCCCN(CC)Cc2cccc(OC)c2)=CC1=O)Cc1cccc(OC)c1,1.69,chembal.csv,0,WDAJTWMMIMSMEW-UHFFFAOYSA-N,632.89,6.267,83.14,2,8,24,3,2
CHEMBL222875,CCN(CCCCCC(=O)Nc1ccc(CCc2ccc(NC(=O)CCCCCN(CC)Cc3ccccc3OC)cc2)cc1)Cc1ccccc1OC,1.69824,chembal.csv,0,JTSFQHSYCFLAHM-UHFFFAOYSA-N,735.026,9.531,83.14,2,6,25,4,4
CHEMBL222818,CCN(CCCCCC(=O)Nc1ccc(Cc2ccc(NC(=O)CCCCCN(CC)Cc3ccccc3OC)cc2)cc1)Cc1ccccc1OC,1.8197,chembal.csv,0,RRQRHRADZOPJNL-UHFFFAOYSA-N,720.999,9.337,83.14,2,6,24,4,4
CHEMBL222340,CCN(CCCCCC(=O)Nc1ccc(-c2ccc(NC(=O)CCCCCN(CC)Cc3ccccc3OC)cc2)cc1)Cc1ccccc1OC,1.86209,chembal.csv,0,DQFITZQWLBZWPL-UHFFFAOYSA-N,706.972,9.413,83.14,2,6,23,4,4
CHEMBL450553,CCN(CCCCCCN1C(=O)c2ccc3c4c(ccc(c24)C1=O)C(=O)N(CCCCCCN(CC)Cc1ccccc1OC)C3=O)Cc1ccccc1OC,1.91,chembal.csv,0,LMHQZKRKCUDJFH-UHFFFAOYSA-N,760.976,8.214,99.7,0,8,22,6,4
CHEMBL243274,CCN(CCCCCCNC1=CC(=O)C(NCCCCCCN(CC)Cc2ccccc2C)=CC1=O)Cc1ccccc1C,2.08,chembal.csv,0,FJCJZHJMWARDKI-UHFFFAOYSA-N,600.892,6.867,64.68,2,6,22,3,2
CHEMBL449467,CCN(CCCCCCN1CC(=O)N(CCCCCCN(CC)Cc2ccccc2OC)CC1=O)Cc1ccccc1OC,2.09,chembal.csv,0,RCSRPMHQFUUQRZ-UHFFFAOYSA-N,608.868,5.839,65.56,0,6,22,3,2
CHEMBL143055,CCN(CCCCCC(=O)N(CCCCCCCCN(C(=O)CCCCCN(CC)Cc1ccccc1OC)C(C)C)C(C)C)Cc1ccccc1OC,2.13796,chembal.csv,0,DSJSKPAKOSGGPL-UHFFFAOYSA-N,751.154,9.983,65.56,0,6,31,2,2
CHEMBL173309,CCN(CCCCCC(=O)N(C)CCCCCCCCN(C)C(=O)CCCCCN(CC)Cc1ccccc1OC)Cc1ccccc1OC,2.23872,chembal.csv,0,VJXLWYGKZGTXAF-UHFFFAOYSA-N,695.046,8.426,65.56,0,6,29,2,2
CHEMBL396050,CCN(CCCCCCNC1=C(c2ccccc2)C(=O)C(NCCCCCCN(CC)Cc2ccccc2OC)=C(c2ccccc2)C1=O)Cc1ccccc1OC,2.25,chembal.csv,0,BZOAUPBJWLIPPX-UHFFFAOYSA-N,785.086,9.322,83.14,2,8,26,5,4
CHEMBL242661,CCN(CCCCCCNC1=CC(=O)C(NCCCCCCN(CC)Cc2ccc(OC)cc2)=CC1=O)Cc1ccc(OC)cc1,2.39,chembal.csv,0,KJZRQUDVRXBXSS-UHFFFAOYSA-N,632.89,6.267,83.14,2,8,24,3,2
CHEMBL244762,CCN(CCCCCCNC1=CC(=O)C(NCCCCCCN(CC)Cc2ccccn2)=CC1=O)Cc1ccccn1,2.47,chembal.csv,0,ZQZXUEWGYNOIRY-UHFFFAOYSA-N,574.814,5.04,90.46,2,8,22,3,2
CHEMBL1912062,CCN(CCCCCCNC(=O)CCCCC1CCSS1)Cc1ccccc1OC,2.49,chembal.csv,0,PAPNIDWABUXIRG-UHFFFAOYSA-N,452.73,5.908,41.57,1,5,16,2,1
CHEMBL1940613,CCN(CCCCCCNC1=CC(=O)c2ncccc2C1=O)Cc1ccccc1OC,2.56,chembal.csv,0,VSXXENJQNPVAGO-UHFFFAOYSA-N,421.541,4.025,71.53,1,6,12,3,2
CHEMBL175047,CCN(CCCCCCOCCCCCCCCOCCCCCCN(CC)Cc1ccccc1OC)Cc1ccccc1OC,2.63027,chembal.csv,0,IQTNXMOPVSCWJR-UHFFFAOYSA-N,640.994,9.542,43.4,0,6,31,2,2
CHEMBL390247,CCN(CCCCCCNC1=CC(=O)C(NCCCCCCN(CC)Cc2cccs2)=CC1=O)Cc1cccs1,2.79,chembal.csv,0,HNOUEYJFOGZGJQ-UHFFFAOYSA-N,584.896,6.373,64.68,2,8,22,3,2
CHEMBL507903,CCN(CCCCCCn1c(=O)c2cc3c(=O)n(CCCCCCN(CC)Cc4ccccc4OC)c(=O)c3cc2c1=O)Cc1ccccc1OC,3,chembal.csv,0,ZVPMATGRPXLGBJ-UHFFFAOYSA-N,710.916,6.095,103.08,0,10,22,5,5
CHEMBL222378,CCN(CCCCCC(=O)N1CCC(CCCC2CCN(C(=O)CCCCCN(CC)Cc3ccccc3OC)CC2)CC1)Cc1ccccc1OC,3.38844,chembal.csv,0,OHDAIMUTVTWWBN-UHFFFAOYSA-N,733.095,8.816,65.56,0,6,24,4,2
CHEMBL276444,CCN(CCCCCCNC1=CC(=O)C(NCCCCCCN(CC)Cc2ccco2)=CC1=O)Cc1ccco1,3.41,chembal.csv,0,YKCMZUSFFWAFBL-UHFFFAOYSA-N,552.76,5.436,90.96,2,8,22,3,2
CHEMBL230702,CCN(CCCCCNC1=CC(=O)C(NCCCCCN(CC)Cc2ccccc2OC)=CC1=O)Cc1ccccc1OC,3.46,chembal.csv,0,QBDPPJAQPGYPIJ-UHFFFAOYSA-N,604.836,5.487,83.14,2,8,22,3,2
CHEMBL387394,CCN(CCCCCC(=O)N1CCC(CCC2CCN(C(=O)CCCCCN(CC)Cc3ccccc3OC)CC2)CC1)Cc1ccccc1OC,3.63078,chembal.csv,0,OACFNJFRSVQUTM-UHFFFAOYSA-N,719.068,8.426,65.56,0,6,23,4,2
CHEMBL572480,CCN(CCCCCCNC1=CC(=O)C(NCCCCCCNC(=O)CCCCC2CCSS2)=CC1=O)Cc1ccccc1OC,4.99,chembal.csv,0,DMQUTDCZMKIKEE-UHFFFAOYSA-N,673.002,6.567,99.77,3,9,25,3,1
CHEMBL242191,COc1ccccc1CN(C)CCCCCCNC1=CC(=O)C(NCCCCCCN(C)Cc2ccccc2OC)=CC1=O,5.11,chembal.csv,0,MMZMCKHUJWUWHI-UHFFFAOYSA-N,604.836,5.487,83.14,2,8,22,3,2
CHEMBL4782477,CCN(CCCCOc1ccc(/C=C/C(=O)c2c(O)cc(OCCCCN(CC)Cc3ccccc3OC)cc2O)cc1)Cc1ccccc1OC,5.2,chembal.csv,0,XPYFRMBBCHEZMZ-DARPEHSRSA-N,710.912,8.373,100.93,2,9,23,4,4
CHEMBL222946,CCN(CCCCCC(=O)N1CCC(CC2CCN(C(=O)CCCCCN(CC)Cc3ccccc3OC)CC2)CC1)Cc1ccccc1OC,6.45654,chembal.csv,0,QGFZYGZFBJAMKK-UHFFFAOYSA-N,705.041,8.036,65.56,0,6,22,4,2
CHEMBL254016,CCN(CCCCCC(=O)N1CCC(C2CCN(C(=O)CCCCCN(CC)Cc3ccccc3OC)CC2)CC1)Cc1ccccc1OC,8.49,chembal.csv,0,ZKOHODJSCICEFD-UHFFFAOYSA-N,691.014,7.646,65.56,0,6,21,4,2
CHEMBL4089264,CCN(CCCCCCN1C(=O)c2ccccc2C1=O)Cc1ccccc1OC,8.9,chembal.csv,0,BUFPKICHFJPEEE-UHFFFAOYSA-N,394.515,4.374,49.85,0,4,11,3,2
CHEMBL243271,CCN(CCCNC1=CC(=O)C(NCCCN(CC)Cc2ccccc2OC)=CC1=O)Cc1ccccc1OC,9.84,chembal.csv,0,GWPNFCVXNGPDFU-UHFFFAOYSA-N,548.728,3.927,83.14,2,8,18,3,2
CHEMBL450990,CCN(CCCCCCN1CCN(CCCCCCN(CC)Cc2ccccc2OC)C(=O)C1=O)Cc1ccccc1OC,10.3,chembal.csv,0,UVLGFHNNOKFLBK-UHFFFAOYSA-N,608.868,5.839,65.56,0,6,22,3,2
CHEMBL502877,CCN(CCCCCC(=O)N1CCN(C(=O)CCCCCN(CC)Cc2ccccc2OC)CC1)Cc1ccccc1OC,10.7,chembal.csv,0,OBHYIKJNEIZSIH-UHFFFAOYSA-N,608.868,5.839,65.56,0,6,20,3,2
CHEMBL572453,CCN(CCCNC1=CC(=O)C(NCCCCCCNC(=O)CCCCC2CCSS2)=CC1=O)Cc1ccccc1OC,11.1,chembal.csv,0,BLZFNCXLVXSHTJ-UHFFFAOYSA-N,630.921,5.397,99.77,3,9,22,3,1
CHEMBL241974,CCN(CCCCCCNC1=CC(=O)C(NCCCCCCN(CC)Cc2cccnc2)=CC1=O)Cc1cccnc1,11.9,chembal.csv,0,VKEXSSDEPPNXTH-UHFFFAOYSA-N,574.814,5.04,90.46,2,8,22,3,2
CHEMBL243272,CCN(CCCCNC1=CC(=O)C(NCCCCN(CC)Cc2ccccc2OC)=CC1=O)Cc1ccccc1OC,12.8,chembal.csv,0,IHFVYVHVDULYKF-UHFFFAOYSA-N,576.782,4.707,83.14,2,8,20,3,2
CHEMBL4069776,CCN(CCCCN1C(=O)c2ccccc2C1=O)Cc1ccccc1OC,12.9,chembal.csv,0,ALODLRYLTVWWDS-UHFFFAOYSA-N,366.461,3.594,49.85,0,4,9,3,2
CHEMBL4066908,CCN(CCCN1C(=O)c2ccccc2C1=O)Cc1ccccc1OC,14.6,chembal.csv,0,SFMBSJPYTWPKHS-UHFFFAOYSA-N,352.434,3.203,49.85,0,4,8,3,2
CHEMBL4091683,CCN(CCCCN1C(=O)c2ccccc2C1=O)Cc1ccccc1,15.3,chembal.csv,0,VKGYDOYSYVLFIR-UHFFFAOYSA-N,336.435,3.585,40.62,0,3,8,3,2
CHEMBL222044,CCN(CCCCCCNc1ccc(-c2ccc(NCCCCCCN(CC)Cc3ccccc3OC)cc2)cc1)Cc1ccccc1OC,15.48817,chembal.csv,0,OXYGPYKFZHTXST-UHFFFAOYSA-N,679.006,10.36,49,2,6,25,4,4
CHEMBL4795370,CCN(CCCCOc1ccc(C2CC(=O)c3c(O)cc(OCCCCN(CC)Cc4ccccc4OC)cc3O2)cc1)Cc1ccccc1OC,15.6,chembal.csv,0,RFJJUATUWWQTAO-UHFFFAOYSA-N,710.912,8.478,89.93,1,9,21,5,4
CHEMBL4096963,CCN(CCCCCCN1C(=O)c2ccccc2C1=O)Cc1ccccc1,15.8,chembal.csv,0,NPQZWFHXMBANFC-UHFFFAOYSA-N,364.489,4.365,40.62,0,3,10,3,2
CHEMBL243270,CCN(CCNC1=CC(=O)C(NCCN(CC)Cc2ccccc2OC)=CC1=O)Cc1ccccc1OC,16.8,chembal.csv,0,YBQQXJJEGWLVHY-UHFFFAOYSA-N,520.674,3.147,83.14,2,8,16,3,2
CHEMBL242190,CCN(Cc1ccccc1OC)C(=O)CCCCCNC1=CC(=O)C(NCCCCCC(=O)N(CC)Cc2ccccc2OC)=CC1=O,18.5,chembal.csv,0,UBHITUMPFQFJNN-UHFFFAOYSA-N,660.856,5.321,117.28,2,8,22,3,2
CHEMBL572532,CCN(CCCCCCNC1=CC(=O)C(NCCCNC(=O)CCCCC2CCSS2)=CC1=O)Cc1ccccc1OC,21,chembal.csv,0,WUQZNYSVERYXKI-UHFFFAOYSA-N,630.921,5.397,99.77,3,9,22,3,1
CHEMBL1940615,CCN(CCCCCCNC1=CC(=O)C(OC)=CC1=O)Cc1ccccc1OC,22.8,chembal.csv,0,CJKYCZXICOUJLW-UHFFFAOYSA-N,400.519,3.233,67.87,1,6,13,2,1
CHEMBL499722,CCN(CCCCCC(=O)N[C@H]1CC[C@H](NC(=O)CCCCCN(CC)Cc2ccccc2OC)CC1)Cc1ccccc1OC,25.3,chembal.csv,0,LUFIJPVBOMMOLK-AQOCXMLWSA-N,636.922,6.712,83.14,2,6,22,3,2
CHEMBL499825,CCN(CCCCCC(=O)N[C@H]1CCCC[C@H]1NC(=O)CCCCCN(CC)Cc1ccccc1OC)Cc1ccccc1OC,30.8,chembal.csv,0,BBDGMRAXJHQKAS-AQOUDTPCSA-N,636.922,6.712,83.14,2,6,22,3,2
CHEMBL450506,CCN(CCCCCC(=O)N[C@H]1CCCC[C@@H]1NC(=O)CCCCCN(CC)Cc1ccccc1OC)Cc1ccccc1OC,36.8,chembal.csv,0,BBDGMRAXJHQKAS-HEVIKAOCSA-N,636.922,6.712,83.14,2,6,22,3,2
CHEMBL243057,CCN(CCCCCCNC1=CC(=O)C(NCCCCCCN(CC)Cc2ccccc2Cl)=CC1=O)Cc1ccccc1Cl,45.1,chembal.csv,0,NDXMYEYXNUVGFB-UHFFFAOYSA-N,641.728,7.557,64.68,2,6,22,3,2
CHEMBL395815,CCN(CCCCCCNC1=CC(=O)C(NCCCCCCN(CC)Cc2ccccc2[N+](=O)[O-])=CC1=O)Cc1ccccc1[N+](=O)[O-],67.1,chembal.csv,0,YKPZRVJZMVTFRH-UHFFFAOYSA-N,662.832,6.067,150.96,2,10,24,3,2
CHEMBL241960,CCN(CCCCCCNC1=CC(=O)C(NCCCCCCN(CC)Cc2ccncc2)=CC1=O)Cc1ccncc1,70.1,chembal.csv,0,PBZSJALBPJPRTC-UHFFFAOYSA-N,574.814,5.04,90.46,2,8,22,3,2
CHEMBL611732,CCN(CCCCCCNc1ccc(CCc2ccc(NCCCCCCN(CC)Cc3ccccc3OC)cc2)cc1)Cc1ccccc1OC,95.49926,chembal.csv,0,OPZOQOCNMRVIJJ-UHFFFAOYSA-N,707.06,10.478,49,2,6,27,4,4
CHEMBL574847,CCN(CCCNC1=CC(=O)C(NCCCNC(=O)CCCCC2CCSS2)=CC1=O)Cc1ccccc1OC,212,chembal.csv,0,YZOGNKSLEXJYLX-UHFFFAOYSA-N,588.84,4.226,99.77,3,9,19,3,1
25150257,CCN(CCCCCC(=O)NC1CCC(NC(=O)CCCCCN(CC)Cc2ccccc2OC)CC1)Cc1ccccc1OC,25.3,pubchem.csv,0,LUFIJPVBOMMOLK-UHFFFAOYSA-N,636.922,6.712,83.14,2,6,22,3,2
CHEMBL5086177,O=C(O[C@@H]1C=C[C@]23CCN(Cc4cc5c(cc42)OCO5)[C@H]3C1)c1ccccc1[N+](=O)[O-],1.4,chembal.csv,0,VSTAIJIERDEOBL-XFEVJDRUSA-N,420.421,3.335,91.14,0,7,3,6,2
CHEMBL4634465,COc1c2c(cc3c1OCO3)[C@]13C=C[C@H](OC)C[C@@H]1[N@](C2)C[C@H]3OC(=O)c1ccccc1[N+](=O)[O-],2.3,chembal.csv,0,QHVPNAQOEJLQDJ-LQOPGZECSA-N,480.473,2.968,109.6,0,9,5,6,2
CHEMBL5090336,COc1ccccc1C(=O)O[C@H]1CN2Cc3cc4c(cc3[C@]13C=C[C@@H](O)C[C@H]23)OCO4,3.3,chembal.csv,0,WJRFVEMIXYSLDY-XBZMYCLCSA-N,421.449,2.406,77.46,1,7,3,6,2
CHEMBL4633343,COc1c2c(cc3c1OCO3)[C@]13C=C[C@H](OC)C[C@@H]1[N@](C2)C[C@H]3OC(=O)c1ccccc1,3.8,chembal.csv,0,FKJKARGXIBDHQH-CCUPELQVSA-N,435.476,3.06,66.46,0,7,4,6,2
CHEMBL5089535,O=C(O[C@H]1CN2Cc3cc4c(cc3[C@]13C=C[C@@H](O)C[C@H]23)OCO4)c1ccccc1Cl,5.6,chembal.csv,0,UZVFCBOEGRELML-UYILYCRRSA-N,425.868,3.051,68.23,1,6,2,6,2
CHEMBL4635404,COc1cccc(C(=O)O[C@@H]2C[N@@]3Cc4c(cc5c(c4OC)OCO5)[C@@]24C=C[C@H](OC)C[C@H]34)c1,6,chembal.csv,0,JGLSIZXCTVKDFM-OHBSULSQSA-N,465.502,3.069,75.69,0,8,5,6,2
CHEMBL5079168,Cc1ccccc1C(=O)O[C@@H]1C=C[C@]23CCN(Cc4cc5c(cc42)OCO5)[C@H]3C1,8,chembal.csv,0,PHPJLCDHKVALLN-UWSIMGETSA-N,389.451,3.735,48,0,5,2,6,2
CHEMBL4636736,COc1c2c(cc3c1OCO3)[C@]13C=C[C@H](OC)C[C@@H]1[N@](C2)C[C@H]3OC(=O)c1ccc2ccccc2c1,14,chembal.csv,0,QFZHWLMFKPHPLT-HYOHABMOSA-N,485.536,4.213,66.46,0,7,4,7,3
CHEMBL4638682,COc1c2c(cc3c1OCO3)[C@]13C=C[C@H](OC)C[C@@H]1[N@](C2)C[C@H]3OC(=O)c1ccc(C)cc1,28,chembal.csv,0,PRPNRHRXMGYSAX-OHBSULSQSA-N,449.503,3.368,66.46,0,7,4,6,2
CHEMBL4644284,COc1c2c(cc3c1OCO3)[C@]13C=C[C@H](OC)C[C@@H]1[N@](C2)C[C@H]3OC(=O)c1ccoc1,32,chembal.csv,0,XIDPCYQOYQJDJP-GFBHRSBTSA-N,425.437,2.653,79.6,0,8,4,6,2
CHEMBL4646747,COc1c2c(cc3c1OCO3)[C@]13C=C[C@H](OC)C[C@@H]1[N@](C2)C[C@H]3OC(=O)c1cccc([N+](=O)[O-])c1,81,chembal.csv,0,XFWIODPEFJOXRN-CCUPELQVSA-N,480.473,2.968,109.6,0,9,5,6,2
CHEMBL4637652,COc1ccc(C(=O)O[C@@H]2C[N@@]3Cc4c(cc5c(c4OC)OCO5)[C@@]24C=C[C@H](OC)C[C@H]34)cc1,100,chembal.csv,0,QACGNHJYHTTWOX-OHBSULSQSA-N,465.502,3.069,75.69,0,8,5,6,2
CHEMBL4647870,CCOc1cc(OCC)cc(C(=O)O[C@@H]2C[N@@]3Cc4c(cc5c(c4OC)OCO5)[C@@]24C=C[C@H](OC)C[C@H]34)c1,100,chembal.csv,0,UQVZKPSLKKWDGV-WIOXQITCSA-N,523.582,3.857,84.92,0,9,8,6,2
CHEMBL401114,CO[C@@H]1C=C[C@@]23c4cc5c(cc4CN(C[C@@H]2O)[C@H]3C1)OCO5,100,chembal.csv,0,YGPRSGKVLATIHT-HSHDSVGOSA-N,301.342,1.187,51.16,1,5,1,5,1
CHEMBL4641580,COc1ccc(C(=O)O[C@@H]2C[N@@]3Cc4c(cc5c(c4OC)OCO5)[C@@]24C=C[C@H](OC)C[C@H]34)cc1OC,100,chembal.csv,0,PFTOYFDBOIWBKQ-GDWQBCHKSA-N,495.528,3.077,84.92,0,9,6,6,2
CHEMBL4649430,COc1c2c(cc3c1OCO3)[C@]13C=C[C@H](OC)C[C@@H]1[N@](C2)C[C@H]3O,100,chembal.csv,0,QAHZAHIPKNLGAS-UVLSQEMTSA-N,331.368,1.195,60.39,1,6,2,5,1
CHEMBL4636698,COc1c2c(cc3c1OCO3)[C@]13C=C[C@H](OC)C[C@@H]1[N@](C2)C[C@H]3OC(=O)C(C)C,100,chembal.csv,0,ZOYFVDJTZRCAAZ-LPTSHUJBSA-N,401.459,2.402,66.46,0,7,4,5,1
CHEMBL4645345,CCCCC(=O)O[C@@H]1C[N@@]2Cc3c(cc4c(c3OC)OCO4)[C@@]13C=C[C@H](OC)C[C@H]23,100,chembal.csv,0,OQSJBILTOFUHPZ-GFBHRSBTSA-N,415.486,2.936,66.46,0,7,6,5,1
CHEMBL4644286,CCC(=O)O[C@@H]1C[N@@]2Cc3c(cc4c(c3OC)OCO4)[C@@]13C=C[C@H](OC)C[C@H]23,100,chembal.csv,0,OEQIACMXZJPJNX-VPKASPSASA-N,387.432,2.156,66.46,0,7,4,5,1
CHEMBL4634473,COc1c2c(cc3c1OCO3)[C@]13C=C[C@H](OC)C[C@@H]1[N@](C2)C[C@H]3OC(C)=O,100,chembal.csv,0,DZXAUWNEDZVVNU-VDESFZGPSA-N,373.405,1.766,66.46,0,7,3,5,1
CHEMBL4634371,COc1c2c(cc3c1OCO3)[C@]13C=C[C@H](OC)C[C@@H]1[N@](C2)C[C@H]3OC(=O)c1ccco1,100,chembal.csv,0,ACGKVNROJFXVAW-IYACCRBMSA-N,425.437,2.653,79.6,0,8,4,6,2
CHEMBL4649545,COc1c2c(cc3c1OCO3)[C@]13C=C[C@H](OC)C[C@@H]1[N@](C2)C[C@H]3OC(=O)c1ccc([N+](=O)[O-])cc1,100,chembal.csv,0,YGCHXRSWJKZUGT-CCUPELQVSA-N,480.473,2.968,109.6,0,9,5,6,2
CHEMBL5074625,O=C(O[C@H]1CN2Cc3cc4c(cc3[C@]13C=C[C@@H](O)C[C@H]23)OCO4)c1cccc([N+](=O)[O-])c1,100,chembal.csv,0,VBKMVDBQDDXULM-UXYIHQQYSA-N,436.42,2.306,111.37,1,8,3,6,2
CHEMBL5181368,Cc1ccc(OCc2nc(CN(CC(C)C)C(=O)c3ccc(C)cc3)cs2)cc1,1.05,chembal.csv,0,PRHFZLKDYGSKEE-UHFFFAOYSA-N,408.567,5.637,42.43,0,4,8,3,3
CHEMBL5171673,Cc1ccc(OCc2nc(CN(CC(C)C)C(=O)c3ccccc3)cs2)cc1,1.15,chembal.csv,0,UJLPXCJPBUMYCP-UHFFFAOYSA-N,394.54,5.329,42.43,0,4,8,3,3
CHEMBL5175228,Cc1ccc(OCc2nc(CN(CC(C)C)C(=O)c3cccc(C)c3)cs2)cc1,1.17,chembal.csv,0,ZLHNGBRCFNASFD-UHFFFAOYSA-N,408.567,5.637,42.43,0,4,8,3,3
CHEMBL4642183,Cc1ccc(OCc2nc(CN(CC(C)C)C(=O)c3ccc4c(c3)OCO4)cs2)cc1,1.28,chembal.csv,0,UAPCMRKWPQQSKI-UHFFFAOYSA-N,438.549,5.058,60.89,0,6,8,4,3
CHEMBL5188688,Cc1ccc(OCc2nc(CN(CC(C)C)C(=O)c3ccccc3F)cs2)cc1,1.39,chembal.csv,0,QJFYGYPBECTLQO-UHFFFAOYSA-N,412.53,5.468,42.43,0,4,8,3,3
CHEMBL5170728,Cc1ccc(OCc2nc(CN(CC(C)C)C(=O)c3ccco3)cs2)cc1,1.67,chembal.csv,0,JYQGLBPAEBYHRS-UHFFFAOYSA-N,384.501,4.922,55.57,0,5,8,3,3
CHEMBL5193588,COc1ccc(OCc2nc(CN(CC(C)C)C(=O)c3ccc4c(c3)OCO4)cs2)cc1,1.8,chembal.csv,0,CXYVYIBATAZISJ-UHFFFAOYSA-N,454.548,4.758,70.12,0,7,9,4,3
CHEMBL5198651,CCCCCC(=O)N(Cc1csc(COc2ccc(C)cc2)n1)CC(C)C,1.99,chembal.csv,0,LYACICUBZYQKMK-UHFFFAOYSA-N,388.577,5.595,42.43,0,4,11,2,2
CHEMBL5179257,Cc1ccc(OCc2nc(CN(CC(C)C)C(=O)c3ccc(F)cc3)cs2)cc1,2.21,chembal.csv,0,GUWQPNHZDNMMHC-UHFFFAOYSA-N,412.53,5.468,42.43,0,4,8,3,3
CHEMBL5202706,Cc1ccc(OCc2nc(CN(CC(C)C)C(=O)c3ccc(Cl)cc3)cs2)cc1,2.23,chembal.csv,0,PPEYMZJIOHNGHB-UHFFFAOYSA-N,428.985,5.982,42.43,0,4,8,3,3
CHEMBL5189980,Cc1ccc(OCc2nc(CN(CC(C)C)C(=O)c3cccs3)cs2)cc1,2.3,chembal.csv,0,MNWOJFRWOUTCQM-UHFFFAOYSA-N,400.569,5.39,42.43,0,5,8,3,3
CHEMBL5179814,Cc1ccc(OCc2nc(CN(CC(C)C)C(=O)c3cccc(F)c3)cs2)cc1,2.43,chembal.csv,0,KEIAPSAIFSAPPV-UHFFFAOYSA-N,412.53,5.468,42.43,0,4,8,3,3
CHEMBL5201547,Cc1ccc(OCc2nc(CN(CC(C)C)C(=O)c3ccccc3Cl)cs2)cc1,3.94,chembal.csv,0,PXZMUSMCVWAACD-UHFFFAOYSA-N,428.985,5.982,42.43,0,4,8,3,3
CHEMBL5199688,Cc1ccc(OCc2nc(CN(CC(C)C)C(=O)c3ccccc3C)cs2)cc1,4.1,chembal.csv,0,VCAMFFPZVDHSGD-UHFFFAOYSA-N,408.567,5.637,42.43,0,4,8,3,3
CHEMBL5169370,CCCC(=O)N(Cc1csc(COc2ccc(C)cc2)n1)CC(C)C,4.57,chembal.csv,0,ATNPYSBURNDFQN-UHFFFAOYSA-N,360.523,4.815,42.43,0,4,9,2,2
CHEMBL5204627,Cc1ccc(OCc2nc(CN(CC(C)C)C(=O)c3c(F)cccc3F)cs2)cc1,4.89,chembal.csv,0,MTTXWBUVYPSYHT-UHFFFAOYSA-N,430.52,5.607,42.43,0,4,8,3,3
CHEMBL5175426,CC(C)CN(Cc1csc(COc2ccc(C(F)(F)F)cc2)n1)C(=O)c1ccc2c(c1)OCO2,5.23,chembal.csv,0,HFGQFLPREQEYOZ-UHFFFAOYSA-N,492.519,5.768,60.89,0,6,8,4,3
CHEMBL5191237,CC(=O)N(Cc1csc(COc2ccc(C)cc2)n1)CC(C)C,6.01,chembal.csv,0,QICNTESRXJVEQX-UHFFFAOYSA-N,332.469,4.035,42.43,0,4,7,2,2
CHEMBL5208084,Cc1ccc(S(=O)(=O)C(=O)N(Cc2csc(COc3ccc(F)cc3)n2)CC(C)C)cc1,6.85,chembal.csv,0,HHQYKZRYZWXLOA-UHFFFAOYSA-N,476.595,5.222,76.57,0,6,8,3,3
CHEMBL5205279,CCC(=O)N(Cc1csc(COc2ccc(C)cc2)n1)CC(C)C,8.08,chembal.csv,0,YYVRWCXKYWKDSL-UHFFFAOYSA-N,346.496,4.425,42.43,0,4,8,2,2
CHEMBL5175357,CC(C)CN(Cc1csc(COc2ccc(F)cc2)n1)C(=O)S(=O)(=O)c1ccccc1,8.19,chembal.csv,0,AKIAEPFFBQSCIH-UHFFFAOYSA-N,462.568,4.913,76.57,0,6,8,3,3
CHEMBL5270722,CN(CCCCCCCCCCCCn1cc(C=O)c2cc(O)ccc21)Cc1cccc(O)c1,1.2,chembal.csv,0,FSMMMQWAIKAMQM-UHFFFAOYSA-N,464.65,6.898,65.7,2,5,16,3,3
CHEMBL5271644,COc1ccc2c(c1)c(C=O)cn2CCCCCCCCN(C)Cc1cccc(O)c1,2.15,chembal.csv,0,OIIHAUYKICHNQI-UHFFFAOYSA-N,422.569,5.641,54.7,1,5,13,3,3
CHEMBL5284235,COc1ccc2c(c1)c(C=O)cn2CCCCCCCCCN(C)Cc1cccc(O)c1,2.36,chembal.csv,0,WWKQQRVQGOUIMX-UHFFFAOYSA-N,436.596,6.031,54.7,1,5,14,3,3
CHEMBL5272675,COc1ccc2c(c1)c(C=O)cn2CCCCCCCN(C)Cc1cccc(O)c1,4.89,chembal.csv,0,OHBHEABPPWROKD-UHFFFAOYSA-N,408.542,5.251,54.7,1,5,12,3,3
CHEMBL5276191,COc1cccc(CN(C)CCCCCCCCCCCCn2cc(C=O)c3cc(OC)ccc32)c1,5.49,chembal.csv,0,SGTOHDJJUFYUAF-UHFFFAOYSA-N,492.704,7.504,43.7,0,5,18,3,3
CHEMBL1783521,CN[C@@H](C)[C@H]1[C@H](O)C[C@@]2(C)[C@@H]3CC[C@H]4[C@]5(C)CSC(C(C)C)=N[C@H]5CC[C@@]45C[C@@]35C(=O)C[C@]12C,1.343,chembal.csv,0,XMAZYYDJYBXRBC-LAYXPMECSA-N,486.766,5.333,61.69,2,5,3,6,0
CHEMBL1783527,CC(C)C1=N[C@H]2CC[C@]34C[C@]35C(=O)C[C@]3(C)[C@@H]([C@H](C)N(C)CCCc6ccccc6)[C@H](O)C[C@@]3(C)[C@@H]5CC[C@H]4[C@]2(C)CS1,1.43,chembal.csv,0,VIXJWHYOARGMSA-ZCBCEXPUSA-N,604.945,7.678,52.9,1,5,7,7,1
CHEMBL1783532,CC(C)C1=N[C@H]2CC[C@]34C[C@]35C(=O)C[C@]3(C)[C@@H]([C@H](C)N(C)C)[C@H](O)C[C@@]3(C)[C@@H]5CC[C@H]4[C@]2(C)CN1C,2.948,chembal.csv,0,UMALVRAIVYQJPD-YRGUKJKLSA-N,497.768,4.874,56.14,1,5,3,6,0
CHEMBL1783520,CC(C)C1=N[C@H]2CC[C@]34C[C@]35C(=O)C[C@]3(C)[C@@H]([C@H](C)N(C)C)[C@H](O)C[C@@]3(C)[C@@H]5CC[C@H]4[C@]2(C)CS1,5.375,chembal.csv,0,DTDCDTSLQAMFQK-PDIVMOMKSA-N,500.793,5.675,52.9,1,5,3,6,0
CHEMBL1783533,CC(C)C1=N[C@H]2CC[C@]34C[C@]35C(=O)C[C@]3(C)[C@@H]([C@H](C)N(C)C)[C@H](O)C[C@@]3(C)[C@@H]5CC[C@H]4[C@]2(C)N1,7.224,chembal.csv,0,ZGEKJOYQLKDFAH-CTWIKKIVSA-N,469.714,4.284,64.93,2,5,3,6,0
CHEMBL1783535,CC(C)C1=N[C@H]2CC[C@]34C[C@]35C(=O)C[C@]3(C)[C@@H]([C@H](C)N(C)C)[C@H](O)C[C@@]3(C)[C@@H]5CC[C@H]4[C@]2(C)CC1,10,chembal.csv,0,XXJQHNDZKODONX-DBCGSKAISA-N,482.753,5.765,52.9,1,4,3,6,0
CHEMBL1783530,C[C@@H]([C@H]1[C@H](O)C[C@@]2(C)[C@@H]3CC[C@H]4[C@]5(C)COC(C(C)(C)F)=N[C@H]5CC[C@@]45C[C@@]35C(=O)C[C@]12C)N(C)C,10,chembal.csv,0,IIOIREJLGHVBEW-PVSMGPIOSA-N,502.715,5.051,62.13,1,5,3,6,0
CHEMBL1783516,CC(C)C1=N[C@H]2CC[C@]34C[C@]35C(=O)C[C@]3(C)[C@@H]([C@H](C)N(C)Cc6ccccc6C(F)(F)F)[C@H](O)C[C@@]3(C)[C@@H]5CC[C@H]4[C@]2(C)CS1,10,chembal.csv,0,YTWWSBXEMIYTEK-NGZBDLKASA-N,644.888,8.265,52.9,1,5,5,7,1
CHEMBL1783531,C[C@@H]([C@H]1[C@H](O)C[C@@]2(C)[C@@H]3CC[C@H]4[C@]5(C)COC(C(F)(C(F)(F)F)C(F)(F)F)=N[C@H]5CC[C@@]45C[C@@]35C(=O)C[C@]12C)N(C)C,10,chembal.csv,0,LXDBYLCKHFKKMI-GDDBXAOJSA-N,610.655,6.136,62.13,1,5,3,6,0
CHEMBL391866,CC(C)[C@H]1N[C@H]2CC[C@]34C[C@]35C(=O)C[C@]3(C)[C@@H]([C@H](C)N(C)C)C(O)C[C@@]3(C)[C@@H]5CC[C@H]4[C@]2(C)CO1,10,chembal.csv,0,ASXZAZOQBMFRBF-CVZNIANHSA-N,486.741,4.476,61.8,2,5,3,6,0
CHEMBL391685,CC(C)C(=O)N[C@H]1CCC23CC24C(=O)C[C@]2(C)[C@@H]([C@H](C)N(C)C)[C@H](O)C[C@@]2(C)[C@@H]4CC[C@H]3[C@]1(C)CO,10,chembal.csv,0,PZQLEQUEGAJQMS-AJRVKQTLSA-N,502.74,3.639,89.87,3,5,5,5,0
CHEMBL1783522,CC(=O)N(C)[C@@H](C)[C@H]1[C@H](O)C[C@@]2(C)[C@@H]3CC[C@H]4[C@]5(C)CSC(C(C)C)=N[C@H]5CC[C@@]45C[C@@]35C(=O)C[C@]12C,10,chembal.csv,0,USMPQJQUGATUJU-FPIMZWEASA-N,528.803,5.592,69.97,1,5,3,6,0
CHEMBL1783524,CC(C)C1=N[C@H]2CC[C@]34C[C@]35C(=O)C[C@]3(C)[C@@H]([C@H](C)N(C)C(=O)OC(C)(C)C)[C@H](O)C[C@@]3(C)[C@@H]5CC[C@H]4[C@]2(C)CS1,10,chembal.csv,0,YQRCNYYDEFPBOB-RQTKVAEISA-N,586.883,6.981,79.2,1,6,3,6,0
CHEMBL1783518,CC(C)C1=N[C@H]2CC[C@]34C[C@]35C(=O)C[C@]3(C)[C@@H]([C@H](C)N(C)Cc6ccc(C(F)(F)F)cc6)[C@H](O)C[C@@]3(C)[C@@H]5CC[C@H]4[C@]2(C)CS1,10,chembal.csv,0,AGHZIEXSJDHZPW-NGZBDLKASA-N,644.888,8.265,52.9,1,5,5,7,1
CHEMBL1783529,C[C@@H]([C@H]1[C@H](O)C[C@@]2(C)[C@@H]3CC[C@H]4[C@]5(C)COC(C(F)(F)F)=N[C@H]5CC[C@@]45C[C@@]35C(=O)C[C@]12C)N(C)C,10,chembal.csv,0,OCJHMOWUBWLDOJ-GDDBXAOJSA-N,510.641,4.865,62.13,1,5,2,6,0
CHEMBL1783517,CC(C)C1=N[C@H]2CC[C@]34C[C@]35C(=O)C[C@]3(C)[C@@H]([C@H](C)N(C)Cc6cccc(C(F)(F)F)c6)[C@H](O)C[C@@]3(C)[C@@H]5CC[C@H]4[C@]2(C)CS1,10,chembal.csv,0,WOMHDKBUDDJYHQ-NGZBDLKASA-N,644.888,8.265,52.9,1,5,5,7,1
CHEMBL238062,CC(C)C1=N[C@H]2CC[C@]34C[C@]35C(=O)C[C@]3(C)[C@@H]([C@H](C)N(C)C)[C@H](O)C[C@@]3(C)[C@@H]5CC[C@H]4[C@]2(C)CN1,10,chembal.csv,0,SFXVFHUGPHQWAG-PDIVMOMKSA-N,483.741,4.532,64.93,2,5,3,6,0
21589093,CC(C)C(=O)N[C@H]1CC[C@]23C[C@]24C(=O)C[C@]2(C)[C@@H]([C@H](C)N(C)C)[C@H](O)C[C@@]2(C)[C@@H]4CC[C@H]3[C@]1(C)CO,10,pubchem.csv,0,PZQLEQUEGAJQMS-PDIVMOMKSA-N,502.74,3.639,89.87,3,5,5,5,0
23634875,CC(C)[C@H]1N[C@H]2CC[C@]34C[C@]35C(=O)C[C@]3(C)[C@@H]([C@H](C)N(C)C)[C@H](O)C[C@@]3(C)[C@@H]5CC[C@H]4[C@]2(C)CO1,10,pubchem.csv,0,ASXZAZOQBMFRBF-KTTGLQNWSA-N,486.741,4.476,61.8,2,5,3,6,0
23635000,CN[C@@H](C)[C@H]1[C@H](O)C[C@@]2(C)[C@@H]3CC[C@H]4[C@](C)(CO)[C@@H](NC(=O)C(C)C)CC[C@@]45C[C@@]35C(=O)C[C@]12C,1.44,pubchem.csv,0,YFRKHWOYCOLFQE-LAYXPMECSA-N,488.713,3.296,98.66,4,5,5,5,0
CHEMBL3946448,COc1ccc2[nH]c3c(C(=O)c4ccc(C(F)(F)F)cc4)nccc3c2c1,1.42,chembal.csv,0,HBQCYMKZQLGRJX-UHFFFAOYSA-N,370.33,4.975,54.98,1,3,3,4,4
CHEMBL4798445,O=C(/C=C/c1ccc(OCCCCN2CCCC2)cc1)c1c(O)cc(OCCCCN2CCCC2)cc1O,1.8,chembal.csv,0,QOSSCOVDLSVVJA-SDNWHVSQSA-N,522.686,5.504,82.47,2,7,15,4,2
CHEMBL3895852,CN(C)C(=O)Oc1cccc(/C=C/C(=O)c2cccc(O)c2)c1,1.91,chembal.csv,0,DMIPCQXUJFTZCN-MDZDMXLPSA-N,311.337,3.349,66.84,1,4,4,2,2
CHEMBL3980820,CN(C)C(=O)Oc1cccc(/C=C/C(=O)c2ccc(O)cc2)c1,2.19,chembal.csv,0,CDYZIDMUJMIFTH-IZZDOVSWSA-N,311.337,3.349,66.84,1,4,4,2,2
CHEMBL3943230,CCN(C)C(=O)Oc1cccc(/C=C/C(=O)c2ccc(O)cc2)c1,2.52,chembal.csv,0,SWYKIYSDCCYKPV-KPKJPENVSA-N,325.364,3.739,66.84,1,4,5,2,2
CHEMBL362378,CC1(C)C=Cc2c(ccc(C(=O)/C=C/c3ccc(O)cc3)c2O)O1,2.57,chembal.csv,0,IQHPDUUSMBMDGN-WEVVVXLNSA-N,322.36,4.178,66.76,2,4,3,3,2
CHEMBL5185065,COc1cccc(C(=O)Cc2ncc(C(=O)N(C)CCCOc3ccc([N+](=O)[O-])cc3)cn2)c1,2.59,chembal.csv,0,RHNUQUBOFJPVQT-UHFFFAOYSA-N,464.478,3.36,124.76,0,8,11,3,3
CHEMBL3951968,CCN(C)C(=O)Oc1cccc(/C=C/C(=O)c2cccc(O)c2)c1,2.87,chembal.csv,0,ZCXILFXIEBEMSX-ZHACJKMWSA-N,325.364,3.739,66.84,1,4,5,2,2
CHEMBL4466019,CCN(C)C(=O)Oc1cccc(/C=C/C(=O)c2ccccc2O)c1,3.1,chembal.csv,0,MFXKQHXOACNCJP-VAWYXSNFSA-N,325.364,3.739,66.84,1,4,5,2,2
CHEMBL3948367,COc1ccc(/C=C/C(=O)c2cccc(OC(=O)N(C)C)c2)cc1,3.37,chembal.csv,0,ZHTAQWCOSSSQEW-FMIVXFBMSA-N,325.364,3.652,55.84,0,4,5,2,2
CHEMBL5205468,COc1ccc(C(=O)Cc2ncc(C(=O)NCc3cccs3)cn2)cc1,3.45,chembal.csv,0,OUEIMIQGMDJTQI-UHFFFAOYSA-N,367.43,2.902,81.18,1,6,7,3,3
CHEMBL5185240,COc1cc(/C=C/c2cc(=O)oc3c2ccc2oc(-c4ccc(Cl)cc4)cc23)cc(OC)c1,3.5,chembal.csv,0,LHNGYBCRWZUKJD-ONEGZZNKSA-N,458.897,7.047,61.81,0,5,5,5,5
CHEMBL5169638,COc1cc(/C=C/c2cc(=O)oc3c2ccc2oc(-c4ccc(C)cc4)cc23)cc(OC)c1,3.5,chembal.csv,0,WMOIBRASIVKPQO-RMKNXTFCSA-N,438.479,6.702,61.81,0,5,5,5,5
CHEMBL5202541,COc1cc(/C=C/c2cc(=O)oc3c2ccc2oc(-c4cccc(F)c4)cc23)cc(OC)c1,3.5,chembal.csv,0,SVFJYZVSHWUWHU-VOTSOKGWSA-N,442.442,6.533,61.81,0,5,5,5,5
CHEMBL5196941,COc1cc(/C=C/c2cc(=O)oc3c2ccc2oc(-c4ccc(F)cc4)cc23)cc(OC)c1,3.5,chembal.csv,0,MNOAIZGZMMBMDR-ONEGZZNKSA-N,442.442,6.533,61.81,0,5,5,5,5
CHEMBL5197349,COc1cc(/C=C/c2cc(=O)oc3c2ccc2oc(-c4cccc(Cl)c4)cc23)cc(OC)c1,3.5,chembal.csv,0,PPHKMHMVYFIODG-VOTSOKGWSA-N,458.897,7.047,61.81,0,5,5,5,5
CHEMBL5200035,COc1ccc(-c2cc3c(ccc4c(/C=C/c5cc(OC)cc(OC)c5)cc(=O)oc43)o2)cc1,3.5,chembal.csv,0,QIMIRHMROLJATG-SNAWJCMRSA-N,454.478,6.402,71.04,0,6,6,5,5
CHEMBL5176910,COc1cc(/C=C/c2cc(=O)oc3c2ccc2oc(-c4ccccc4)cc23)cc(OC)c1,3.5,chembal.csv,0,SIZIRUSXNIUVQH-CMDGGOBGSA-N,424.452,6.394,61.81,0,5,5,5,5
CHEMBL4777899,O=C(/C=C/c1ccc(OCCCCN2CCCCC2)cc1)c1c(O)cc(OCCCCN2CCCCC2)cc1O,3.7,chembal.csv,0,XBDYTEFXMPXJIS-DTQAZKPQSA-N,550.74,6.284,82.47,2,7,15,4,2
CHEMBL3781564,C[N+](C)(C)CCOC(=O)c1ccc(Oc2nc(Oc3ccc(C(=O)OCC[N+](C)(C)C)cc3)nc(Oc3ccc(C(=O)OCC[N+](C)(C)C)cc3)n2)cc1,3.9,chembal.csv,0,BLMNXXGEDNNOQP-UHFFFAOYSA-N,747.87,4.838,145.26,0,12,18,4,4
CHEMBL4454301,CCCCCNc1ccc(C(=O)c2c(-c3ccc(OC)cc3)oc3ccccc23)cc1,3.9,chembal.csv,0,PTDSWDUOQMHWJA-UHFFFAOYSA-N,413.517,6.942,51.47,1,4,9,4,4
CHEMBL3939604,CCN(C)C(=O)Oc1cccc(C(=O)/C=C/c2ccc(OC)cc2)c1,3.93,chembal.csv,0,KTIOWMNFXYZFLT-JLHYYAGUSA-N,339.391,4.042,55.84,0,4,6,2,2
CHEMBL3896326,CCN(C)C(=O)Oc1cccc(C(=O)/C=C/c2ccc(O)cc2)c1,4.37,chembal.csv,0,NGIRCBMKOYTCIL-FMIVXFBMSA-N,325.364,3.739,66.84,1,4,5,2,2
CHEMBL3920567,CCN(C)C(=O)Oc1ccccc1C(=O)/C=C/c1ccc(O)cc1,4.37,chembal.csv,0,SNHVJMXFBALXLE-JLHYYAGUSA-N,325.364,3.739,66.84,1,4,5,2,2
CHEMBL3972801,CN(C)C(=O)Oc1ccc(/C=C/C(=O)c2ccc(O)cc2)cc1,4.48,chembal.csv,0,BJKHRBACGDJWHN-LFYBBSHMSA-N,311.337,3.349,66.84,1,4,4,2,2
CHEMBL409854,C[C@@H]([C@H]1CC[C@H]2[C@@H]3CC[C@H]4C[C@@H](N(C)C(=O)/C=C/c5ccccc5)CC[C@]4(C)[C@H]3CC[C@]12C)N(C)C,4.84,chembal.csv,0,QRUDUXILSDZJOY-URJXLLGMSA-N,490.776,7.136,23.55,0,2,5,5,1
CHEMBL3770203,COc1ccc(C(=O)N2c3ccccc3[Se]c3ccc(Cl)cc32)cc1,4.9,chembal.csv,0,XHNYLCDQTSDLAN-UHFFFAOYSA-N,414.75,3.296,29.54,0,2,2,4,3
CHEMBL1801816,COc1ccc(C(=O)N2c3ccccc3Sc3ccc(Cl)cc32)cc1,5.3,chembal.csv,0,CSWHYHPUEDNIQY-UHFFFAOYSA-N,367.857,5.792,29.54,0,3,2,4,3
CHEMBL3930610,CCN(C)C(=O)Oc1ccc(/C=C/C(=O)c2cccc(O)c2)cc1,5.6,chembal.csv,0,ONODBQMJEBAXKK-FMIVXFBMSA-N,325.364,3.739,66.84,1,4,5,2,2
CHEMBL3769555,COc1ccc(C(=O)N2c3ccccc3[Se]c3ccc(Cl)cc32)cc1OC,5.7,chembal.csv,0,GDNYKZBBMBYGFY-UHFFFAOYSA-N,444.776,3.304,38.77,0,3,3,4,3
CHEMBL5203792,COc1ccc(C(=O)Cc2ncc(C(=O)N(C)CCCOc3ccc([N+](=O)[O-])cc3)cn2)cc1OC,5.73,chembal.csv,0,ZRIATZZGPDRBDZ-UHFFFAOYSA-N,494.504,3.369,133.99,0,9,12,3,3
CHEMBL3934261,CCN(C)C(=O)Oc1ccc(/C=C/C(=O)c2ccc(O)cc2)cc1,6.08,chembal.csv,0,CULOXAYDAWNVHM-AWNIVKPZSA-N,325.364,3.739,66.84,1,4,5,2,2
CHEMBL5204734,CN(CCCOc1ccc([N+](=O)[O-])cc1)C(=O)c1cnc(CC(=O)c2ccccc2)nc1,6.08,chembal.csv,0,BXIOHUDJFOISAV-UHFFFAOYSA-N,434.452,3.351,115.53,0,7,10,3,3
CHEMBL5171192,COc1ccc(C(=O)Cc2ncc(C(=O)N(C)CCCOc3ccc(C(F)(F)F)cc3)cn2)cc1,6.24,chembal.csv,0,SUXXPTABOIXEMZ-UHFFFAOYSA-N,487.478,4.471,81.62,0,6,10,3,3
CHEMBL5182136,COc1cc(/C=C/c2cc(=O)oc3c2ccc2oc(-c4cc(OC)cc(OC)c4)cc23)cc(OC)c1,6.3,chembal.csv,0,DXJLEIVEYFLNDY-AATRIKPKSA-N,484.504,6.411,80.27,0,7,7,5,5
CHEMBL5171010,CCOc1ccc(C(=O)Cc2ncc(C(=O)N(C)CCCOc3ccc([N+](=O)[O-])cc3)cn2)cc1,6.66,chembal.csv,0,GDRNTAGWOJVGBL-UHFFFAOYSA-N,478.505,3.75,124.76,0,8,12,3,3
CHEMBL3902620,CCN(C)C(=O)Oc1ccc(C(=O)/C=C/c2ccc(OC)cc2)cc1,7.36,chembal.csv,0,OMBSZDNOEIPQLC-VGOFMYFVSA-N,339.391,4.042,55.84,0,4,6,2,2
CHEMBL2381400,CCN(CC)Cc1cccc(C(=O)/C=C/c2ccc(-c3ccccc3)cc2)c1,8.27,chembal.csv,0,SITVQBISBMTIAC-OBGWFSINSA-N,369.508,6.092,20.31,0,2,8,3,3
CHEMBL5193255,COc1ccc(C(=O)Cc2ncc(C(=O)N(C)CCCOc3ccc(OC)c(OC)c3)cn2)cc1,8.3,chembal.csv,0,LEXCASURBOWUBQ-UHFFFAOYSA-N,479.533,3.469,100.08,0,8,12,3,3
CHEMBL4782832,CCN(CC)CCCCOc1ccc(/C=C/C(=O)c2c(O)cc(OCCCCN(CC)CC)cc2O)cc1,8.3,chembal.csv,0,OGHSLHAXPVLHBD-OBGWFSINSA-N,526.718,5.996,82.47,2,7,19,2,2
CHEMBL5186051,COc1ccc(C(=O)Cc2ncc(C(=O)N(C)CCCOc3cccc(OC)c3)cn2)cc1,8.36,chembal.csv,0,ZCCKPXAWGIUKEJ-UHFFFAOYSA-N,449.507,3.46,90.85,0,7,11,3,3
CHEMBL3339001,CCCN(CCC)CCCCOc1ccc(C(=O)/C=C/c2ccccc2)cc1,8.84,chembal.csv,0,UTANHRBMHJQKJU-SFQUDFHCSA-N,379.544,5.864,29.54,0,3,13,2,2
CHEMBL3770978,COc1ccc(C(=O)N2c3ccccc3[Se]c3ccccc32)cc1OC,9.1,chembal.csv,0,YEHFSSWVVCTEIL-UHFFFAOYSA-N,410.331,2.651,38.77,0,3,3,4,3
CHEMBL5196988,COc1ccc(OCCCN(C)C(=O)c2cnc(CC(=O)c3ccc(OC)cc3)nc2)cc1,9.16,chembal.csv,0,PMBFHRFBVLAAAI-UHFFFAOYSA-N,449.507,3.46,90.85,0,7,11,3,3
CHEMBL3769833,COc1cccc(C(=O)N2c3ccccc3[Se]c3ccccc32)c1,9.6,chembal.csv,0,IPZGCQPSTXGNCD-UHFFFAOYSA-N,380.305,2.642,29.54,0,2,2,4,3
CHEMBL5187324,CN(CCCOc1ccc([N+](=O)[O-])cc1)C(=O)c1cnc(CC(=O)c2cccs2)nc1,10,chembal.csv,0,FJTAEXLOOHICDN-UHFFFAOYSA-N,440.481,3.413,115.53,0,8,10,3,3
CHEMBL3947474,COc1ccc2[nH]c3c(C(=O)c4ccc(F)cc4)nccc3c2c1,10,chembal.csv,0,IULXYZTYNBMBDB-UHFFFAOYSA-N,320.323,4.095,54.98,1,3,3,4,4
CHEMBL3339000,CCCN(CCC)CCCOc1ccc(C(=O)/C=C/c2ccccc2)cc1,10.13,chembal.csv,0,VKRUTZNBSPTBLZ-LFIBNONCSA-N,365.517,5.474,29.54,0,3,12,2,2
CHEMBL3338996,CCN(CC)CCCCOc1ccc(C(=O)/C=C/c2ccccc2)cc1,10.24,chembal.csv,0,ISLIMYOAPXHFPS-SFQUDFHCSA-N,351.49,5.084,29.54,0,3,11,2,2
CHEMBL3338994,CN(C)CCCCCCOc1ccc(C(=O)/C=C/c2ccccc2)cc1,10.42,chembal.csv,0,KAPNBNVSRUAOSY-SFQUDFHCSA-N,351.49,5.084,29.54,0,3,11,2,2
CHEMBL3769576,COc1ccc(C(=O)N2c3ccccc3[Se]c3ccccc32)cc1,11.1,chembal.csv,0,IWDIEKVSHZWZHN-UHFFFAOYSA-N,380.305,2.642,29.54,0,2,2,4,3
CHEMBL3338992,CN(C)CCCCOc1ccc(C(=O)/C=C/c2ccccc2)cc1,11.75,chembal.csv,0,RVSWJJUCVKQQRU-XNTDXEJSSA-N,323.436,4.303,29.54,0,3,9,2,2
CHEMBL150755,O=C(/C=C/c1ccccc1O)c1ccccc1O,13,chembal.csv,0,KSHCTKZLHCSARH-MDZDMXLPSA-N,240.258,2.994,57.53,2,3,3,2,2
CHEMBL5172343,COc1ccc(C(=O)Cc2ncc(C(=O)N(C)CCCOc3ccc([N+](=O)[O-])cc3)cn2)cc1,13.1,chembal.csv,0,PUEOTPVKJIFUJO-UHFFFAOYSA-N,464.478,3.36,124.76,0,8,11,3,3
CHEMBL4442990,COc1ccc(-c2oc3ccccc3c2C(=O)c2ccc(NCc3ccc(F)cc3)cc2)cc1,13.4,chembal.csv,0,DGMAZLYSMDRMCJ-UHFFFAOYSA-N,451.497,7.091,51.47,1,4,7,5,5
CHEMBL4476091,O=C(/C=C/c1ccccc1)c1ccc(OCCCCCCN2CCCC2)cc1O,15.8,chembal.csv,0,RDXMXMFYYIGFGR-NTCAYCPXSA-N,393.527,5.323,49.77,1,4,11,3,2
CHEMBL3338993,CN(C)CCCCCOc1ccc(C(=O)/C=C/c2ccccc2)cc1,17.42,chembal.csv,0,BHKLGNHQHWPMAB-LFIBNONCSA-N,337.463,4.693,29.54,0,3,10,2,2
CHEMBL3338998,CCN(CC)CCCCCCOc1ccc(C(=O)/C=C/c2ccccc2)cc1,18.47,chembal.csv,0,PVEJQZQWFCSZEK-XMHGGMMESA-N,379.544,5.864,29.54,0,3,13,2,2
CHEMBL3769537,COc1cccc(C(=O)N2c3ccccc3[Se]c3ccc(Cl)cc32)c1,19.3,chembal.csv,0,VCIWBDDYIOWPAI-UHFFFAOYSA-N,414.75,3.296,29.54,0,2,2,4,3
CHEMBL3338995,CCN(CC)CCCOc1ccc(C(=O)/C=C/c2ccccc2)cc1,20.12,chembal.csv,0,BPMPNPLVKPBXMX-LFIBNONCSA-N,337.463,4.693,29.54,0,3,10,2,2
CHEMBL2158994,CN(C)CCOc1ccc(C(=O)/C=C/c2ccccc2)cc1,20.36,chembal.csv,0,AAJCCATVSUSRCY-MDWZMJQESA-N,295.382,3.523,29.54,0,3,7,2,2
CHEMBL5316225,C[C@@H]1[C@@H](C)[C@H](C)O[C@@H](O[C@@H]2[C@@H](O)[C@H](OCCc3ccc(O)c(O)c3)O[C@H](CO[C@@H]3OC[C@](O)(CO)[C@H]3O)[C@H]2OC(=O)/C=C/c2ccc(O)c(O)c2)[C@@H]1C,21.1,chembal.csv,0,OBJQKPXLHQUYSF-GMDSVFOVSA-N,750.791,1.275,243.52,8,16,13,5,2
CHEMBL5208951,COc1cc2c(Nc3ccc(C(=O)/C=C/c4nc(C)c(C)nc4C)cc3)ncnc2c(OC)c1OC,22.4,chembal.csv,0,UZXQWOTYFRAWSY-VAWYXSNFSA-N,485.544,5.011,108.35,1,9,8,4,4
CHEMBL1327885,COc1cccc(C(=O)N2c3ccccc3Sc3ccccc32)c1,25.5,chembal.csv,0,FBPIHVVAHJTNMC-UHFFFAOYSA-N,333.412,5.138,29.54,0,3,2,4,3
CHEMBL2236848,Nc1ccc(C(=O)/C=C/c2ccccc2Br)cc1,26,chembal.csv,0,OXKOESDFXQODMU-JXMROGBWSA-N,302.171,3.927,43.09,1,2,3,2,2
CHEMBL3338997,CCN(CC)CCCCCOc1ccc(C(=O)/C=C/c2ccccc2)cc1,26.33,chembal.csv,0,OWMPRCQDWQPQGC-QGOAFFKASA-N,365.517,5.474,29.54,0,3,12,2,2
CHEMBL104732,COc1ccccc1/C=C/C(=O)c1ccccc1,27,chembal.csv,0,ZWTRSTWJBWJEFR-VAWYXSNFSA-N,238.286,3.591,26.3,0,2,4,2,2
CHEMBL5186394,COc1ccc(C(=O)Cc2ncc(C(=O)N(C)CCCOc3c(F)c(F)c(F)c(F)c3F)cn2)cc1,28.9,chembal.csv,0,MEQXHKNKEORMGO-UHFFFAOYSA-N,509.431,4.147,81.62,0,6,10,3,3
CHEMBL3586196,C[C@@]12CC[C@@H]3[C@](C)(CC[C@H](OC(=O)/C=C/c4ccc(O)cc4)[C@]3(C)C(=O)O)[C@H]1CC[C@H]1C(=CC[C@@H]3[C@]1(C)CC[C@@H](O)[C@]3(C)CO)C2,30,chembal.csv,0,BCAMKAQICOLQNL-BUSOGWCSSA-N,634.854,7.147,124.29,4,6,5,6,1
CHEMBL5171268,COc1ccc(C(=O)Cc2ncc(C(=O)NCc3ccc(OC)c(OC)c3)cn2)cc1,30.7,chembal.csv,0,JFUFSEXREKKJTN-UHFFFAOYSA-N,421.453,2.858,99.64,1,7,9,3,3
CHEMBL3770206,COc1cccc(C(=O)N2c3ccccc3Sc3ccc(Cl)cc32)c1,30.8,chembal.csv,0,AQAZJOFHIHBSHN-UHFFFAOYSA-N,367.857,5.792,29.54,0,3,2,4,3
CHEMBL5199425,COc1ccc(C(=O)Cc2ncc(C(=O)Nc3ccncc3)cn2)cc1,31.4,chembal.csv,0,JQDMMSOGPFQLQX-UHFFFAOYSA-N,348.362,2.558,94.07,1,6,6,3,3
CHEMBL3337471,CCN(CC)CCOc1ccc(C(=O)/C=C/c2ccccc2)cc1,31.59,chembal.csv,0,LZBQTJUASOHOGJ-XNTDXEJSSA-N,323.436,4.303,29.54,0,3,9,2,2
CHEMBL318170,COc1cccc(/C=C/C(=O)c2ccccc2)c1,32,chembal.csv,0,IWFHVAAFIDSBRL-ZHACJKMWSA-N,238.286,3.591,26.3,0,2,4,2,2
CHEMBL106771,O=C(/C=C/c1ccc([N+](=O)[O-])cc1)c1ccccc1,32,chembal.csv,0,WDZGGAFMGIOIQS-DHZHZOJOSA-N,253.257,3.491,60.21,0,3,4,2,2
CHEMBL3338991,CN(C)CCCOc1ccc(C(=O)/C=C/c2ccccc2)cc1,32.29,chembal.csv,0,STVVQRFWCYQVJC-NTEUORMPSA-N,309.409,3.913,29.54,0,3,8,2,2
CHEMBL3770071,COc1ccc(C(=O)N2c3ccccc3Sc3ccc(Cl)cc32)cc1OC,32.6,chembal.csv,0,SBUYGLZLKPSUAZ-UHFFFAOYSA-N,397.883,5.8,38.77,0,4,3,4,3
CHEMBL5430903,Cc1cc(C)c(C(=O)/C=C/c2nc(C)c(C)nc2C)cc1C,37.6,chembal.csv,0,WEQSWNWRNIQWLG-BQYQJAHWSA-N,294.398,4.223,42.85,0,3,3,2,2
CHEMBL5412278,COC(=O)c1cc(C(=O)c2ccc(OC)cc2)n2ccc(CCCc3cc[n+](C)cc3)cc12,38.9,chembal.csv,0,IILWHJNAPFMQIG-UHFFFAOYSA-N,443.523,3.965,60.89,0,5,8,4,4
CHEMBL3339002,CCCN(CCC)CCCCCOc1ccc(C(=O)/C=C/c2ccccc2)cc1,39.65,chembal.csv,0,XFAHZNSSWZADPT-QGOAFFKASA-N,393.571,6.254,29.54,0,3,14,2,2
CHEMBL3339003,CCCN(CCC)CCCCCCOc1ccc(C(=O)/C=C/c2ccccc2)cc1,40.74,chembal.csv,0,FMUZATLUEINRSD-XMHGGMMESA-N,407.598,6.644,29.54,0,3,15,2,2
CHEMBL3339006,CCCCN(CCCC)CCCCOc1ccc(C(=O)/C=C/c2ccccc2)cc1,41.91,chembal.csv,0,GTRFZKVGZAEOAG-XMHGGMMESA-N,407.598,6.644,29.54,0,3,15,2,2
CHEMBL105496,COc1ccc(/C=C/C(=O)c2ccccc2)cc1,42,chembal.csv,0,XUFXKBJMCRJATM-FMIVXFBMSA-N,238.286,3.591,26.3,0,2,4,2,2
CHEMBL3770356,COc1ccc(C(=O)N2c3ccccc3Sc3ccccc32)cc1OC,45,chembal.csv,0,UYHKPWBWEXXTRW-UHFFFAOYSA-N,363.438,5.147,38.77,0,4,3,4,3
CHEMBL5208032,CN(CCCOc1ccc([N+](=O)[O-])cc1)C(=O)c1cnc(CC(=O)c2ccc3c(c2)OCO3)nc1,48.4,chembal.csv,0,DVLUABFMKPMTHL-UHFFFAOYSA-N,478.461,3.08,133.99,0,9,10,4,3
CHEMBL3338999,CCCN(CCC)CCOc1ccc(C(=O)/C=C/c2ccccc2)cc1,52.58,chembal.csv,0,CYXQEUZERTYIOY-XNTDXEJSSA-N,351.49,5.084,29.54,0,3,11,2,2
CHEMBL239618,COc1ccc(C(=O)N2c3ccccc3Sc3ccccc32)cc1,53,chembal.csv,0,IZSLOMAFSBIAQQ-UHFFFAOYSA-N,333.412,5.138,29.54,0,3,2,4,3
CHEMBL3339005,CCCCN(CCCC)CCCOc1ccc(C(=O)/C=C/c2ccccc2)cc1,68.25,chembal.csv,0,KLRIJLFABLDPHK-QGOAFFKASA-N,393.571,6.254,29.54,0,3,14,2,2
CHEMBL3339008,CCCCN(CCCC)CCCCCCOc1ccc(C(=O)/C=C/c2ccccc2)cc1,75.09,chembal.csv,0,VOUFMSFNFPJONY-LTGZKZEYSA-N,435.652,7.424,29.54,0,3,17,2,2
CHEMBL32147,O=C(/C=C/c1ccccc1)c1ccccc1O,84,chembal.csv,0,AETKQQBRKSELEL-ZHACJKMWSA-N,224.259,3.288,37.3,1,2,3,2,2
CHEMBL7976,O=C(/C=C/c1ccccc1)c1ccccc1,87,chembal.csv,0,DQFBYFPFKXHELB-VAWYXSNFSA-N,208.26,3.583,17.07,0,1,3,2,2
CHEMBL3289929,CCOC(OCC)c1ccc(/C=C/C(=O)/C=C/c2ccc(C(OCC)OCC)cc2)cc1,88.93,chembal.csv,0,AOWXEKJUCRUODJ-IWGRKNQJSA-N,438.564,6.126,53.99,0,5,14,2,2
CHEMBL3339007,CCCCN(CCCC)CCCCCOc1ccc(C(=O)/C=C/c2ccccc2)cc1,96.92,chembal.csv,0,MEFZPTXGKDSQNJ-HMMYKYKNSA-N,421.625,7.034,29.54,0,3,16,2,2
CHEMBL3289939,CN(C)c1ccc(/C=C/C(=O)/C=C/c2ccc(N(C)C)cc2[N+](=O)[O-])c([N+](=O)[O-])c1,100,chembal.csv,0,HZCDCDUVTDZUPK-MKICQXMISA-N,410.43,3.931,109.83,0,7,8,2,2
CHEMBL5286597,CCN(CC)CCCCOc1cc(O)c2c(=O)c(-c3ccc(O)cc3)coc2c1,100,chembal.csv,0,QESLWZFHJYKHOG-UHFFFAOYSA-N,397.471,4.372,83.14,2,6,9,3,3
CHEMBL369768,COc1ccc(/C=C/C(=O)c2ccc3c(c2O)C=CC(C)(C)O3)cc1,101.91,chembal.csv,0,XEVCTBKORYCFCZ-UXBLZVDNSA-N,336.387,4.481,55.76,1,4,4,3,2
CHEMBL147067,O=C(/C=C/c1ccccc1O)c1ccccc1,105,chembal.csv,0,UDOOPSJCRMKSGL-ZHACJKMWSA-N,224.259,3.288,37.3,1,2,3,2,2
CHEMBL469166,COc1ccc(/C=C/C(=O)c2ccc(N)cc2)cc1,119,chembal.csv,0,QIFZZXZSSXRDOT-NYYWCZLTSA-N,253.301,3.174,52.32,1,3,4,2,2
CHEMBL3339004,CCCCN(CCCC)CCOc1ccc(C(=O)/C=C/c2ccccc2)cc1,279.11,chembal.csv,0,IJEFJFYDAQSXFA-SFQUDFHCSA-N,379.544,5.864,29.54,0,3,13,2,2
CHEMBL276473,O=C(/C=C/c1ccccc1)c1ccc(O)cc1,500,chembal.csv,0,UAHGNXFYLAJDIN-IZZDOVSWSA-N,224.259,3.288,37.3,1,2,3,2,2
CHEMBL2414859,COc1ccc(/C=N/NC(=O)Nc2ccncc2)cc1,786.5,chembal.csv,0,ZZYHSQUEYLZWSM-MHWRWJLKSA-N,270.292,2.246,75.61,2,4,4,2,2
CHEMBL295124,COc1ccc2cc3[n+](cc2c1OC)CCc1cc2c(cc1-3)OCO2,1.09,chembal.csv,0,YBHILYKTIRIUTE-UHFFFAOYSA-N,336.367,3.096,40.8,0,4,2,5,3
CHEMBL4747577,COc1ccc2cc3[n+](cc2c1OCc1ccc2ccccc2c1)CCc1cc2c(cc1-3)OCO2,1.26,chembal.csv,0,VCOKOIFTYIMJJA-UHFFFAOYSA-N,462.525,5.82,40.8,0,4,4,7,5
CHEMBL4758271,COc1ccc2cc3[n+](cc2c1OCc1ccc(C(C)C)cc1)CCc1cc2c(cc1-3)OCO2,2.6,chembal.csv,0,RQOFJLSQOIAJOK-UHFFFAOYSA-N,454.546,5.79,40.8,0,4,5,6,4
CHEMBL4790739,COc1ccc2cc3[n+](cc2c1OCc1ccc(SC)cc1)CCc1cc2c(cc1-3)OCO2,2.9,chembal.csv,0,RLMPEWYPEXSDLV-UHFFFAOYSA-N,458.559,5.389,40.8,0,5,5,6,4
CHEMBL4747158,COc1ccc2cc3[n+](cc2c1OCc1ccc(Cl)c(Cl)c1)CCc1cc2c(cc1-3)OCO2,3.6,chembal.csv,0,OUWGJNPXNMQMMF-UHFFFAOYSA-N,481.355,5.974,40.8,0,4,4,6,4
CHEMBL4789099,COc1ccc2cc3[n+](cc2c1OCc1cc(C)cc(C)c1)CCc1cc2c(cc1-3)OCO2,3.7,chembal.csv,0,XLGKBJKHBLDFNJ-UHFFFAOYSA-N,440.519,5.284,40.8,0,4,4,6,4
CHEMBL4745801,COc1ccc2cc3[n+](cc2c1OCc1ccccc1Br)CCc1cc2c(cc1-3)OCO2,4,chembal.csv,0,WYAFBHCEHCPITE-UHFFFAOYSA-N,491.361,5.429,40.8,0,4,4,6,4
CHEMBL4762533,COc1ccc(COc2c(OC)ccc3cc4[n+](cc23)CCc2cc3c(cc2-4)OCO3)cc1,4.3,chembal.csv,0,ZEJGJFKQOJDBHC-UHFFFAOYSA-N,442.491,4.675,50.03,0,5,5,6,4
CHEMBL4748939,COC(=O)c1ccc(COc2c(OC)ccc3cc4[n+](cc23)CCc2cc3c(cc2-4)OCO3)cc1,4.9,chembal.csv,0,CLOMQWFIANXPLL-UHFFFAOYSA-N,470.501,4.453,67.1,0,6,5,6,4
CHEMBL4743436,COc1ccc2cc3[n+](cc2c1OCc1cccc(Br)c1)CCc1cc2c(cc1-3)OCO2,4.9,chembal.csv,0,QZPSMYUZXFIHBQ-UHFFFAOYSA-N,491.361,5.429,40.8,0,4,4,6,4
CHEMBL4745802,COc1ccc2cc3[n+](cc2c1OCc1ccc(C)cc1)CCc1cc2c(cc1-3)OCO2,5.8,chembal.csv,0,XLENQMCHWBYMNV-UHFFFAOYSA-N,426.492,4.975,40.8,0,4,4,6,4
CHEMBL4752813,COc1ccc2cc3[n+](cc2c1OC(C)c1ccccc1)CCc1cc2c(cc1-3)OCO2,5.8,chembal.csv,0,OWIJQTKCJXOUNO-UHFFFAOYSA-N,426.492,5.228,40.8,0,4,4,6,4
CHEMBL4753534,COc1ccc2cc3[n+](cc2c1OCc1cccc(Cl)c1)CCc1cc2c(cc1-3)OCO2,6.1,chembal.csv,0,QEDWUKAMQXUYNI-UHFFFAOYSA-N,446.91,5.32,40.8,0,4,4,6,4
CHEMBL4749346,COc1ccc2cc3[n+](cc2c1OCc1ccc(Cl)cc1)CCc1cc2c(cc1-3)OCO2,6.3,chembal.csv,0,VRPAOBPDQZGZET-UHFFFAOYSA-N,446.91,5.32,40.8,0,4,4,6,4
CHEMBL4759227,COc1ccc2cc3[n+](cc2c1OCc1cccc([N+](=O)[O-])c1)CCc1cc2c(cc1-3)OCO2,6.9,chembal.csv,0,QEACKGYEVKFPKO-UHFFFAOYSA-N,457.462,4.575,83.94,0,6,5,6,4
CHEMBL4762943,COc1cccc(COc2c(OC)ccc3cc4[n+](cc23)CCc2cc3c(cc2-4)OCO3)c1,7.4,chembal.csv,0,MBNODMHHMMYUBP-UHFFFAOYSA-N,442.491,4.675,50.03,0,5,5,6,4
CHEMBL3621413,COc1ccc2cc3[n+](cc2c1OCc1ccccc1)CCc1cc2c(cc1-3)OCO2,8,chembal.csv,0,GHGNTVMFYBGHCD-UHFFFAOYSA-N,412.465,4.667,40.8,0,4,4,6,4
CHEMBL4745328,COc1ccc2cc3[n+](cc2c1OCc1ccc([N+](=O)[O-])cc1)CCc1cc2c(cc1-3)OCO2,8,chembal.csv,0,FLPVNABKUUURNM-UHFFFAOYSA-N,457.462,4.575,83.94,0,6,5,6,4
CHEMBL13045,COc1ccc2c(c[n+](C)c3c4cc5c(cc4ccc23)OCO5)c1OC,8.58,chembal.csv,0,LLEJIEBFSOEYIV-UHFFFAOYSA-N,348.378,3.717,40.8,0,4,2,5,4
CHEMBL4752175,COc1ccc2cc3[n+](cc2c1OCc1ccc(C(F)(F)F)cc1)CCc1cc2c(cc1-3)OCO2,9.4,chembal.csv,0,IRUIAPYBTRKITC-UHFFFAOYSA-N,480.462,5.686,40.8,0,4,4,6,4
CHEMBL4761840,COc1ccc2cc3[n+](cc2c1OCc1ccc(Br)cc1)CCc1cc2c(cc1-3)OCO2,9.6,chembal.csv,0,KEOLOUZSLOEJHF-UHFFFAOYSA-N,491.361,5.429,40.8,0,4,4,6,4
CHEMBL4795843,COc1ccc2cc3[n+](cc2c1OCc1ccc(C#N)cc1)CCc1cc2c(cc1-3)OCO2,11.7,chembal.csv,0,HSRRXPTXNWLPHR-UHFFFAOYSA-N,437.475,4.538,64.59,0,5,4,6,4
CHEMBL4758460,COc1ccc2cc3[n+](cc2c1OCc1cccc(C)c1)CCc1cc2c(cc1-3)OCO2,14.1,chembal.csv,0,CLIQDANMNASFQG-UHFFFAOYSA-N,426.492,4.975,40.8,0,4,4,6,4
CHEMBL4756491,COc1ccc2cc3[n+](cc2c1OCc1ccccc1C)CCc1cc2c(cc1-3)OCO2,21.5,chembal.csv,0,PIIDRDTXOSKYMH-UHFFFAOYSA-N,426.492,4.975,40.8,0,4,4,6,4
CHEMBL11531,COc1ccc2cc3n(c(=O)c2c1OC)CCc1cc2c(cc1-3)OCO2,68,chembal.csv,0,ZHYQCBCBTQWPLC-UHFFFAOYSA-N,351.358,2.971,58.92,0,6,2,5,3
CHEMBL206106,COc1cc2c(cc1OC)-c1cc3ccc(OC)c(OC)c3c[n+]1CC2,100,chembal.csv,0,QUCQEUCGKKTEBI-UHFFFAOYSA-N,352.41,3.385,40.8,0,4,4,4,3
CHEMBL5434024,COc1cc2c(cc1O)CC[n+]1cc3c(OC)c(O)ccc3cc1-2,118.8,chembal.csv,0,XXLNLCVMHJBPLJ-UHFFFAOYSA-O,324.356,2.779,62.8,2,4,2,4,3
CHEMBL5425587,COc1cc2c(c(O)c1OC)CC[n+]1cc3c(OC)c(O)ccc3cc1-2,300,chembal.csv,0,XREHKJMMHNBWDC-UHFFFAOYSA-O,354.382,2.787,72.03,2,5,3,4,3
CHEMBL5079347,CO[C@H]1C[C@H]2C(=C[C@@H]1OC(=O)N1CCCCC1)[C@H]1CN2Cc2cc3c(cc21)OCO3,1.73,chembal.csv,0,MXFJNWCPEAGJKA-OZIGNCPNSA-N,412.486,3.033,60.47,0,6,2,6,1
CHEMBL5070022,CO[C@H]1C=C2[C@H]3CN(Cc4cc5c(cc43)OCO5)[C@H]2C[C@@H]1OC(=O)N1CCCCC1,6.54,chembal.csv,0,NAQHAFOWUQCIEC-OZIGNCPNSA-N,412.486,3.033,60.47,0,6,2,6,1
CHEMBL5090352,CO[C@H]1C=C2[C@H]3CN(Cc4cc5c(cc43)OCO5)[C@H]2C[C@@H]1OC(=O)c1ccc([N+](=O)[O-])cc1Cl,16.96,chembal.csv,0,IZOKBBBAZICBJX-UDSSINMLSA-N,484.892,3.829,100.37,0,8,4,6,2
CHEMBL5077463,CO[C@H]1C[C@H]2C(=C[C@@H]1OC(=O)c1ccoc1)[C@H]1CN2Cc2cc3c(cc21)OCO3,100,chembal.csv,0,KEHWXQVFNPFIFV-NTLWEQJWSA-N,395.411,2.86,70.37,0,7,3,6,2
CHEMBL4210016,CO[C@H]1C[C@H]2C(=C[C@@H]1O)[C@H]1CN2Cc2cc3c(cc21)OCO3,100,chembal.csv,0,ZSCIOAUFGUNSQT-AJNGGQMLSA-N,301.342,1.403,51.16,1,5,1,5,1
CHEMBL5077601,CO[C@H]1C=C2[C@H]3CN(Cc4cc5c(cc43)OCO5)[C@H]2C[C@@H]1OC(=O)c1ccc(Cl)c([N+](=O)[O-])c1,100,chembal.csv,0,AQHAZYYKLLYPIO-DMKCZBPRSA-N,484.892,3.829,100.37,0,8,4,6,2
CHEMBL5082296,CO[C@H]1C[C@H]2C(=C[C@@H]1OC(=O)c1ccccc1[N+](=O)[O-])[C@H]1CN2Cc2cc3c(cc21)OCO3,100,chembal.csv,0,AHLZTODDWYJSII-UDSSINMLSA-N,450.447,3.176,100.37,0,8,4,6,2
CHEMBL5075459,CO[C@H]1C[C@H]2C(=C[C@@H]1OC(=O)c1ccc(C)c([N+](=O)[O-])c1)[C@H]1CN2Cc2cc3c(cc21)OCO3,100,chembal.csv,0,OMZOMTHYCJMWFQ-FVLCUVFVSA-N,464.474,3.484,100.37,0,8,4,6,2
CHEMBL5088074,CO[C@H]1C[C@H]2C(=C[C@@H]1OCCN1CCCCC1)[C@H]1CN2Cc2cc3c(cc21)OCO3,100,chembal.csv,0,GTNNCQYBQQUTKI-FKEBYFGASA-N,412.53,2.913,43.4,0,6,5,6,1
CHEMBL5090722,CO[C@H]1C[C@H]2C(=C[C@@H]1OC(=O)c1ccccc1C)[C@H]1CN2Cc2cc3c(cc21)OCO3,100,chembal.csv,0,YLZVPLAICPKHDI-CIEVZJJWSA-N,419.477,3.576,57.23,0,6,3,6,2
CHEMBL5090057,CO[C@H]1C[C@H]2C(=C[C@@H]1OC(=O)C1CCCCC1)[C@H]1CN2Cc2cc3c(cc21)OCO3,100,chembal.csv,0,BJCVXBZBWHFIAQ-MXBUBSDBSA-N,411.498,3.534,57.23,0,6,3,6,1
CHEMBL5072956,COc1ccccc1C(=O)O[C@H]1C=C2[C@H]3CN(Cc4cc5c(cc43)OCO5)[C@H]2C[C@@H]1OC,100,chembal.csv,0,FQPCABGUSNRLJP-RSKVWTTASA-N,435.476,3.276,66.46,0,7,4,6,2
CHEMBL5077963,COc1ccc(C(=O)O[C@H]2C=C3[C@H]4CN(Cc5cc6c(cc54)OCO6)[C@H]3C[C@@H]2OC)cc1,100,chembal.csv,0,DLXGGOUXDARYMW-CIEVZJJWSA-N,435.476,3.276,66.46,0,7,4,6,2
CHEMBL5078674,COc1cccc(C(=O)O[C@H]2C=C3[C@H]4CN(Cc5cc6c(cc54)OCO6)[C@H]3C[C@@H]2OC)c1,100,chembal.csv,0,DSVGVVMVXWKBAQ-CIEVZJJWSA-N,435.476,3.276,66.46,0,7,4,6,2
CHEMBL5084173,CO[C@H]1C[C@H]2C(=C[C@@H]1OC(=O)c1cc(Br)cc([N+](=O)[O-])c1)[C@H]1CN2Cc2cc3c(cc21)OCO3,100,chembal.csv,0,LQUQMHWHAGTKJH-MXBUBSDBSA-N,529.343,3.938,100.37,0,8,4,6,2
CHEMBL5076593,CO[C@H]1C[C@H]2C(=C[C@@H]1OC(=O)c1ccccc1)[C@H]1CN2Cc2cc3c(cc21)OCO3,100,chembal.csv,0,CHRKYCQDEABPCW-MXBUBSDBSA-N,405.45,3.267,57.23,0,6,3,6,2
CHEMBL5078705,CO[C@H]1C[C@H]2C(=C[C@@H]1OC(=O)c1ccc([N+](=O)[O-])cc1)[C@H]1CN2Cc2cc3c(cc21)OCO3,100,chembal.csv,0,JQYSHHKUPCMQJE-MXBUBSDBSA-N,450.447,3.176,100.37,0,8,4,6,2
CHEMBL5083797,CO[C@H]1C[C@H]2C(=C[C@@H]1OC(=O)c1cc([N+](=O)[O-])cc([N+](=O)[O-])c1)[C@H]1CN2Cc2cc3c(cc21)OCO3,100,chembal.csv,0,KADCKFGWJPAORO-MXBUBSDBSA-N,495.444,3.084,143.51,0,10,5,6,2
CHEMBL5081301,CO[C@H]1C[C@H]2C(=C[C@@H]1OC(=O)c1cccc(C)c1)[C@H]1CN2Cc2cc3c(cc21)OCO3,100,chembal.csv,0,OBXGNCWEQDQKHJ-CIEVZJJWSA-N,419.477,3.576,57.23,0,6,3,6,2
CHEMBL5077388,CO[C@H]1C[C@H]2C(=C[C@@H]1OC(=O)c1cccs1)[C@H]1CN2Cc2cc3c(cc21)OCO3,100,chembal.csv,0,JVJVMBPVPXNEDR-BOSXTWCSSA-N,411.479,3.329,57.23,0,7,3,6,2
CHEMBL5087321,CO[C@H]1C[C@H]2C(=C[C@@H]1OC(=O)c1ccc(Cl)c([N+](=O)[O-])c1)[C@H]1CN2Cc2cc3c(cc21)OCO3,100,chembal.csv,0,UTWQQVAXYHDONA-DMKCZBPRSA-N,484.892,3.829,100.37,0,8,4,6,2
CHEMBL5091842,CO[C@H]1C[C@H]2C(=C[C@@H]1OC(=O)c1cc([N+](=O)[O-])ccc1Cl)[C@H]1CN2Cc2cc3c(cc21)OCO3,100,chembal.csv,0,ZPBAYYLTKSQPGE-UDSSINMLSA-N,484.892,3.829,100.37,0,8,4,6,2
CHEMBL5080499,CO[C@H]1C[C@H]2C(=C[C@@H]1OC(=O)c1ccc(C)cc1)[C@H]1CN2Cc2cc3c(cc21)OCO3,100,chembal.csv,0,AXULBAOLCICQBA-CIEVZJJWSA-N,419.477,3.576,57.23,0,6,3,6,2
CHEMBL5076903,CO[C@H]1C[C@H]2C(=C[C@@H]1OC(=O)c1cccc([N+](=O)[O-])c1)[C@H]1CN2Cc2cc3c(cc21)OCO3,100,chembal.csv,0,KBXPJSHCOSLGKK-MXBUBSDBSA-N,450.447,3.176,100.37,0,8,4,6,2
CHEMBL1221863,CO[C@H]1C=C2[C@H]3CN(Cc4cc5c(cc43)OCO5)[C@H]2C[C@@H]1O,100,chembal.csv,0,MKYLOMHWHWEFCT-AJNGGQMLSA-N,301.342,1.403,51.16,1,5,1,5,1
CHEMBL5086626,CO[C@H]1C=C2[C@H]3CN(Cc4cc5c(cc43)OCO5)[C@H]2C[C@@H]1OC(=O)c1cc([N+](=O)[O-])ccc1Cl,100,chembal.csv,0,WGUYOBFEURAONZ-UDSSINMLSA-N,484.892,3.829,100.37,0,8,4,6,2
CHEMBL5079878,CO[C@H]1C=C2[C@H]3CN(Cc4cc5c(cc43)OCO5)[C@H]2C[C@@H]1OC(=O)c1ccc(C)c([N+](=O)[O-])c1,100,chembal.csv,0,XZSRNHPJAHCDDQ-FVLCUVFVSA-N,464.474,3.484,100.37,0,8,4,6,2
CHEMBL5069654,COc1ccc(C(=O)O[C@H]2C=C3[C@H]4CN(Cc5cc6c(cc54)OCO6)[C@H]3C[C@@H]2OC)cc1OC,100,chembal.csv,0,ZDPZLTNELBAFQI-LSYVANFTSA-N,465.502,3.285,75.69,0,8,5,6,2
CHEMBL5087001,CO[C@H]1C[C@H]2C(=C[C@@H]1OC(=O)c1ccco1)[C@H]1CN2Cc2cc3c(cc21)OCO3,100,chembal.csv,0,QVXANDFAXFZIIT-STHPQGGCSA-N,395.411,2.86,70.37,0,7,3,6,2
CHEMBL5078153,CO[C@H]1C[C@H]2C(=C[C@@H]1OC(=O)c1ccc([N+](=O)[O-])cc1Cl)[C@H]1CN2Cc2cc3c(cc21)OCO3,100,chembal.csv,0,CYOAIMLCWJRREG-UDSSINMLSA-N,484.892,3.829,100.37,0,8,4,6,2
CHEMBL3605424,CN(C)CCC[C@@]1(c2ccc(F)cc2)OCc2cc(-c3nnc(-c4ccccc4F)[nH]3)ccc21,4.52,chembal.csv,0,HTUVXWIELTWJPX-MHZLTWQESA-N,460.528,5.533,54.04,1,4,7,5,4
CHEMBL4527996,CN(C)CCCC1(c2ccc(F)cc2)CCc2cc(-c3nnc(-c4cccc(F)c4)[nH]3)ccc21,4.52,chembal.csv,0,BDLUWEHQMOAJNO-UHFFFAOYSA-N,458.556,5.991,44.81,1,3,7,5,4
CHEMBL4452614,CN(C)CCCC1(c2ccc(F)cc2)CCc2cc(-c3nnc(-c4ccccc4F)[nH]3)ccc21,4.52,chembal.csv,0,JCTVZJHXFGVXNT-UHFFFAOYSA-N,458.556,5.991,44.81,1,3,7,5,4
CHEMBL4532230,CN(C)CCCC1(c2ccc(F)cc2)CCc2cc(-c3nnc(-c4cccc(Cl)c4)[nH]3)ccc21,4.52,chembal.csv,0,JQNCDMLTSUFOOW-UHFFFAOYSA-N,475.011,6.505,44.81,1,3,7,5,4
CHEMBL4461294,COc1cc(-c2nnc(-c3ccc4c(c3)CCC4(CCCN(C)C)c3ccc(F)cc3)[nH]2)ccc1O,4.52,chembal.csv,0,MVRWMTBIMKVGIC-UHFFFAOYSA-N,486.591,5.566,74.27,2,5,8,5,4
CHEMBL4571452,CN(C)CCCC1(c2ccc(F)cc2)CCc2cc(-c3nnc(-c4ccccc4I)[nH]3)ccc21,4.52,chembal.csv,0,UOFVPKOXNBMHER-UHFFFAOYSA-N,566.462,6.457,44.81,1,3,7,5,4
CHEMBL3605426,CN(C)CCC[C@@]1(c2ccc(F)cc2)OCc2cc(-c3nnc(-c4ccc(F)cc4)[nH]3)ccc21,5.31,chembal.csv,0,VKCRGXTUZFSTLE-MHZLTWQESA-N,460.528,5.533,54.04,1,4,7,5,4
CHEMBL4521999,CN(C)CCCC1(c2ccc(F)cc2)CCc2cc(-c3nnc(-c4ccc(F)cc4)[nH]3)ccc21,5.31,chembal.csv,0,LNFBNRPKDTWLAR-UHFFFAOYSA-N,458.556,5.991,44.81,1,3,7,5,4
CHEMBL3605436,COc1cc(-c2nnc(-c3ccc4c(c3)CO[C@@]4(CCCN(C)C)c3ccc(F)cc3)[nH]2)ccc1O,24.1,chembal.csv,0,PFKUUNDNHJXQMN-NDEPHWFRSA-N,488.563,5.108,83.5,2,6,8,5,4
CHEMBL3605430,CN(C)CCC[C@@]1(c2ccc(F)cc2)OCc2cc(-c3nnc(-c4ccccc4I)[nH]3)ccc21,25.91,chembal.csv,0,SENYPCLOOXYAMF-MHZLTWQESA-N,568.434,5.998,54.04,1,4,7,5,4
CHEMBL3605422,CN(C)CCC[C@@]1(c2ccc(F)cc2)OCc2cc(-c3nnc(-c4cccc(Cl)c4)[nH]3)ccc21,26.53,chembal.csv,0,KMRLTTHFIBURNA-MHZLTWQESA-N,476.983,6.047,54.04,1,4,7,5,4
CHEMBL3605425,CN(C)CCC[C@@]1(c2ccc(F)cc2)OCc2cc(-c3nnc(-c4cccc(F)c4)[nH]3)ccc21,44.83,chembal.csv,0,OCFRLVHJBLUDNQ-MHZLTWQESA-N,460.528,5.533,54.04,1,4,7,5,4
CHEMBL3605437,CN(C)CCC[C@@]1(c2ccc(F)cc2)OCc2cc(-c3nnc(-c4ccc(-c5nnn[nH]5)cc4)[nH]3)ccc21,75.89,chembal.csv,0,SXKKUUAHHRQZBD-NDEPHWFRSA-N,510.577,4.574,108.5,2,7,8,6,5
CHEMBL3605428,CN(C)CCC[C@@]1(c2ccc(F)cc2)OCc2cc(-c3nnc(-c4cccc(Br)c4)[nH]3)ccc21,78.02,chembal.csv,0,UCUICAJZDAGNQZ-MHZLTWQESA-N,521.434,6.156,54.04,1,4,7,5,4
CHEMBL3605421,CN(C)CCC[C@@]1(c2ccc(F)cc2)OCc2cc(-c3nnc(-c4ccccc4Cl)[nH]3)ccc21,81.41,chembal.csv,0,OGJSDUPPLUKDNL-MHZLTWQESA-N,476.983,6.047,54.04,1,4,7,5,4
CHEMBL3605419,Cc1cccc(-c2nnc(-c3ccc4c(c3)CO[C@@]4(CCCN(C)C)c3ccc(F)cc3)[nH]2)c1,89.24,chembal.csv,0,KKDCGFKOSZFKQG-NDEPHWFRSA-N,456.565,5.702,54.04,1,4,7,5,4
CHEMBL3605418,Cc1ccccc1-c1nnc(-c2ccc3c(c2)CO[C@@]3(CCCN(C)C)c2ccc(F)cc2)[nH]1,99.74,chembal.csv,0,UODQXXGSEDHXMT-NDEPHWFRSA-N,456.565,5.702,54.04,1,4,7,5,4
CHEMBL3605312,CN(C)CCC[C@@]1(c2ccc(F)cc2)OCc2cc(-c3nnc(-c4ccccc4O)[nH]3)ccc21,101.52,chembal.csv,0,PPTZMIVXXWHPEA-MHZLTWQESA-N,458.537,5.099,74.27,2,5,7,5,4
CHEMBL3605434,COc1cccc(-c2nnc(-c3ccc4c(c3)CO[C@@]4(CCCN(C)C)c3ccc(F)cc3)[nH]2)c1,103.43,chembal.csv,0,UFVMHRDEHMQJNO-NDEPHWFRSA-N,472.564,5.402,63.27,1,5,8,5,4
CHEMBL3605316,CN(C)CCC[C@@]1(c2ccc(F)cc2)OCc2cc(-c3nnc(-c4cccc([N+](=O)[O-])c4)[nH]3)ccc21,105.23,chembal.csv,0,HIWMKBMVKLQMNL-MHZLTWQESA-N,487.535,5.302,97.18,1,6,8,5,4
CHEMBL3605317,CN(C)CCC[C@@]1(c2ccc(F)cc2)OCc2cc(-c3nnc(-c4ccc([N+](=O)[O-])cc4)[nH]3)ccc21,106.41,chembal.csv,0,GDRRVUZYFAHWQG-MHZLTWQESA-N,487.535,5.302,97.18,1,6,8,5,4
CHEMBL3605309,CN(C)CCC[C@@]1(c2ccc(F)cc2)OCc2cc(-c3nnc(-c4ccccc4N)[nH]3)ccc21,110.53,chembal.csv,0,WOSVKWCEOFXZPF-MHZLTWQESA-N,457.553,4.976,80.06,2,5,7,5,4
CHEMBL3605313,CN(C)CCC[C@@]1(c2ccc(F)cc2)OCc2cc(-c3nnc(-c4cccc(O)c4)[nH]3)ccc21,118.54,chembal.csv,0,IVOCCHAYEGRQHE-MHZLTWQESA-N,458.537,5.099,74.27,2,5,7,5,4
CHEMBL3605311,CN(C)CCC[C@@]1(c2ccc(F)cc2)OCc2cc(-c3nnc(-c4ccc(N)cc4)[nH]3)ccc21,119.21,chembal.csv,0,RNUKESVXGUDKEO-MHZLTWQESA-N,457.553,4.976,80.06,2,5,7,5,4
CHEMBL3605308,CN(C)CCC[C@@]1(c2ccc(F)cc2)OCc2cc(-c3nnc(-c4ccccc4)[nH]3)ccc21,128.74,chembal.csv,0,YROZWZOKDHSLRF-MHZLTWQESA-N,442.538,5.393,54.04,1,4,7,5,4
CHEMBL3605314,CN(C)CCC[C@@]1(c2ccc(F)cc2)OCc2cc(-c3nnc(-c4ccc(O)cc4)[nH]3)ccc21,140.22,chembal.csv,0,VTGYUSXKPMKUPB-MHZLTWQESA-N,458.537,5.099,74.27,2,5,7,5,4
CHEMBL3605427,CN(C)CCC[C@@]1(c2ccc(F)cc2)OCc2cc(-c3nnc(-c4ccccc4Br)[nH]3)ccc21,140.93,chembal.csv,0,WQLLQLZJVJCZOZ-MHZLTWQESA-N,521.434,6.156,54.04,1,4,7,5,4
CHEMBL3605423,CN(C)CCC[C@@]1(c2ccc(F)cc2)OCc2cc(-c3nnc(-c4ccc(Cl)cc4)[nH]3)ccc21,151.35,chembal.csv,0,AFYLKUNLQWZPOJ-MHZLTWQESA-N,476.983,6.047,54.04,1,4,7,5,4
CHEMBL3605420,Cc1ccc(-c2nnc(-c3ccc4c(c3)CO[C@@]4(CCCN(C)C)c3ccc(F)cc3)[nH]2)cc1,151.87,chembal.csv,0,MCMVUQKWPGLGFC-NDEPHWFRSA-N,456.565,5.702,54.04,1,4,7,5,4
CHEMBL3605432,CN(C)CCC[C@@]1(c2ccc(F)cc2)OCc2cc(-c3nnc(-c4ccc(I)cc4)[nH]3)ccc21,160.95,chembal.csv,0,FJZSGHHWJPMQFZ-MHZLTWQESA-N,568.434,5.998,54.04,1,4,7,5,4
CHEMBL3605435,COc1ccc(-c2nnc(-c3ccc4c(c3)CO[C@@]4(CCCN(C)C)c3ccc(F)cc3)[nH]2)cc1,167.82,chembal.csv,0,QEOXCPHAOJCMSD-NDEPHWFRSA-N,472.564,5.402,63.27,1,5,8,5,4
CHEMBL3605431,CN(C)CCC[C@@]1(c2ccc(F)cc2)OCc2cc(-c3nnc(-c4cccc(I)c4)[nH]3)ccc21,187.54,chembal.csv,0,GKGFLGJKGVWZGC-MHZLTWQESA-N,568.434,5.998,54.04,1,4,7,5,4
CHEMBL3605310,CN(C)CCC[C@@]1(c2ccc(F)cc2)OCc2cc(-c3nnc(-c4cccc(N)c4)[nH]3)ccc21,187.54,chembal.csv,0,ZKRFQLDCABQAKG-MHZLTWQESA-N,457.553,4.976,80.06,2,5,7,5,4
CHEMBL3605315,CN(C)CCC[C@@]1(c2ccc(F)cc2)OCc2cc(-c3nnc(-c4ccccc4[N+](=O)[O-])[nH]3)ccc21,296.53,chembal.csv,0,TUGGBJUJIAYJLI-MHZLTWQESA-N,487.535,5.302,97.18,1,6,8,5,4
CHEMBL3605429,CN(C)CCC[C@@]1(c2ccc(F)cc2)OCc2cc(-c3nnc(-c4ccc(Br)cc4)[nH]3)ccc21,491.73,chembal.csv,0,BXSRSTILCNULAT-MHZLTWQESA-N,521.434,6.156,54.04,1,4,7,5,4
CHEMBL4466944,COc1cc(NCc2ccc(Oc3c(N)cccc3Cl)cc2)cc(OC)c1,6.42,chembal.csv,0,RHGMPEQTBDUBAP-UHFFFAOYSA-N,384.863,5.344,65.74,2,5,7,3,3
CHEMBL4568241,COc1cccc(NCc2ccc(Oc3c(N)cccc3Cl)cc2)c1,8.25,chembal.csv,0,XQQWLYKHCORLFB-UHFFFAOYSA-N,354.837,5.335,56.51,2,4,6,3,3
CHEMBL4444497,COc1cc(NCc2ccc(Oc3c(N)cccc3Cl)cc2)cc(OC)c1OC,8.41,chembal.csv,0,MBXWWOQMVCKTJD-UHFFFAOYSA-N,414.889,5.352,74.97,2,6,8,3,3
CHEMBL4515376,Nc1cccc(Cl)c1Oc1ccc(CNc2ccc(O)cc2)cc1,9.36,chembal.csv,0,DSYOYHCOKSRCCB-UHFFFAOYSA-N,340.81,5.032,67.51,3,4,5,3,3
CHEMBL4556097,Nc1cccc(Cl)c1Oc1ccc(CNc2cccc(O)c2)cc1,9.45,chembal.csv,0,QWWFKMFYKDRACG-UHFFFAOYSA-N,340.81,5.032,67.51,3,4,5,3,3
CHEMBL4453331,COc1ccc(NCc2ccc(Oc3c(N)cccc3Cl)cc2)cc1,9.97,chembal.csv,0,RPGKZHKRCUTZJJ-UHFFFAOYSA-N,354.837,5.335,56.51,2,4,6,3,3
CHEMBL4448745,Nc1cccc(Cl)c1Oc1ccc(CNc2cccc(Br)c2)cc1,10,chembal.csv,0,WITBWJZMDDASJV-UHFFFAOYSA-N,403.707,6.089,47.28,2,3,5,3,3
CHEMBL4518298,Nc1cccc(Cl)c1Oc1ccc(CNc2ccc(Br)cc2)cc1,10,chembal.csv,0,PIKDMEISNZLIII-UHFFFAOYSA-N,403.707,6.089,47.28,2,3,5,3,3
CHEMBL4515603,Nc1cccc(Cl)c1Oc1ccc(CNc2cc(Cl)cc(Cl)c2)cc1,10,chembal.csv,0,HJUQVDXAHGERHX-UHFFFAOYSA-N,393.701,6.633,47.28,2,3,5,3,3
CHEMBL4447438,Nc1cccc(Cl)c1Oc1ccc(CNc2ccc(Cl)cc2)cc1,10,chembal.csv,0,CSBUGJYMOMQGFR-UHFFFAOYSA-N,359.256,5.98,47.28,2,3,5,3,3
CHEMBL4461560,Nc1cccc(Cl)c1Oc1ccc(CNc2cc(Br)cc(Br)c2)cc1,10,chembal.csv,0,KCBXJCUJFYYVFI-UHFFFAOYSA-N,482.603,6.852,47.28,2,3,5,3,3
CHEMBL4528790,Nc1cccc(Cl)c1Oc1ccc(CNc2cccc(Cl)c2)cc1,10,chembal.csv,0,WNKMKPQNJAKEGI-UHFFFAOYSA-N,359.256,5.98,47.28,2,3,5,3,3
CHEMBL4517373,Nc1cccc(Cl)c1Oc1ccc(CNc2ccccc2)cc1,10,chembal.csv,0,QVDXMPUCBFHBLV-UHFFFAOYSA-N,324.811,5.327,47.28,2,3,5,3,3
CHEMBL4062146,Cc1cc2nc3c(nc2cc1C)C1(C(C#N)=C(N)N2CCNC2=C1[N+](=O)[O-])c1ccccc1-3,7.3,chembal.csv,0,DWSSZRKFQKPFIB-UHFFFAOYSA-N,437.463,2.572,134,2,8,1,6,3
CHEMBL4099598,N#CC1=C(N)N2CCNC2=C([N+](=O)[O-])C12c1ccccc1-c1nc3ccccc3nc12,8.4,chembal.csv,0,ZRPZUGGLHWKONF-UHFFFAOYSA-N,409.409,1.955,134,2,8,1,6,3
CHEMBL4074566,N#CC1=C(N)N(Cc2ccccc2)C(NCc2ccccc2)=C([N+](=O)[O-])C12c1ccccc1-c1nc3ccccc3nc12,8.6,chembal.csv,0,HNDAZVJZHUACSG-UHFFFAOYSA-N,563.621,5.342,134,2,8,6,7,5
CHEMBL4100338,Cc1cc2nc3c(nc2cc1C)C1(C(C#N)=C(N)N2CC(C)(C)CNC2=C1[N+](=O)[O-])c1ccccc1-3,8.8,chembal.csv,0,XGHROOZLNALGLN-UHFFFAOYSA-N,479.544,3.598,134,2,8,1,6,3
CHEMBL4095032,Cc1cc2nc3c(nc2cc1C)C1(C(C#N)=C(N)N(Cc2ccccc2)C(NCc2ccccc2)=C1[N+](=O)[O-])c1ccccc1-3,8.9,chembal.csv,0,CGXIOTWPJFYRNX-UHFFFAOYSA-N,591.675,5.958,134,2,8,6,7,5
CHEMBL3763203,N#CC1=C(N)N2CCCNC2=C([N+](=O)[O-])C12C(=O)Nc1ccccc12,8.93,chembal.csv,0,ZWYWKYOHGMFLIL-UHFFFAOYSA-N,338.327,0.325,137.32,3,7,1,4,1
CHEMBL4060800,N#CC1=C(N)N(Cc2ccccc2)C(NCc2ccccc2)=C([N+](=O)[O-])C12c1ccccc1-c1nc3ccc([N+](=O)[O-])cc3nc12,9.1,chembal.csv,0,VTUGXCZRGXSART-UHFFFAOYSA-N,608.618,5.25,177.14,2,10,7,7,5
CHEMBL5416710,Cc1ccccc1NC1=C([N+](=O)[O-])C2(NN1)C(=O)Nc1ccc(Cl)cc12,9.13,chembal.csv,0,RQYVARKFKXYBJJ-UHFFFAOYSA-N,371.784,2.462,108.33,4,6,3,4,2
CHEMBL4091651,Cc1cc2nc3c(nc2cc1C)C1(C(C#N)=C(N)N2CCCNC2=C1[N+](=O)[O-])c1ccccc1-3,9.5,chembal.csv,0,VYYOWKBDUQMHCO-UHFFFAOYSA-N,451.49,2.962,134,2,8,1,6,3
CHEMBL4083875,N#CC1=C(N)N2CCNC2=C([N+](=O)[O-])C12c1ccccc1-c1nc3ccc([N+](=O)[O-])cc3nc12,9.6,chembal.csv,0,BQVIUUDOHMPIGH-UHFFFAOYSA-N,454.406,1.863,177.14,2,10,2,6,3
CHEMBL4092602,N#CC1=C(N)N2CCCNC2=C([N+](=O)[O-])C12c1ccccc1-c1nc3ccc([N+](=O)[O-])cc3nc12,9.7,chembal.csv,0,XSTOAKTXDFOBKX-UHFFFAOYSA-N,468.433,2.253,177.14,2,10,2,6,3
CHEMBL4064904,CC1(C)CNC2=C([N+](=O)[O-])C3(C(C#N)=C(N)N2C1)c1ccccc1-c1nc2ccccc2nc13,9.8,chembal.csv,0,VUIISSUPVZMMGI-UHFFFAOYSA-N,451.49,2.981,134,2,8,1,6,3
CHEMBL4073501,CC1(C)CNC2=C([N+](=O)[O-])C3(C(C#N)=C(N)N2C1)c1ccccc1-c1nc2ccc([N+](=O)[O-])cc2nc13,10.1,chembal.csv,0,MAFAISNXFRSCJB-UHFFFAOYSA-N,496.487,2.889,177.14,2,10,2,6,3
CHEMBL4070769,N#CC1=C(N)N2CCCNC2=C([N+](=O)[O-])C12c1ccccc1-c1nc3ccccc3nc12,10.2,chembal.csv,0,IBJQDSCPPKPDCZ-UHFFFAOYSA-N,423.436,2.345,134,2,8,1,6,3
CHEMBL3763778,CC1(C)CNC2=C([N+](=O)[O-])C3(C(=O)Nc4ccccc43)C(C#N)=C(N)N2C1,10.42,chembal.csv,0,JSFGIPDLRQSECN-UHFFFAOYSA-N,366.381,0.961,137.32,3,7,1,4,1
CHEMBL3763820,CC1(C)CNC2=C([N+](=O)[O-])C3(C(=O)Nc4ccc([N+](=O)[O-])cc43)C(C#N)=C(N)N2C1,11.87,chembal.csv,0,IRGOUNOQCFYPKQ-UHFFFAOYSA-N,411.378,0.869,180.46,3,9,2,4,1
CHEMBL3764100,Cc1ccc2c(c1)C1(C(=O)N2)C(C#N)=C(N)N2CCCNC2=C1[N+](=O)[O-],12.34,chembal.csv,0,HFMWEPXRFXLNCU-UHFFFAOYSA-N,352.354,0.633,137.32,3,7,1,4,1
CHEMBL3765697,N#CC1=C(N)N2CCCNC2=C([N+](=O)[O-])C12C(=O)Nc1ccc([N+](=O)[O-])cc12,12.44,chembal.csv,0,GINLDVRWRYODAL-UHFFFAOYSA-N,383.324,0.233,180.46,3,9,2,4,1
CHEMBL3765162,N#CC1=C(N)N2CCNC2=C([N+](=O)[O-])C12C(=O)Nc1ccccc12,13.46,chembal.csv,0,QZCSMOSTPUEJNZ-UHFFFAOYSA-N,324.3,-0.065,137.32,3,7,1,4,1
CHEMBL3763482,Cc1ccc2c(c1)C1(C(=O)N2)C(C#N)=C(N)N(Cc2ccccc2)C(NCc2ccccc2)=C1[N+](=O)[O-],13.49,chembal.csv,0,MEWMDKQOKDBFDU-UHFFFAOYSA-N,492.539,3.63,137.32,3,7,6,5,3
CHEMBL3765569,N#CC1=C(N)N2CCNC2=C([N+](=O)[O-])C12C(=O)Nc1ccc([N+](=O)[O-])cc12,14.07,chembal.csv,0,FUKKZBFSDYCCEM-UHFFFAOYSA-N,369.297,-0.157,180.46,3,9,2,4,1
CHEMBL3765093,Cc1ccc2c(c1)C1(C(=O)N2)C(C#N)=C(N)N2CC(C)(C)CNC2=C1[N+](=O)[O-],14.66,chembal.csv,0,DJOQLHNWCQJWEC-UHFFFAOYSA-N,380.408,1.27,137.32,3,7,1,4,1
CHEMBL3764376,N#CC1=C(N)N2CCCNC2=C([N+](=O)[O-])C12C(=O)Nc1ccc(F)cc12,14.71,chembal.csv,0,WZWFOPHCKXYHRB-UHFFFAOYSA-N,356.317,0.464,137.32,3,7,1,4,1
CHEMBL3765476,N#CC1=C(N)N(Cc2ccccc2)C(NCc2ccccc2)=C([N+](=O)[O-])C12C(=O)Nc1ccc([N+](=O)[O-])cc12,14.95,chembal.csv,0,SNTKDGFVGSABKO-UHFFFAOYSA-N,523.509,3.23,180.46,3,9,7,5,3
CHEMBL3763973,N#CC1=C(N)N(Cc2ccccc2)C(NCc2ccccc2)=C([N+](=O)[O-])C12C(=O)Nc1ccc(F)cc12,15.09,chembal.csv,0,SVQKKFWLVKQSLW-UHFFFAOYSA-N,496.502,3.461,137.32,3,7,6,5,3
CHEMBL3765496,N#CC1=C(N)N(Cc2ccccc2)C(NCc2ccccc2)=C([N+](=O)[O-])C12C(=O)Nc1ccccc12,15.28,chembal.csv,0,COVMUJMQUZUNFY-UHFFFAOYSA-N,478.512,3.322,137.32,3,7,6,5,3
CHEMBL3763232,CC1(C)CNC2=C([N+](=O)[O-])C3(C(=O)Nc4ccc(F)cc43)C(C#N)=C(N)N2C1,15.92,chembal.csv,0,OZQJWYBNHZBRBX-UHFFFAOYSA-N,384.371,1.1,137.32,3,7,1,4,1
CHEMBL3764679,Cc1ccc2c(c1)C1(C(=O)N2)C(C#N)=C(N)N2CCNC2=C1[N+](=O)[O-],16.25,chembal.csv,0,DFSIBEALBHGSCF-UHFFFAOYSA-N,338.327,0.243,137.32,3,7,1,4,1
CHEMBL3763609,N#CC1=C(N)N2CCNC2=C([N+](=O)[O-])C12C(=O)Nc1ccc(F)cc12,16.84,chembal.csv,0,MGUINACFKDKBAG-UHFFFAOYSA-N,342.29,0.074,137.32,3,7,1,4,1
CHEMBL5439093,Cc1ccccc1NC1=C([N+](=O)[O-])C2(NN1)C(=O)Nc1ccccc12,19.95,chembal.csv,0,RZNDADGSRBLEPZ-UHFFFAOYSA-N,337.339,1.808,108.33,4,6,3,4,2
CHEMBL3764433,N#CC1=C(N)N2CCNC2=C([N+](=O)[O-])C12C(=O)c1cccc3cccc2c13,23.77,chembal.csv,0,PVKXLBKYESHPJV-UHFFFAOYSA-N,359.345,1.332,125.29,2,7,1,5,2
CHEMBL3763832,CC1(C)CNC2=C([N+](=O)[O-])C3(C(=O)c4ccc(Br)c5c(Br)ccc3c45)C(C#N)=C(N)N2C1,23.79,chembal.csv,0,ZLLIOYYADYZYFM-UHFFFAOYSA-N,559.218,3.884,125.29,2,7,1,5,2
CHEMBL3763417,N#CC1=C(N)N(Cc2ccccc2)C(NCc2ccccc2)=C([N+](=O)[O-])C12C(=O)c1cccc3cccc2c13,23.81,chembal.csv,0,JWBKBWHGJDRYAQ-UHFFFAOYSA-N,513.557,4.719,125.29,2,7,6,6,4
CHEMBL3764488,N#CC1=C(N)N2CCCNC2=C([N+](=O)[O-])C12C(=O)c1ccc(Br)c3c(Br)ccc2c13,24.67,chembal.csv,0,VGPBJNURLOIXIG-UHFFFAOYSA-N,531.164,3.247,125.29,2,7,1,5,2
CHEMBL5399673,Cc1ccc(NC2=C([N+](=O)[O-])C3(NN2)C(=O)Nc2ccccc23)cc1,25.08,chembal.csv,0,LSOIXUKWVRGQPI-UHFFFAOYSA-N,337.339,1.808,108.33,4,6,3,4,2
CHEMBL3764714,CC1(C)CNC2=C([N+](=O)[O-])C3(C(=O)c4cccc5cccc3c45)C(C#N)=C(N)N2C1,25.42,chembal.csv,0,VMNAQCLDUQQPOY-UHFFFAOYSA-N,401.426,2.359,125.29,2,7,1,5,2
CHEMBL3764065,N#CC1=C(N)N2CCNC2=C([N+](=O)[O-])C12C(=O)c1ccc(Br)c3c(Br)ccc2c13,26.04,chembal.csv,0,AFZXKZSXWLRMLE-UHFFFAOYSA-N,517.137,2.857,125.29,2,7,1,5,2
CHEMBL3764900,N#CC1=C(N)N2CCCNC2=C([N+](=O)[O-])C12C(=O)c1cccc3cccc2c13,26.13,chembal.csv,0,DBPONSACNGZLMB-UHFFFAOYSA-N,373.372,1.722,125.29,2,7,1,5,2
CHEMBL3765098,N#CC1=C(N)N(Cc2ccccc2)C(NCc2ccccc2)=C([N+](=O)[O-])C12C(=O)c1ccc(Br)c3c(Br)ccc2c13,26.6,chembal.csv,0,YFAGHBJUUNOWSW-UHFFFAOYSA-N,671.349,6.244,125.29,2,7,6,6,4
CHEMBL5427320,COc1ccc(NC2=C([N+](=O)[O-])C3(NN2)C(=O)Nc2ccccc23)cc1,34.67,chembal.csv,0,SBIJNJYRUWTSOK-UHFFFAOYSA-N,353.338,1.508,117.56,4,7,4,4,2
CHEMBL5416357,COc1ccc2c(c1)C1(NNC(Nc3ccc(C)c(C)c3)=C1[N+](=O)[O-])C(=O)N2,47.3,chembal.csv,0,PUBOPKMWVVAIGJ-UHFFFAOYSA-N,381.392,2.125,117.56,4,7,4,4,2
CHEMBL5409058,O=C(/C=C/c1cccs1)N1CCc2ccccc2C1,2.5,chembal.csv,0,WBFDFHKJSMLLEN-BQYQJAHWSA-N,269.369,3.346,20.31,0,2,2,3,2
CHEMBL452582,CC(C)=CCN1c2ccccc2C2(CC=C(C)C)CCN(C)C12,2.59,chembal.csv,0,NUWYFFDZPIGJJO-UHFFFAOYSA-N,310.485,4.729,6.48,0,2,4,3,1
CHEMBL1186527,OC1CCN2Cc3ccccc3N=C12,2.6,chembal.csv,0,YIICVSCAKJMMDJ-UHFFFAOYSA-N,188.23,1.297,35.83,1,3,0,3,1
CHEMBL441868,Cc1c2c(cc[n+]1C)c1cc(O)ccc1n2C,2.68534,chembal.csv,0,CHMZSXAIQRLCLX-UHFFFAOYSA-O,227.287,2.17,29.04,1,2,0,3,3
CHEMBL5289632,CCN1CCc2c(c3ccccc3n2CC(O)Cn2c3c(c4ccccc42)CCCC3)C1,2.77,chembal.csv,0,QAGQUOAULUDQNN-UHFFFAOYSA-N,427.592,4.914,33.33,1,4,5,6,4
CHEMBL1831286,CCC(c1ccc(O)c(OC)c1)c1cccc(O)c1O,2.82,chembal.csv,0,SHJXYTKJNPPAHC-UHFFFAOYSA-N,274.316,3.354,69.92,3,4,4,2,2
CHEMBL4293626,C[C@H]1COc2c1c(=O)oc(=O)c1c3c(ccc21)C(C)(C)CCC3,2.844,chembal.csv,0,ROYYPPPACDMYJY-JTQLQIEISA-N,312.365,3.263,56.51,0,4,0,4,2
CHEMBL4754304,O=[N+]([O-])c1ccc(-c2nnc(N3CCN(c4ccccn4)CC3)o2)cc1,2.86,chembal.csv,0,CFFQCZLSZQGOOU-UHFFFAOYSA-N,352.354,2.366,101.43,0,8,4,4,3
CHEMBL43065,Oc1cc(O)cc(/C=C/c2ccc(O)cc2O)c1,2.95,chembal.csv,0,PDHAOJSHSJQANO-OWOJBTEDSA-N,244.246,2.679,80.92,4,4,2,2,2
CHEMBL3393674,C=CC[C@@H]1[C@H](O)[C@@H](OCc2ccccc2)[C@H](O)CN1CCCCCCCC,3,chembal.csv,0,JNFXERRAGVUJCV-LUKWVAJMSA-N,375.553,3.914,52.93,2,4,12,2,1
CHEMBL3769834,c1ccc2c(c1)Nc1ccccc1[Se]2,3,chembal.csv,0,ILFYOWGJBKEMSK-UHFFFAOYSA-N,246.171,1.399,12.03,1,1,0,3,2
CHEMBL2111586,Cc1cccc2c1O[P@@](=O)(OC[C@H]1O[C@@H](n3cc(F)c(=O)[nH]c3=O)C[C@@H]1O)OC2,0,chembal.csv,1,DBYXXPDVBXGZQA-RJZJTGBASA-N,428.309,1.366,129.08,2,9,4,4,2
CHEMBL2165109,Cc1cccc2c1O[P@](=O)(OC[C@@H]1C=C[C@H](n3cc(C)c(=O)[nH]c3=O)O1)OC2,0.24,chembal.csv,1,OVLSREDRLCJLHH-ZKDVCIDWSA-N,406.331,2.341,108.85,1,8,4,4,2
CHEMBL216159,COc1cc(C(=O)NCCCCCCCC(=O)NNc2c3c(nc4ccccc24)CCCC3)cc(OC)c1OC,0.0002929999999999,chembal.csv,1,PRXVIQMGMOKJKT-UHFFFAOYSA-N,548.684,5.353,110.81,3,7,14,4,3
CHEMBL219569,COc1cc(C(=O)NCCCCCCC(=O)NNc2c3c(nc4ccccc24)CCCC3)cc(OC)c1OC,0.000523,chembal.csv,1,DSRWIKGFKWYMAF-UHFFFAOYSA-N,534.657,4.963,110.81,3,7,13,4,3
CHEMBL484306,COc1cc2c(cc1OC)C(=O)C(CNCCCCCCCNc1c3c(nc4ccccc14)CCCC3)C2,0.0006,chembal.csv,1,LSAKEKKNQBBHNE-UHFFFAOYSA-N,515.698,6.138,72.48,2,6,13,5,3
CHEMBL434378,COc1cc(C(=O)NCCCCCC(=O)NNc2c3c(nc4ccccc24)CCCC3)cc(OC)c1OC,0.000969,chembal.csv,1,JYTGRKGSBZXXDK-UHFFFAOYSA-N,520.63,4.573,110.81,3,7,12,4,3
CHEMBL3410953,Cc1c(C)c2c(c(C)c1O)CCC(C)(C(=O)NCCCCCNc1c3c(nc4ccccc14)CCCC3)O2,0.0101999999999999,chembal.csv,1,IDTWGEUFPVJYSJ-UHFFFAOYSA-N,515.698,6.227,83.48,3,5,8,5,3
CHEMBL2335975,O=[N+]([O-])c1ccc(-c2nc(-c3ccccc3)c(-c3ccccc3)n2CCCCCCNc2c3c(nc4ccccc24)CCCC3)cc1,0.01244,chembal.csv,1,HZOHAGHJLBCXBV-UHFFFAOYSA-N,621.785,9.892,85.88,1,6,12,7,6
CHEMBL1819173,c1ccc2c(NCCCCCCCCCCN3CCOCC3)c3c(nc2c1)CCCC3,0.0147,chembal.csv,1,YEDTVNQWFBUMMP-UHFFFAOYSA-N,423.645,5.979,37.39,1,4,12,4,2
CHEMBL3410955,Cc1c(C)c2c(c(C)c1O)CCC(C)(C(=O)NCCCCCCCNc1c3c(nc4ccccc14)CCCC3)O2,0.0192,chembal.csv,1,GYANWDNIKGBQDN-UHFFFAOYSA-N,543.752,7.007,83.48,3,5,10,5,3
CHEMBL3410954,Cc1c(C)c2c(c(C)c1O)CCC(C)(C(=O)NCCCCCCNc1c3c(nc4ccccc14)CCCC3)O2,0.0205,chembal.csv,1,ATFSKIZVJOMGAR-UHFFFAOYSA-N,529.725,6.617,83.48,3,5,9,5,3
CHEMBL75985,c1cnc2nc3c(c(NCCCCCCCCNc4c5c(nc6ncccc46)CCCC5)c2c1)CCCC3,0.023,chembal.csv,1,WHXABAAQSUQJBY-UHFFFAOYSA-N,508.714,7.195,75.62,2,6,11,6,4
CHEMBL2335970,Clc1ccc(-c2nc(-c3ccccc3)c(-c3ccccc3)n2CCCCCCNc2c3c(nc4ccccc24)CCCC3)cc1,0.02928,chembal.csv,1,ZBOYECSUZSRATG-UHFFFAOYSA-N,611.233,10.637,42.74,1,4,11,7,6
CHEMBL3410956,Cc1c(C)c2c(c(C)c1O)CCC(C)(C(=O)NCCCCCCCCNc1c3c(nc4ccccc14)CCCC3)O2,0.0347,chembal.csv,1,HELQVBTZKVKAPS-UHFFFAOYSA-N,557.779,7.397,83.48,3,5,11,5,3
CHEMBL2336432,Clc1ccc(-c2nc(-c3ccccc3)c(-c3ccccc3)n2CCCCCCCNc2c3c(nc4ccccc24)CCCC3)cc1,0.03757,chembal.csv,1,CTKVSMROPKAEKU-UHFFFAOYSA-N,625.26,11.027,42.74,1,4,12,7,6
CHEMBL1819172,c1ccc2c(NCCCCCCCCCN3CCOCC3)c3c(nc2c1)CCCC3,0.0381,chembal.csv,1,PWPZNYJSIAPFAS-UHFFFAOYSA-N,409.618,5.588,37.39,1,4,11,4,2
CHEMBL1618106,CCCCCCCNc1c2c(nc3ccc(OC)cc13)CCCC2,0.04,chembal.csv,1,XRCKCYUZWSKFGD-UHFFFAOYSA-N,326.484,5.505,34.15,1,3,8,3,2
CHEMBL1819171,c1ccc2c(NCCCCCCCCN3CCOCC3)c3c(nc2c1)CCCC3,0.0428,chembal.csv,1,RMOFGAOSNXMCIZ-UHFFFAOYSA-N,395.591,5.198,37.39,1,4,10,4,2
CHEMBL74940,Fc1ccc2c(NCCCCCCNc3c4c(nc5cc(F)ccc35)CCCC4)c3c(nc2c1)CCCC3,0.045,chembal.csv,1,RNCHLHHWJBXPLK-UHFFFAOYSA-N,514.664,7.903,49.84,2,4,9,6,4
CHEMBL2335969,c1ccc(-c2nc(-c3ccccc3)n(CCCCCCNc3c4c(nc5ccccc35)CCCC4)c2-c2ccccc2)cc1,0.058,chembal.csv,1,AUYOBRGGEYPRJO-UHFFFAOYSA-N,576.788,9.984,42.74,1,4,11,7,6
CHEMBL76173,c1cnc2nc3c(c(NCCCCCCCNc4c5c(nc6ncccc46)CCCC5)c2c1)CCCC3,0.059,chembal.csv,1,CFMNRJWKHXEFOQ-UHFFFAOYSA-N,494.687,6.805,75.62,2,6,10,6,4
CHEMBL2335968,O=[N+]([O-])c1ccc(-c2nc(-c3ccccc3)c(-c3ccccc3)n2CCCCCCCNc2c3c(nc4ccccc24)CCCC3)cc1,0.07689,chembal.csv,1,SUVANQLPUCYOBU-UHFFFAOYSA-N,635.812,10.282,85.88,1,6,13,7,6
CHEMBL219550,COc1cc(C(=O)NCCCCC(=O)NNc2c3c(nc4ccccc24)CCCC3)cc(OC)c1OC,0.00168,chembal.csv,1,PJWMHJCVVYVTMN-UHFFFAOYSA-N,506.603,4.183,110.81,3,7,11,4,3
CHEMBL4476026,O=C(Cc1cc(=O)oc2cc(O)ccc12)NCCCCCCCNc1c2c(nc3ccccc13)CCCC2,0.063,chembal.csv,1,DAQNBCYDFLMHTD-UHFFFAOYSA-N,513.638,5.647,104.46,3,6,11,5,4
CHEMBL3410952,Cc1c(C)c2c(c(C)c1O)CCC(C)(C(=O)NCCCCNc1c3c(nc4ccccc14)CCCC3)O2,0.0052,chembal.csv,1,AGELYORQPXWSGA-UHFFFAOYSA-N,501.671,5.837,83.48,3,5,7,5,3
CHEMBL3632987,Cc1c(C)c2c(c(C)c1O)CCC(C)(C(=O)NCCCNc1c3c(nc4ccccc14)CCCC3)O2,0.08,chembal.csv,1,CYPPDOFLICANMU-UHFFFAOYSA-N,487.644,5.447,83.48,3,5,6,5,3
CHEMBL32823,c1ccc2c(NCCCCCCCNc3c4c(nc5ccccc35)CCCC4)c3c(nc2c1)CCCC3,0.00566,chembal.csv,1,ITZOKHKOFJOBFS-UHFFFAOYSA-N,492.711,8.015,49.84,2,4,10,6,4
CHEMBL75274,c1ccc2c(NCCCCCCCCNc3c4c(nc5ccccc35)CCCC4)c3c(nc2c1)CCCC3,0.053,chembal.csv,1,ZIDVXYDWJIVBSC-UHFFFAOYSA-N,506.738,8.405,49.84,2,4,11,6,4
CHEMBL73800,c1ccc2c(NCCCCCCNc3c4c(nc5ccccc35)CCCC4)c3c(nc2c1)CCCC3,0.083,chembal.csv,1,IYNUCVAQGDCTFO-UHFFFAOYSA-N,478.684,7.625,49.84,2,4,9,6,4
